[  0%] Built target OpenSwathAlgo_autogen_timestamp_deps
[  0%] Built target sqlite3
[  0%] Built target eol-bspline
[  0%] Built target IsoSpec
[  0%] Built target OpenSwathAlgo_autogen
[  0%] Built target opentims_cpp
[  1%] Built target SQLiteCpp
[  3%] Built target yaml-cpp
[  4%] Built target OpenSwathAlgo
[  4%] Built target OpenMS_autogen_timestamp_deps
[  4%] Automatic MOC for target OpenMS
[  4%] Built target OpenMS_autogen
[  4%] Building CXX object src/openms/CMakeFiles/OpenMS.dir/source/ANALYSIS/DECHARGING/FeatureDeconvolution.cpp.o
[  4%] Building CXX object src/openms/CMakeFiles/OpenMS.dir/source/ANALYSIS/DECHARGING/ILPDCWrapper.cpp.o
[  4%] Building CXX object src/openms/CMakeFiles/OpenMS.dir/source/ANALYSIS/DECHARGING/MetaboliteFeatureDeconvolution.cpp.o
[  4%] Building CXX object src/openms/CMakeFiles/OpenMS.dir/source/ANALYSIS/ID/AccurateMassSearchEngine.cpp.o
[  4%] Building CXX object src/openms/CMakeFiles/OpenMS.dir/source/ANALYSIS/ID/BasicProteinInferenceAlgorithm.cpp.o
[  4%] Building CXX object src/openms/CMakeFiles/OpenMS.dir/source/ANALYSIS/ID/BayesianProteinInferenceAlgorithm.cpp.o
[  4%] Building CXX object src/openms/CMakeFiles/OpenMS.dir/source/ANALYSIS/ID/ConsensusIDAlgorithm.cpp.o
[  4%] Building CXX object src/openms/CMakeFiles/OpenMS.dir/source/ANALYSIS/ID/ConsensusMapMergerAlgorithm.cpp.o
[  4%] Building CXX object src/openms/CMakeFiles/OpenMS.dir/source/ANALYSIS/ID/FIAMSDataProcessor.cpp.o
[  4%] Building CXX object src/openms/CMakeFiles/OpenMS.dir/source/ANALYSIS/ID/FIAMSScheduler.cpp.o
[  4%] Building CXX object src/openms/CMakeFiles/OpenMS.dir/source/ANALYSIS/ID/FalseDiscoveryRate.cpp.o
[  4%] Building CXX object src/openms/CMakeFiles/OpenMS.dir/source/ANALYSIS/ID/FragmentIndex.cpp.o
[  4%] Building CXX object src/openms/CMakeFiles/OpenMS.dir/source/ANALYSIS/ID/IDBoostGraph.cpp.o
In file included from /contrib-build/include/boost/none_t.hpp:17,
                 from /contrib-build/include/boost/none.hpp:17,
                 from /contrib-build/include/boost/optional/optional.hpp:53,
                 from /contrib-build/include/boost/optional.hpp:15,
                 from /contrib-build/include/boost/spirit/home/support/container.hpp:20,
                 from /contrib-build/include/boost/spirit/home/support/string_traits.hpp:16,
                 from /contrib-build/include/boost/spirit/home/support/nonterminal/expand_arg.hpp:20,
                 from /contrib-build/include/boost/spirit/home/support/context.hpp:17,
                 from /contrib-build/include/boost/spirit/home/qi/domain.hpp:18,
                 from /contrib-build/include/boost/spirit/home/qi/meta_compiler.hpp:15,
                 from /contrib-build/include/boost/spirit/home/qi/action/action.hpp:14,
                 from /contrib-build/include/boost/spirit/home/qi/action.hpp:14,
                 from /contrib-build/include/boost/spirit/home/qi.hpp:14,
                 from /contrib-build/include/boost/spirit/include/qi.hpp:16,
                 from /workspaces/OpenMS/src/openms/include/OpenMS/DATASTRUCTURES/StringUtils.h:18,
                 from /workspaces/OpenMS/src/openms/source/ANALYSIS/ID/FalseDiscoveryRate.cpp:15:
/contrib-build/include/boost/detail/atomic_count.hpp:10:1: note: ‘#pragma message: This header is deprecated. Use <boost/smart_ptr/detail/atomic_count.hpp> instead.’
   10 | BOOST_HEADER_DEPRECATED("<boost/smart_ptr/detail/atomic_count.hpp>")
      | ^~~~~~~~~~~~~~~~~~~~~~~
[  4%] Building CXX object src/openms/CMakeFiles/OpenMS.dir/source/ANALYSIS/ID/IDConflictResolverAlgorithm.cpp.o
[  4%] Building CXX object src/openms/CMakeFiles/OpenMS.dir/source/ANALYSIS/ID/IDMapper.cpp.o
[  4%] Building CXX object src/openms/CMakeFiles/OpenMS.dir/source/ANALYSIS/ID/IDMergerAlgorithm.cpp.o
[  5%] Building CXX object src/openms/CMakeFiles/OpenMS.dir/source/ANALYSIS/ID/IDScoreGetterSetter.cpp.o
[  5%] Building CXX object src/openms/CMakeFiles/OpenMS.dir/source/ANALYSIS/ID/IDScoreSwitcherAlgorithm.cpp.o
[  5%] Building CXX object src/openms/CMakeFiles/OpenMS.dir/source/ANALYSIS/ID/IonIdentityMolecularNetworking.cpp.o
[  5%] Building CXX object src/openms/CMakeFiles/OpenMS.dir/source/ANALYSIS/ID/MetaboliteSpectralMatching.cpp.o
[  5%] Building CXX object src/openms/CMakeFiles/OpenMS.dir/source/ANALYSIS/ID/PScore.cpp.o
[  5%] Building CXX object src/openms/CMakeFiles/OpenMS.dir/source/ANALYSIS/ID/PeptideProteinResolution.cpp.o
[  5%] Building CXX object src/openms/CMakeFiles/OpenMS.dir/source/ANALYSIS/ID/PeptideSearchEngineFIAlgorithm.cpp.o
[  5%] Building CXX object src/openms/CMakeFiles/OpenMS.dir/source/ANALYSIS/ID/PercolatorFeatureSetHelper.cpp.o
[  5%] Building CXX object src/openms/CMakeFiles/OpenMS.dir/source/ANALYSIS/ID/PrecursorPurity.cpp.o
[  5%] Building CXX object src/openms/CMakeFiles/OpenMS.dir/source/ANALYSIS/ID/SimpleSearchEngineAlgorithm.cpp.o
[  5%] Building CXX object src/openms/CMakeFiles/OpenMS.dir/source/ANALYSIS/ID/SiriusExportAlgorithm.cpp.o
[  5%] Building CXX object src/openms/CMakeFiles/OpenMS.dir/source/ANALYSIS/ID/SiriusMSConverter.cpp.o
[  5%] Building CXX object src/openms/CMakeFiles/OpenMS.dir/source/ANALYSIS/MAPMATCHING/BaseGroupFinder.cpp.o
[  5%] Building CXX object src/openms/CMakeFiles/OpenMS.dir/source/ANALYSIS/MAPMATCHING/BaseSuperimposer.cpp.o
[  5%] Building CXX object src/openms/CMakeFiles/OpenMS.dir/source/ANALYSIS/MAPMATCHING/ConsensusMapNormalizerAlgorithmMedian.cpp.o
[  5%] Building CXX object src/openms/CMakeFiles/OpenMS.dir/source/ANALYSIS/MAPMATCHING/ConsensusMapNormalizerAlgorithmQuantile.cpp.o
[  5%] Building CXX object src/openms/CMakeFiles/OpenMS.dir/source/ANALYSIS/MAPMATCHING/ConsensusMapNormalizerAlgorithmThreshold.cpp.o
[  5%] Building CXX object src/openms/CMakeFiles/OpenMS.dir/source/ANALYSIS/MAPMATCHING/FeatureGroupingAlgorithm.cpp.o
[  5%] Building CXX object src/openms/CMakeFiles/OpenMS.dir/source/ANALYSIS/MAPMATCHING/FeatureGroupingAlgorithmKD.cpp.o
[  5%] Building CXX object src/openms/CMakeFiles/OpenMS.dir/source/ANALYSIS/MAPMATCHING/FeatureGroupingAlgorithmLabeled.cpp.o
[  6%] Building CXX object src/openms/CMakeFiles/OpenMS.dir/source/ANALYSIS/MAPMATCHING/FeatureGroupingAlgorithmQT.cpp.o
[  6%] Building CXX object src/openms/CMakeFiles/OpenMS.dir/source/ANALYSIS/MAPMATCHING/FeatureGroupingAlgorithmUnlabeled.cpp.o
[  6%] Building CXX object src/openms/CMakeFiles/OpenMS.dir/source/ANALYSIS/MAPMATCHING/FeatureMapping.cpp.o
[  6%] Building CXX object src/openms/CMakeFiles/OpenMS.dir/source/ANALYSIS/MAPMATCHING/LabeledPairFinder.cpp.o
[  6%] Building CXX object src/openms/CMakeFiles/OpenMS.dir/source/ANALYSIS/MAPMATCHING/MapAlignmentAlgorithmIdentification.cpp.o
[  6%] Building CXX object src/openms/CMakeFiles/OpenMS.dir/source/ANALYSIS/MAPMATCHING/MapAlignmentAlgorithmPoseClustering.cpp.o
[  6%] Building CXX object src/openms/CMakeFiles/OpenMS.dir/source/ANALYSIS/MAPMATCHING/MapAlignmentAlgorithmTreeGuided.cpp.o
[  6%] Building CXX object src/openms/CMakeFiles/OpenMS.dir/source/ANALYSIS/MAPMATCHING/MapAlignmentEvaluationAlgorithm.cpp.o
[  6%] Building CXX object src/openms/CMakeFiles/OpenMS.dir/source/ANALYSIS/MAPMATCHING/MapAlignmentEvaluationAlgorithmPrecision.cpp.o
[  6%] Building CXX object src/openms/CMakeFiles/OpenMS.dir/source/ANALYSIS/MAPMATCHING/MapAlignmentEvaluationAlgorithmRecall.cpp.o
[  6%] Building CXX object src/openms/CMakeFiles/OpenMS.dir/source/ANALYSIS/MAPMATCHING/MapAlignmentTransformer.cpp.o
[  6%] Building CXX object src/openms/CMakeFiles/OpenMS.dir/source/ANALYSIS/MAPMATCHING/PoseClusteringAffineSuperimposer.cpp.o
[  6%] Building CXX object src/openms/CMakeFiles/OpenMS.dir/source/ANALYSIS/MAPMATCHING/PoseClusteringShiftSuperimposer.cpp.o
[  6%] Building CXX object src/openms/CMakeFiles/OpenMS.dir/source/ANALYSIS/MAPMATCHING/QTClusterFinder.cpp.o
[  6%] Building CXX object src/openms/CMakeFiles/OpenMS.dir/source/ANALYSIS/MAPMATCHING/StablePairFinder.cpp.o
[  6%] Building CXX object src/openms/CMakeFiles/OpenMS.dir/source/ANALYSIS/NUXL/NuXLAnnotateAndLocate.cpp.o
[  6%] Building CXX object src/openms/CMakeFiles/OpenMS.dir/source/ANALYSIS/NUXL/NuXLDeisotoper.cpp.o
[  6%] Building CXX object src/openms/CMakeFiles/OpenMS.dir/source/ANALYSIS/NUXL/NuXLFDR.cpp.o
[  6%] Building CXX object src/openms/CMakeFiles/OpenMS.dir/source/ANALYSIS/NUXL/NuXLMarkerIonExtractor.cpp.o
[  6%] Building CXX object src/openms/CMakeFiles/OpenMS.dir/source/ANALYSIS/NUXL/NuXLReport.cpp.o
[  6%] Building CXX object src/openms/CMakeFiles/OpenMS.dir/source/ANALYSIS/OPENSWATH/CalibrationWorkflow.cpp.o
[  6%] Building CXX object src/openms/CMakeFiles/OpenMS.dir/source/ANALYSIS/OPENSWATH/ChromatogramExtractor.cpp.o
[  6%] Building CXX object src/openms/CMakeFiles/OpenMS.dir/source/ANALYSIS/OPENSWATH/ConfidenceScoring.cpp.o
/workspaces/OpenMS/src/openms/source/ANALYSIS/OPENSWATH/ConfidenceScoring.cpp: In member function ‘double OpenMS::ConfidenceScoring::scoreAssay_(const OpenMS::TargetedExperiment::Peptide&, double, OpenMS::DoubleList&, const std::set<OpenMS::String>&)’:
/workspaces/OpenMS/src/openms/source/ANALYSIS/OPENSWATH/ConfidenceScoring.cpp:145:40: warning: ‘void OpenSwath::Scoring::normalize_sum(double*, unsigned int)’ is deprecated: Use the std::vector& overload instead [-Wdeprecated-declarations]
  145 |       OpenSwath::Scoring::normalize_sum(&feature_intensities[0],
      |       ~~~~~~~~~~~~~~~~~~~~~~~~~~~~~~~~~^~~~~~~~~~~~~~~~~~~~~~~~~
  146 |                                         boost::numeric_cast<int>(feature_intensities.size()));
      |                                         ~~~~~~~~~~~~~~~~~~~~~~~~~~~~~~~~~~~~~~~~~~~~~~~~~~~~~
In file included from /workspaces/OpenMS/src/openms/source/ANALYSIS/OPENSWATH/ConfidenceScoring.cpp:12:
/workspaces/OpenMS/src/openswathalgo/include/OpenMS/OPENSWATHALGO/ALGO/Scoring.h:147:31: note: declared here
  147 |     OPENSWATHALGO_DLLAPI void normalize_sum(double x[], unsigned int n);
      |                               ^~~~~~~~~~~~~
/workspaces/OpenMS/src/openms/source/ANALYSIS/OPENSWATH/ConfidenceScoring.cpp:147:40: warning: ‘void OpenSwath::Scoring::normalize_sum(double*, unsigned int)’ is deprecated: Use the std::vector& overload instead [-Wdeprecated-declarations]
  147 |       OpenSwath::Scoring::normalize_sum(&assay_intensities[0],
      |       ~~~~~~~~~~~~~~~~~~~~~~~~~~~~~~~~~^~~~~~~~~~~~~~~~~~~~~~~
  148 |                                         boost::numeric_cast<int>(assay_intensities.size()));
      |                                         ~~~~~~~~~~~~~~~~~~~~~~~~~~~~~~~~~~~~~~~~~~~~~~~~~~~
/workspaces/OpenMS/src/openswathalgo/include/OpenMS/OPENSWATHALGO/ALGO/Scoring.h:147:31: note: declared here
  147 |     OPENSWATHALGO_DLLAPI void normalize_sum(double x[], unsigned int n);
      |                               ^~~~~~~~~~~~~
[  7%] Building CXX object src/openms/CMakeFiles/OpenMS.dir/source/ANALYSIS/OPENSWATH/DATAACCESS/SimpleOpenMSSpectraAccessFactory.cpp.o
[  7%] Building CXX object src/openms/CMakeFiles/OpenMS.dir/source/ANALYSIS/OPENSWATH/DATAACCESS/SpectrumAccessOpenMS.cpp.o
[  7%] Building CXX object src/openms/CMakeFiles/OpenMS.dir/source/ANALYSIS/OPENSWATH/DATAACCESS/SpectrumAccessOpenMSCached.cpp.o
[  7%] Building CXX object src/openms/CMakeFiles/OpenMS.dir/source/ANALYSIS/OPENSWATH/DATAACCESS/SpectrumAccessOpenMSInMemory.cpp.o
[  7%] Building CXX object src/openms/CMakeFiles/OpenMS.dir/source/ANALYSIS/OPENSWATH/DATAACCESS/SpectrumAccessSqMass.cpp.o
[  7%] Building CXX object src/openms/CMakeFiles/OpenMS.dir/source/ANALYSIS/OPENSWATH/IonMobilityScoring.cpp.o
[  7%] Building CXX object src/openms/CMakeFiles/OpenMS.dir/source/ANALYSIS/OPENSWATH/MRMBatchFeatureSelector.cpp.o
[  7%] Building CXX object src/openms/CMakeFiles/OpenMS.dir/source/ANALYSIS/OPENSWATH/MRMFeatureFilter.cpp.o
[  7%] Building CXX object src/openms/CMakeFiles/OpenMS.dir/source/ANALYSIS/OPENSWATH/MRMFeatureFinderScoring.cpp.o
[  7%] Building CXX object src/openms/CMakeFiles/OpenMS.dir/source/ANALYSIS/OPENSWATH/MRMFeatureQC.cpp.o
/workspaces/OpenMS/src/openms/source/ANALYSIS/OPENSWATH/MRMFeatureFinderScoring.cpp: In member function ‘void OpenMS::MRMFeatureFinderScoring::scorePeakgroups(MRMTransitionGroupType&, const OpenMS::TransformationDescription&, const std::vector<OpenSwath::SwathMap>&, OpenMS::FeatureMap&, bool, OpenMS::MobilogramParquetConsumer*) const’:
/workspaces/OpenMS/src/openms/source/ANALYSIS/OPENSWATH/MRMFeatureFinderScoring.cpp:607:38: warning: ‘void OpenSwath::Scoring::normalize_sum(double*, unsigned int)’ is deprecated: Use the std::vector& overload instead [-Wdeprecated-declarations]
  607 |     OpenSwath::Scoring::normalize_sum(normalized_library_intensity.data(), static_cast<unsigned int>(normalized_library_intensity.size()));
      |     ~~~~~~~~~~~~~~~~~~~~~~~~~~~~~~~~~^~~~~~~~~~~~~~~~~~~~~~~~~~~~~~~~~~~~~~~~~~~~~~~~~~~~~~~~~~~~~~~~~~~~~~~~~~~~~~~~~~~~~~~~~~~~~~~~~~~~~
In file included from /workspaces/OpenMS/src/openms/include/OpenMS/ANALYSIS/OPENSWATH/MRMScoring.h:20,
                 from /workspaces/OpenMS/src/openms/source/ANALYSIS/OPENSWATH/MRMFeatureFinderScoring.cpp:17:
/workspaces/OpenMS/src/openswathalgo/include/OpenMS/OPENSWATHALGO/ALGO/Scoring.h:147:31: note: declared here
  147 |     OPENSWATHALGO_DLLAPI void normalize_sum(double x[], unsigned int n);
      |                               ^~~~~~~~~~~~~
[  7%] Building CXX object src/openms/CMakeFiles/OpenMS.dir/source/ANALYSIS/OPENSWATH/MRMFeatureSelector.cpp.o
[  7%] Building CXX object src/openms/CMakeFiles/OpenMS.dir/source/ANALYSIS/OPENSWATH/MRMTransitionGroupPicker.cpp.o
[  7%] Building CXX object src/openms/CMakeFiles/OpenMS.dir/source/ANALYSIS/OPENSWATH/MasstraceCorrelator.cpp.o
[  8%] Building CXX object src/openms/CMakeFiles/OpenMS.dir/source/ANALYSIS/OPENSWATH/OpenSwathHelper.cpp.o
[  8%] Building CXX object src/openms/CMakeFiles/OpenMS.dir/source/ANALYSIS/OPENSWATH/OpenSwathOSWParquetWriter.cpp.o
[  8%] Building CXX object src/openms/CMakeFiles/OpenMS.dir/source/ANALYSIS/OPENSWATH/OpenSwathOSWWriter.cpp.o
[  8%] Building CXX object src/openms/CMakeFiles/OpenMS.dir/source/ANALYSIS/OPENSWATH/OpenSwathScoring.cpp.o
/workspaces/OpenMS/src/openms/source/ANALYSIS/OPENSWATH/OpenSwathOSWParquetWriter.cpp: In member function ‘void OpenMS::OpenSwathOSWParquetWriter::write(const OpenMS::String&, const OpenSwath::LightTargetedExperiment&, const OpenMS::FeatureMap&, OpenMS::UInt64, const OpenMS::String&, bool) const’:
/workspaces/OpenMS/src/openms/source/ANALYSIS/OPENSWATH/OpenSwathOSWParquetWriter.cpp:1313:68: warning: ‘std::filesystem::__cxx11::path std::filesystem::__cxx11::u8path(const _Source&) [with _Source = std::__cxx11::basic_string<char>; _Require = path; _CharT = char]’ is deprecated: use 'path((const char8_t*)&*source)' instead [-Wdeprecated-declarations]
 1313 |       const std::filesystem::path dirpath = std::filesystem::u8path(std::string(base_dir));
      |                                             ~~~~~~~~~~~~~~~~~~~~~~~^~~~~~~~~~~~~~~~~~~~~~~
In file included from /opt/rh/gcc-toolset-14/root/usr/include/c++/14/filesystem:52,
                 from /workspaces/OpenMS/src/openms/source/ANALYSIS/OPENSWATH/OpenSwathOSWParquetWriter.cpp:29:
/opt/rh/gcc-toolset-14/root/usr/include/c++/14/bits/fs_path.h:843:5: note: declared here
  843 |     u8path(const _Source& __source)
      |     ^~~~~~
/workspaces/OpenMS/src/openms/source/ANALYSIS/OPENSWATH/OpenSwathScoring.cpp: In member function ‘void OpenMS::OpenSwathScoring::getNormalized_library_intensities_(const std::vector<OpenSwath::LightTransition>&, std::vector<double>&)’:
/workspaces/OpenMS/src/openms/source/ANALYSIS/OPENSWATH/OpenSwathScoring.cpp:531:38: warning: ‘void OpenSwath::Scoring::normalize_sum(double*, unsigned int)’ is deprecated: Use the std::vector& overload instead [-Wdeprecated-declarations]
  531 |     OpenSwath::Scoring::normalize_sum(&normalized_library_intensity[0], boost::numeric_cast<int>(normalized_library_intensity.size()));
      |     ~~~~~~~~~~~~~~~~~~~~~~~~~~~~~~~~~^~~~~~~~~~~~~~~~~~~~~~~~~~~~~~~~~~~~~~~~~~~~~~~~~~~~~~~~~~~~~~~~~~~~~~~~~~~~~~~~~~~~~~~~~~~~~~~~~
In file included from /workspaces/OpenMS/src/openms/source/ANALYSIS/OPENSWATH/OpenSwathScoring.cpp:18:
/workspaces/OpenMS/src/openswathalgo/include/OpenMS/OPENSWATHALGO/ALGO/Scoring.h:147:31: note: declared here
  147 |     OPENSWATHALGO_DLLAPI void normalize_sum(double x[], unsigned int n);
      |                               ^~~~~~~~~~~~~
[  8%] Building CXX object src/openms/CMakeFiles/OpenMS.dir/source/ANALYSIS/OPENSWATH/OpenSwathWorkflow.cpp.o
[  8%] Building CXX object src/openms/CMakeFiles/OpenMS.dir/source/ANALYSIS/OPENSWATH/PeakPickerChromatogram.cpp.o
[  8%] Building CXX object src/openms/CMakeFiles/OpenMS.dir/source/ANALYSIS/OPENSWATH/PeakPickerMobilogram.cpp.o
[  8%] Building CXX object src/openms/CMakeFiles/OpenMS.dir/source/ANALYSIS/OPENSWATH/SpectrumAddition.cpp.o
[  8%] Building CXX object src/openms/CMakeFiles/OpenMS.dir/source/ANALYSIS/OPENSWATH/SwathMapMassCorrection.cpp.o
[  8%] Building CXX object src/openms/CMakeFiles/OpenMS.dir/source/ANALYSIS/OPENSWATH/SwathQC.cpp.o
[  8%] Building CXX object src/openms/CMakeFiles/OpenMS.dir/source/ANALYSIS/OPENSWATH/TargetedSpectraExtractor.cpp.o
[  8%] Building CXX object src/openms/CMakeFiles/OpenMS.dir/source/ANALYSIS/OPENSWATH/TransitionPQPFile.cpp.o
[  8%] Building CXX object src/openms/CMakeFiles/OpenMS.dir/source/ANALYSIS/OPENSWATH/TransitionTSVFile.cpp.o
[  8%] Building CXX object src/openms/CMakeFiles/OpenMS.dir/source/ANALYSIS/QUANTITATION/AbsoluteQuantitation.cpp.o
[  8%] Building CXX object src/openms/CMakeFiles/OpenMS.dir/source/ANALYSIS/QUANTITATION/DDAWorkflowCommons.cpp.o
[  8%] Building CXX object src/openms/CMakeFiles/OpenMS.dir/source/ANALYSIS/QUANTITATION/IsobaricChannelExtractor.cpp.o
[  8%] Building CXX object src/openms/CMakeFiles/OpenMS.dir/source/ANALYSIS/QUANTITATION/IsobaricIsotopeCorrector.cpp.o
[  8%] Building CXX object src/openms/CMakeFiles/OpenMS.dir/source/ANALYSIS/QUANTITATION/IsobaricNormalizer.cpp.o
[  8%] Building CXX object src/openms/CMakeFiles/OpenMS.dir/source/ANALYSIS/QUANTITATION/IsobaricQuantifier.cpp.o
[  9%] Building CXX object src/openms/CMakeFiles/OpenMS.dir/source/ANALYSIS/QUANTITATION/IsotopeLabelingMDVs.cpp.o
[  9%] Building CXX object src/openms/CMakeFiles/OpenMS.dir/source/ANALYSIS/QUANTITATION/PeptideAndProteinQuant.cpp.o
[  9%] Building CXX object src/openms/CMakeFiles/OpenMS.dir/source/ANALYSIS/QUANTITATION/ProteinInference.cpp.o
[  9%] Building CXX object src/openms/CMakeFiles/OpenMS.dir/source/ANALYSIS/TARGETED/ChromatogramProcessor.cpp.o
/workspaces/OpenMS/src/openms/source/ANALYSIS/QUANTITATION/IsotopeLabelingMDVs.cpp: In member function ‘void OpenMS::IsotopeLabelingMDVs::isotopicCorrection(const OpenMS::Feature&, OpenMS::Feature&, const OpenMS::Matrix<double>&, const DerivatizationAgent&)’:
/workspaces/OpenMS/src/openms/source/ANALYSIS/QUANTITATION/IsotopeLabelingMDVs.cpp:88:30: warning: comparison of integer expressions of different signedness: ‘long int’ and ‘OpenMS::Size’ {aka ‘long unsigned int’} [-Wsign-compare]
   88 |       for (long int i = 0; i < correction_matrix.rows(); ++i)
      |                            ~~^~~~~~~~~~~~~~~~~~~~~~~~~~
/workspaces/OpenMS/src/openms/source/ANALYSIS/QUANTITATION/IsotopeLabelingMDVs.cpp:90:32: warning: comparison of integer expressions of different signedness: ‘long int’ and ‘OpenMS::Size’ {aka ‘long unsigned int’} [-Wsign-compare]
   90 |         for (long int j = 0; j < correction_matrix.cols(); ++j)
      |                              ~~^~~~~~~~~~~~~~~~~~~~~~~~~~
[  9%] Building CXX object src/openms/CMakeFiles/OpenMS.dir/source/ANALYSIS/TARGETED/DIAChromHandler.cpp.o
[  9%] Building CXX object src/openms/CMakeFiles/OpenMS.dir/source/ANALYSIS/TARGETED/DefaultChromHandler.cpp.o
[  9%] Building CXX object src/openms/CMakeFiles/OpenMS.dir/source/ANALYSIS/TARGETED/MRMChromHandler.cpp.o
[  9%] Building CXX object src/openms/CMakeFiles/OpenMS.dir/source/ANALYSIS/TARGETED/MRMMapping.cpp.o
[  9%] Building CXX object src/openms/CMakeFiles/OpenMS.dir/source/ANALYSIS/TARGETED/MetaboTargetedAssay.cpp.o
[  9%] Building CXX object src/openms/CMakeFiles/OpenMS.dir/source/ANALYSIS/TOPDOWN/DeconvolvedSpectrum.cpp.o
[  9%] Building CXX object src/openms/CMakeFiles/OpenMS.dir/source/ANALYSIS/TOPDOWN/FLASHDeconvAlgorithm.cpp.o
[  9%] Building CXX object src/openms/CMakeFiles/OpenMS.dir/source/ANALYSIS/TOPDOWN/FLASHHelperClasses.cpp.o
[  9%] Building CXX object src/openms/CMakeFiles/OpenMS.dir/source/ANALYSIS/TOPDOWN/MassFeatureTrace.cpp.o
[  9%] Building CXX object src/openms/CMakeFiles/OpenMS.dir/source/ANALYSIS/TOPDOWN/PeakGroup.cpp.o
[  9%] Building CXX object src/openms/CMakeFiles/OpenMS.dir/source/ANALYSIS/TOPDOWN/PeakGroupScoring.cpp.o
[  9%] Building CXX object src/openms/CMakeFiles/OpenMS.dir/source/ANALYSIS/TOPDOWN/Qvalue.cpp.o
[  9%] Building CXX object src/openms/CMakeFiles/OpenMS.dir/source/ANALYSIS/TOPDOWN/SpectralDeconvolution.cpp.o
[  9%] Building CXX object src/openms/CMakeFiles/OpenMS.dir/source/ANALYSIS/TOPDOWN/TopDownIsobaricQuantification.cpp.o
[  9%] Building CXX object src/openms/CMakeFiles/OpenMS.dir/source/ANALYSIS/XLMS/OPXLHelper.cpp.o
/workspaces/OpenMS/src/openms/source/ANALYSIS/TOPDOWN/Qvalue.cpp: In static member function ‘static double OpenMS::Qvalue::updatePeakGroupQvalues(std::vector<OpenMS::DeconvolvedSpectrum>&)’:
/workspaces/OpenMS/src/openms/source/ANALYSIS/TOPDOWN/Qvalue.cpp:102:25: warning: comparison of integer expressions of different signedness: ‘int’ and ‘OpenMS::Size’ {aka ‘long unsigned int’} [-Wsign-compare]
  102 |       for (int r = 0; r < score_dist_target.rows(); r++)
      |                       ~~^~~~~~~~~~~~~~~~~~~~~~~~~~
[  9%] Building CXX object src/openms/CMakeFiles/OpenMS.dir/source/ANALYSIS/XLMS/OPXLSpectrumProcessingAlgorithms.cpp.o
[  9%] Building CXX object src/openms/CMakeFiles/OpenMS.dir/source/ANALYSIS/XLMS/OpenPepXLAlgorithm.cpp.o
[  9%] Building CXX object src/openms/CMakeFiles/OpenMS.dir/source/ANALYSIS/XLMS/XQuestScores.cpp.o
[  9%] Building CXX object src/openms/CMakeFiles/OpenMS.dir/source/APPLICATIONS/OpenSwathBase.cpp.o
[  9%] Building CXX object src/openms/CMakeFiles/OpenMS.dir/source/APPLICATIONS/SearchEngineBase.cpp.o
[  9%] Building CXX object src/openms/CMakeFiles/OpenMS.dir/source/APPLICATIONS/TOPPBase.cpp.o
[  9%] Building CXX object src/openms/CMakeFiles/OpenMS.dir/source/CHEMISTRY/EmpiricalFormula.cpp.o
[  9%] Building CXX object src/openms/CMakeFiles/OpenMS.dir/source/CHEMISTRY/ProForma.cpp.o
[  9%] Building CXX object src/openms/CMakeFiles/OpenMS.dir/source/CHEMISTRY/RNaseDigestion.cpp.o
[  9%] Building CXX object src/openms/CMakeFiles/OpenMS.dir/source/CHEMISTRY/SimpleTSGXLMS.cpp.o
[  9%] Building CXX object src/openms/CMakeFiles/OpenMS.dir/source/CHEMISTRY/TheoreticalSpectrumGeneratorXLMS.cpp.o
[  9%] Building CXX object src/openms/CMakeFiles/OpenMS.dir/source/COMPARISON/PeakAlignment.cpp.o
/workspaces/OpenMS/src/openms/source/COMPARISON/PeakAlignment.cpp: In member function ‘virtual double OpenMS::PeakAlignment::operator()(const OpenMS::PeakSpectrum&, const OpenMS::PeakSpectrum&) const’:
/workspaces/OpenMS/src/openms/source/COMPARISON/PeakAlignment.cpp:103:28: warning: comparison of integer expressions of different signedness: ‘long int’ and ‘OpenMS::Size’ {aka ‘long unsigned int’} [-Wsign-compare]
  103 |     for (long int i = 1; i < matrix.rows(); i++)
      |                          ~~^~~~~~~~~~~~~~~
/workspaces/OpenMS/src/openms/source/COMPARISON/PeakAlignment.cpp:107:28: warning: comparison of integer expressions of different signedness: ‘long int’ and ‘OpenMS::Size’ {aka ‘long unsigned int’} [-Wsign-compare]
  107 |     for (long int i = 1; i < matrix.cols(); i++)
      |                          ~~^~~~~~~~~~~~~~~
/workspaces/OpenMS/src/openms/source/COMPARISON/PeakAlignment.cpp:187:28: warning: comparison of integer expressions of different signedness: ‘long int’ and ‘OpenMS::Size’ {aka ‘long unsigned int’} [-Wsign-compare]
  187 |     for (long int i = 0; i < matrix.cols(); i++)
      |                          ~~^~~~~~~~~~~~~~~
/workspaces/OpenMS/src/openms/source/COMPARISON/PeakAlignment.cpp:191:28: warning: comparison of integer expressions of different signedness: ‘long int’ and ‘OpenMS::Size’ {aka ‘long unsigned int’} [-Wsign-compare]
  191 |     for (long int i = 0; i < matrix.rows(); i++)
      |                          ~~^~~~~~~~~~~~~~~
/workspaces/OpenMS/src/openms/source/COMPARISON/PeakAlignment.cpp: In member function ‘std::vector<std::pair<long unsigned int, long unsigned int> > OpenMS::PeakAlignment::getAlignmentTraceback(const OpenMS::PeakSpectrum&, const OpenMS::PeakSpectrum&) const’:
/workspaces/OpenMS/src/openms/source/COMPARISON/PeakAlignment.cpp:238:28: warning: comparison of integer expressions of different signedness: ‘long int’ and ‘OpenMS::Size’ {aka ‘long unsigned int’} [-Wsign-compare]
  238 |     for (long int i = 1; i < matrix.rows(); i++)
      |                          ~~^~~~~~~~~~~~~~~
/workspaces/OpenMS/src/openms/source/COMPARISON/PeakAlignment.cpp:242:28: warning: comparison of integer expressions of different signedness: ‘long int’ and ‘OpenMS::Size’ {aka ‘long unsigned int’} [-Wsign-compare]
  242 |     for (long int i = 1; i < matrix.cols(); i++)
      |                          ~~^~~~~~~~~~~~~~~
/workspaces/OpenMS/src/openms/source/COMPARISON/PeakAlignment.cpp:349:28: warning: comparison of integer expressions of different signedness: ‘long int’ and ‘OpenMS::Size’ {aka ‘long unsigned int’} [-Wsign-compare]
  349 |     for (long int i = 0; i < matrix.cols(); i++)
      |                          ~~^~~~~~~~~~~~~~~
/workspaces/OpenMS/src/openms/source/COMPARISON/PeakAlignment.cpp:358:28: warning: comparison of integer expressions of different signedness: ‘long int’ and ‘OpenMS::Size’ {aka ‘long unsigned int’} [-Wsign-compare]
  358 |     for (long int i = 0; i < matrix.rows(); i++)
      |                          ~~^~~~~~~~~~~~~~~
[  9%] Building CXX object src/openms/CMakeFiles/OpenMS.dir/source/COMPARISON/PeakSpectrumCompareFunctor.cpp.o
[  9%] Building CXX object src/openms/CMakeFiles/OpenMS.dir/source/COMPARISON/SpectrumCheapDPCorr.cpp.o
[  9%] Building CXX object src/openms/CMakeFiles/OpenMS.dir/source/COMPARISON/SpectrumPrecursorComparator.cpp.o
[  9%] Building CXX object src/openms/CMakeFiles/OpenMS.dir/source/COMPARISON/SteinScottImproveScore.cpp.o
[  9%] Building CXX object src/openms/CMakeFiles/OpenMS.dir/source/COMPARISON/ZhangSimilarityScore.cpp.o
[  9%] Building CXX object src/openms/CMakeFiles/OpenMS.dir/source/CONCEPT/ClassTest.cpp.o
[  9%] Building CXX object src/openms/CMakeFiles/OpenMS.dir/source/CONCEPT/VersionInfo.cpp.o
[  9%] Building CXX object src/openms/CMakeFiles/OpenMS.dir/source/DATASTRUCTURES/ConstRefVector.cpp.o
[ 10%] Building CXX object src/openms/CMakeFiles/OpenMS.dir/source/DATASTRUCTURES/OSWData.cpp.o
[ 10%] Building CXX object src/openms/CMakeFiles/OpenMS.dir/source/FEATUREFINDER/Biosaur2Algorithm.cpp.o
[ 10%] Building CXX object src/openms/CMakeFiles/OpenMS.dir/source/FEATUREFINDER/ElutionModelFitter.cpp.o
[ 10%] Building CXX object src/openms/CMakeFiles/OpenMS.dir/source/FEATUREFINDER/ElutionPeakDetection.cpp.o
[ 11%] Building CXX object src/openms/CMakeFiles/OpenMS.dir/source/FEATUREFINDER/FFIDAlgoExternalIDHandler.cpp.o
[ 11%] Building CXX object src/openms/CMakeFiles/OpenMS.dir/source/FEATUREFINDER/FeatureFinderAlgorithmMetaboIdent.cpp.o
[ 11%] Building CXX object src/openms/CMakeFiles/OpenMS.dir/source/FEATUREFINDER/FeatureFinderAlgorithmPicked.cpp.o
[ 11%] Building CXX object src/openms/CMakeFiles/OpenMS.dir/source/FEATUREFINDER/FeatureFinderIdentificationAlgorithm.cpp.o
[ 11%] Building CXX object src/openms/CMakeFiles/OpenMS.dir/source/FEATUREFINDER/FeatureFinderMultiplexAlgorithm.cpp.o
[ 11%] Building CXX object src/openms/CMakeFiles/OpenMS.dir/source/FEATUREFINDER/FeatureFindingMetabo.cpp.o
[ 11%] Building CXX object src/openms/CMakeFiles/OpenMS.dir/source/FEATUREFINDER/MassTraceDetection.cpp.o
[ 11%] Building CXX object src/openms/CMakeFiles/OpenMS.dir/source/FEATUREFINDER/MultiplexClustering.cpp.o
[ 11%] Building CXX object src/openms/CMakeFiles/OpenMS.dir/source/FEATUREFINDER/MultiplexFilteredMSExperiment.cpp.o
[ 11%] Building CXX object src/openms/CMakeFiles/OpenMS.dir/source/FEATUREFINDER/MultiplexFiltering.cpp.o
[ 11%] Building CXX object src/openms/CMakeFiles/OpenMS.dir/source/FEATUREFINDER/MultiplexFilteringCentroided.cpp.o
[ 11%] Building CXX object src/openms/CMakeFiles/OpenMS.dir/source/FEATUREFINDER/MultiplexFilteringProfile.cpp.o
[ 11%] Building CXX object src/openms/CMakeFiles/OpenMS.dir/source/FEATUREFINDER/MultiplexSatelliteProfile.cpp.o
[ 11%] Building CXX object src/openms/CMakeFiles/OpenMS.dir/source/FEATUREFINDER/PeakWidthEstimator.cpp.o
[ 11%] Building CXX object src/openms/CMakeFiles/OpenMS.dir/source/FEATUREFINDER/SeedListGenerator.cpp.o
[ 11%] Building CXX object src/openms/CMakeFiles/OpenMS.dir/source/FORMAT/AbsoluteQuantitationStandardsFile.cpp.o
[ 11%] Building CXX object src/openms/CMakeFiles/OpenMS.dir/source/FORMAT/BrukerTimsFile.cpp.o
[ 11%] Building CXX object src/openms/CMakeFiles/OpenMS.dir/source/FORMAT/CachedMzML.cpp.o
[ 11%] Building CXX object src/openms/CMakeFiles/OpenMS.dir/source/FORMAT/ChromeleonFile.cpp.o
[ 11%] Building CXX object src/openms/CMakeFiles/OpenMS.dir/source/FORMAT/ConsensusMapArrowExport.cpp.o
[ 11%] Building CXX object src/openms/CMakeFiles/OpenMS.dir/source/FORMAT/ConsensusMapArrowIO.cpp.o
[ 11%] Building CXX object src/openms/CMakeFiles/OpenMS.dir/source/FORMAT/ConsensusXMLFile.cpp.o
[ 11%] Building CXX object src/openms/CMakeFiles/OpenMS.dir/source/FORMAT/DATAACCESS/MSChromatogramParquetConsumer.cpp.o
[ 11%] Building CXX object src/openms/CMakeFiles/OpenMS.dir/source/FORMAT/DATAACCESS/MSDataAggregatingConsumer.cpp.o
[ 11%] Building CXX object src/openms/CMakeFiles/OpenMS.dir/source/FORMAT/DATAACCESS/MSDataSqlConsumer.cpp.o
[ 11%] Building CXX object src/openms/CMakeFiles/OpenMS.dir/source/FORMAT/DATAACCESS/MSDataStoringConsumer.cpp.o
[ 11%] Building CXX object src/openms/CMakeFiles/OpenMS.dir/source/FORMAT/DATAACCESS/MSDataWritingConsumer.cpp.o
[ 11%] Building CXX object src/openms/CMakeFiles/OpenMS.dir/source/FORMAT/DATAACCESS/SwathFileConsumer.cpp.o
[ 11%] Building CXX object src/openms/CMakeFiles/OpenMS.dir/source/FORMAT/EDTAFile.cpp.o
[ 11%] Building CXX object src/openms/CMakeFiles/OpenMS.dir/source/FORMAT/FASTAFile.cpp.o
[ 12%] Building CXX object src/openms/CMakeFiles/OpenMS.dir/source/FORMAT/FLASHDeconvFeatureFile.cpp.o
[ 12%] Building CXX object src/openms/CMakeFiles/OpenMS.dir/source/FORMAT/FLASHDeconvSpectrumFile.cpp.o
[ 12%] Building CXX object src/openms/CMakeFiles/OpenMS.dir/source/FORMAT/FeatureMapArrowIO.cpp.o
[ 12%] Building CXX object src/openms/CMakeFiles/OpenMS.dir/source/FORMAT/FeatureXMLFile.cpp.o
[ 12%] Building CXX object src/openms/CMakeFiles/OpenMS.dir/source/FORMAT/FileHandler.cpp.o
[ 12%] Building CXX object src/openms/CMakeFiles/OpenMS.dir/source/FORMAT/FileTypes.cpp.o
[ 12%] Building CXX object src/openms/CMakeFiles/OpenMS.dir/source/FORMAT/GNPSMGFFile.cpp.o
[ 12%] Building CXX object src/openms/CMakeFiles/OpenMS.dir/source/FORMAT/GNPSMetaValueFile.cpp.o
[ 12%] Building CXX object src/openms/CMakeFiles/OpenMS.dir/source/FORMAT/GNPSQuantificationFile.cpp.o
[ 12%] Building CXX object src/openms/CMakeFiles/OpenMS.dir/source/FORMAT/HANDLERS/CachedMzMLHandler.cpp.o
[ 12%] Building CXX object src/openms/CMakeFiles/OpenMS.dir/source/FORMAT/HANDLERS/ConsensusXMLHandler.cpp.o
[ 12%] Building CXX object src/openms/CMakeFiles/OpenMS.dir/source/FORMAT/HANDLERS/FeatureXMLHandler.cpp.o
[ 12%] Building CXX object src/openms/CMakeFiles/OpenMS.dir/source/FORMAT/HANDLERS/MascotXMLHandler.cpp.o
[ 12%] Building CXX object src/openms/CMakeFiles/OpenMS.dir/source/FORMAT/HANDLERS/MzDataHandler.cpp.o
[ 12%] Building CXX object src/openms/CMakeFiles/OpenMS.dir/source/FORMAT/HANDLERS/MzIdentMLDOMHandler.cpp.o
[ 12%] Building CXX object src/openms/CMakeFiles/OpenMS.dir/source/FORMAT/HANDLERS/MzIdentMLHandler.cpp.o
[ 12%] Building CXX object src/openms/CMakeFiles/OpenMS.dir/source/FORMAT/HANDLERS/MzMLHandler.cpp.o
[ 12%] Building CXX object src/openms/CMakeFiles/OpenMS.dir/source/FORMAT/HANDLERS/MzMLSqliteHandler.cpp.o
[ 12%] Building CXX object src/openms/CMakeFiles/OpenMS.dir/source/FORMAT/HANDLERS/MzXMLHandler.cpp.o
[ 12%] Building CXX object src/openms/CMakeFiles/OpenMS.dir/source/FORMAT/HANDLERS/XMLHandler.cpp.o
[ 12%] Building CXX object src/openms/CMakeFiles/OpenMS.dir/source/FORMAT/IBSpectraFile.cpp.o
[ 12%] Building CXX object src/openms/CMakeFiles/OpenMS.dir/source/FORMAT/IdXMLFile.cpp.o
[ 12%] Building CXX object src/openms/CMakeFiles/OpenMS.dir/source/FORMAT/IndexedMzMLFileLoader.cpp.o
[ 12%] Building CXX object src/openms/CMakeFiles/OpenMS.dir/source/FORMAT/InspectInfile.cpp.o
[ 12%] Building CXX object src/openms/CMakeFiles/OpenMS.dir/source/FORMAT/InspectOutfile.cpp.o
[ 12%] Building CXX object src/openms/CMakeFiles/OpenMS.dir/source/FORMAT/KroenikFile.cpp.o
[ 12%] Building CXX object src/openms/CMakeFiles/OpenMS.dir/source/FORMAT/MRMFeatureQCFile.cpp.o
[ 12%] Building CXX object src/openms/CMakeFiles/OpenMS.dir/source/FORMAT/MRMFile.cpp.o
[ 12%] Building CXX object src/openms/CMakeFiles/OpenMS.dir/source/FORMAT/MS2File.cpp.o
[ 12%] Building CXX object src/openms/CMakeFiles/OpenMS.dir/source/FORMAT/MSExperimentArrowExport.cpp.o
[ 12%] Building CXX object src/openms/CMakeFiles/OpenMS.dir/source/FORMAT/MSPFile.cpp.o
[ 12%] Building CXX object src/openms/CMakeFiles/OpenMS.dir/source/FORMAT/MSPGenericFile.cpp.o
[ 12%] Building CXX object src/openms/CMakeFiles/OpenMS.dir/source/FORMAT/MSstatsFile.cpp.o
[ 12%] Building CXX object src/openms/CMakeFiles/OpenMS.dir/source/FORMAT/MascotGenericFile.cpp.o
[ 12%] Building CXX object src/openms/CMakeFiles/OpenMS.dir/source/FORMAT/MascotXMLFile.cpp.o
[ 13%] Building CXX object src/openms/CMakeFiles/OpenMS.dir/source/FORMAT/MzDataFile.cpp.o
[ 13%] Building CXX object src/openms/CMakeFiles/OpenMS.dir/source/FORMAT/MzIdentMLFile.cpp.o
[ 13%] Building CXX object src/openms/CMakeFiles/OpenMS.dir/source/FORMAT/MzMLFile.cpp.o
[ 13%] Building CXX object src/openms/CMakeFiles/OpenMS.dir/source/FORMAT/MzQCFile.cpp.o
[ 13%] Building CXX object src/openms/CMakeFiles/OpenMS.dir/source/FORMAT/MzTab.cpp.o
[ 13%] Building CXX object src/openms/CMakeFiles/OpenMS.dir/source/FORMAT/MzTabFile.cpp.o
[ 13%] Building CXX object src/openms/CMakeFiles/OpenMS.dir/source/FORMAT/MzTabM.cpp.o
[ 13%] Building CXX object src/openms/CMakeFiles/OpenMS.dir/source/FORMAT/MzTabMFile.cpp.o
[ 13%] Building CXX object src/openms/CMakeFiles/OpenMS.dir/source/FORMAT/MzXMLFile.cpp.o
[ 13%] Building CXX object src/openms/CMakeFiles/OpenMS.dir/source/FORMAT/OMSFile.cpp.o
[ 13%] Building CXX object src/openms/CMakeFiles/OpenMS.dir/source/FORMAT/OMSFileLoad.cpp.o
[ 13%] Building CXX object src/openms/CMakeFiles/OpenMS.dir/source/FORMAT/OMSFileStore.cpp.o
[ 13%] Building CXX object src/openms/CMakeFiles/OpenMS.dir/source/FORMAT/PEFFFile.cpp.o
[ 13%] Building CXX object src/openms/CMakeFiles/OpenMS.dir/source/FORMAT/PepXMLFile.cpp.o
[ 13%] Building CXX object src/openms/CMakeFiles/OpenMS.dir/source/FORMAT/PercolatorInfile.cpp.o
[ 13%] Building CXX object src/openms/CMakeFiles/OpenMS.dir/source/FORMAT/PercolatorOutfile.cpp.o
[ 13%] Building CXX object src/openms/CMakeFiles/OpenMS.dir/source/FORMAT/ProteinGroupArrowExport.cpp.o
[ 13%] Building CXX object src/openms/CMakeFiles/OpenMS.dir/source/FORMAT/ProteinIdentificationArrowIO.cpp.o
[ 13%] Building CXX object src/openms/CMakeFiles/OpenMS.dir/source/FORMAT/QPXFile.cpp.o
[ 13%] Building CXX object src/openms/CMakeFiles/OpenMS.dir/source/FORMAT/QcMLFile.cpp.o
[ 13%] Building CXX object src/openms/CMakeFiles/OpenMS.dir/source/FORMAT/SqMassFile.cpp.o
[ 13%] Building CXX object src/openms/CMakeFiles/OpenMS.dir/source/FORMAT/SwathFile.cpp.o
[ 13%] Building CXX object src/openms/CMakeFiles/OpenMS.dir/source/FORMAT/TargetedDataFileLoader.cpp.o
[ 13%] Building CXX object src/openms/CMakeFiles/OpenMS.dir/source/FORMAT/TriqlerFile.cpp.o
[ 13%] Building CXX object src/openms/CMakeFiles/OpenMS.dir/source/FORMAT/XMassFile.cpp.o
[ 13%] Building CXX object src/openms/CMakeFiles/OpenMS.dir/source/FORMAT/XQuestResultXMLFile.cpp.o
[ 13%] Building CXX object src/openms/CMakeFiles/OpenMS.dir/source/IONMOBILITY/FAIMSHelper.cpp.o
[ 13%] Building CXX object src/openms/CMakeFiles/OpenMS.dir/source/IONMOBILITY/IMDataConverter.cpp.o
[ 13%] Building CXX object src/openms/CMakeFiles/OpenMS.dir/source/IONMOBILITY/IMTypes.cpp.o
[ 13%] Building CXX object src/openms/CMakeFiles/OpenMS.dir/source/KERNEL/ChromatogramTools.cpp.o
/workspaces/OpenMS/src/openms/source/IONMOBILITY/IMTypes.cpp: In static member function ‘static OpenMS::IMFormat OpenMS::IMTypes::determineIMFormat(const OpenMS::MSExperiment&, int)’:
/workspaces/OpenMS/src/openms/source/IONMOBILITY/IMTypes.cpp:90:29: warning: comparison of integer expressions of different signedness: ‘OpenMS::UInt’ {aka ‘unsigned int’} and ‘int’ [-Wsign-compare]
   90 |       if (spec.getMSLevel() != ms_level) continue;
      |           ~~~~~~~~~~~~~~~~~~^~~~~~~~~~~
[ 13%] Building CXX object src/openms/CMakeFiles/OpenMS.dir/source/KERNEL/ConsensusFeature.cpp.o
[ 13%] Building CXX object src/openms/CMakeFiles/OpenMS.dir/source/KERNEL/ConsensusMap.cpp.o
[ 13%] Building CXX object src/openms/CMakeFiles/OpenMS.dir/source/KERNEL/ConversionHelper.cpp.o
[ 13%] Building CXX object src/openms/CMakeFiles/OpenMS.dir/source/KERNEL/DimMapper.cpp.o
[ 13%] Building CXX object src/openms/CMakeFiles/OpenMS.dir/source/KERNEL/FeatureMap.cpp.o
[ 13%] Building CXX object src/openms/CMakeFiles/OpenMS.dir/source/KERNEL/MSExperiment.cpp.o
[ 13%] Building CXX object src/openms/CMakeFiles/OpenMS.dir/source/KERNEL/MassTrace.cpp.o
[ 13%] Building CXX object src/openms/CMakeFiles/OpenMS.dir/source/KERNEL/OnDiscMSExperiment.cpp.o
[ 13%] Building CXX object src/openms/CMakeFiles/OpenMS.dir/source/METADATA/AbsoluteQuantitationStandards.cpp.o
[ 13%] Building CXX object src/openms/CMakeFiles/OpenMS.dir/source/METADATA/AnnotatedMSRun.cpp.o
[ 13%] Building CXX object src/openms/CMakeFiles/OpenMS.dir/source/METADATA/DocumentIdentifier.cpp.o
[ 13%] Building CXX object src/openms/CMakeFiles/OpenMS.dir/source/METADATA/ExperimentalDesign.cpp.o
[ 13%] Building CXX object src/openms/CMakeFiles/OpenMS.dir/source/METADATA/ExperimentalSettings.cpp.o
[ 13%] Building CXX object src/openms/CMakeFiles/OpenMS.dir/source/METADATA/ID/IdentificationDataConverter.cpp.o
[ 13%] Building CXX object src/openms/CMakeFiles/OpenMS.dir/source/METADATA/PeptideIdentification.cpp.o
[ 13%] Building CXX object src/openms/CMakeFiles/OpenMS.dir/source/METADATA/ProteinIdentification.cpp.o
[ 13%] Building CXX object src/openms/CMakeFiles/OpenMS.dir/source/METADATA/SpectrumMetaDataLookup.cpp.o
[ 13%] Building CXX object src/openms/CMakeFiles/OpenMS.dir/source/PROCESSING/CALIBRATION/InternalCalibration.cpp.o
[ 13%] Building CXX object src/openms/CMakeFiles/OpenMS.dir/source/PROCESSING/CALIBRATION/PrecursorCorrection.cpp.o
[ 13%] Building CXX object src/openms/CMakeFiles/OpenMS.dir/source/PROCESSING/CENTROIDING/PeakPickerHiRes.cpp.o
[ 13%] Building CXX object src/openms/CMakeFiles/OpenMS.dir/source/PROCESSING/CENTROIDING/PeakPickerIM.cpp.o
[ 13%] Building CXX object src/openms/CMakeFiles/OpenMS.dir/source/PROCESSING/CENTROIDING/PeakPickerIterative.cpp.o
[ 13%] Building CXX object src/openms/CMakeFiles/OpenMS.dir/source/PROCESSING/DEISOTOPING/Deisotoper.cpp.o
[ 13%] Building CXX object src/openms/CMakeFiles/OpenMS.dir/source/PROCESSING/FEATURE/FeatureOverlapFilter.cpp.o
[ 13%] Building CXX object src/openms/CMakeFiles/OpenMS.dir/source/PROCESSING/FILTERING/NLargest.cpp.o
In file included from /workspaces/OpenMS/src/openms/extern/Quadtree/include/Box.h:3,
                 from /workspaces/OpenMS/src/openms/extern/Quadtree/include/Quadtree.h:9,
                 from /workspaces/OpenMS/src/openms/source/PROCESSING/FEATURE/FeatureOverlapFilter.cpp:12:
/workspaces/OpenMS/src/openms/extern/Quadtree/include/Vector2.h:13:26: warning: template-id not allowed for constructor in C++20 [-Wtemplate-id-cdtor]
   13 |     constexpr Vector2<T>(T X = 0, T Y = 0) noexcept : x(X), y(Y)
      |                          ^
/workspaces/OpenMS/src/openms/extern/Quadtree/include/Vector2.h:13:26: note: remove the ‘< >’
[ 13%] Building CXX object src/openms/CMakeFiles/OpenMS.dir/source/PROCESSING/FILTERING/ThresholdMower.cpp.o
[ 13%] Building CXX object src/openms/CMakeFiles/OpenMS.dir/source/PROCESSING/FILTERING/WindowMower.cpp.o
[ 14%] Building CXX object src/openms/CMakeFiles/OpenMS.dir/source/PROCESSING/ID/IDFilter.cpp.o
[ 14%] Building CXX object src/openms/CMakeFiles/OpenMS.dir/source/PROCESSING/MISC/SplineInterpolatedPeaks.cpp.o
[ 14%] Building CXX object src/openms/CMakeFiles/OpenMS.dir/source/PROCESSING/NOISEESTIMATION/SignalToNoiseEstimator.cpp.o
[ 14%] Building CXX object src/openms/CMakeFiles/OpenMS.dir/source/PROCESSING/RESAMPLING/LinearResampler.cpp.o
[ 14%] Building CXX object src/openms/CMakeFiles/OpenMS.dir/source/PROCESSING/RESAMPLING/LinearResamplerAlign.cpp.o
[ 14%] Building CXX object src/openms/CMakeFiles/OpenMS.dir/source/PROCESSING/SCALING/Normalizer.cpp.o
[ 14%] Building CXX object src/openms/CMakeFiles/OpenMS.dir/source/PROCESSING/SCALING/RankScaler.cpp.o
[ 14%] Building CXX object src/openms/CMakeFiles/OpenMS.dir/source/PROCESSING/SCALING/SqrtScaler.cpp.o
[ 14%] Building CXX object src/openms/CMakeFiles/OpenMS.dir/source/PROCESSING/SMOOTHING/GaussFilter.cpp.o
[ 14%] Building CXX object src/openms/CMakeFiles/OpenMS.dir/source/PROCESSING/SMOOTHING/ModifiedSincSmoother.cpp.o
[ 14%] Building CXX object src/openms/CMakeFiles/OpenMS.dir/source/PROCESSING/SMOOTHING/SavitzkyGolayFilter.cpp.o
[ 14%] Building CXX object src/openms/CMakeFiles/OpenMS.dir/source/QC/Contaminants.cpp.o
[ 14%] Building CXX object src/openms/CMakeFiles/OpenMS.dir/source/QC/DBSuitability.cpp.o
[ 14%] Building CXX object src/openms/CMakeFiles/OpenMS.dir/source/QC/FWHM.cpp.o
[ 14%] Building CXX object src/openms/CMakeFiles/OpenMS.dir/source/QC/FeatureSummary.cpp.o
[ 14%] Building CXX object src/openms/CMakeFiles/OpenMS.dir/source/QC/FragmentMassError.cpp.o
[ 14%] Building CXX object src/openms/CMakeFiles/OpenMS.dir/source/QC/MQEvidenceExporter.cpp.o
[ 14%] Building CXX object src/openms/CMakeFiles/OpenMS.dir/source/QC/MQExporterHelper.cpp.o
[ 14%] Building CXX object src/openms/CMakeFiles/OpenMS.dir/source/QC/MQMsmsExporter.cpp.o
[ 14%] Building CXX object src/openms/CMakeFiles/OpenMS.dir/source/QC/MissedCleavages.cpp.o
[ 14%] Building CXX object src/openms/CMakeFiles/OpenMS.dir/source/QC/Ms2IdentificationRate.cpp.o
[ 14%] Building CXX object src/openms/CMakeFiles/OpenMS.dir/source/QC/Ms2SpectrumStats.cpp.o
[ 14%] Building CXX object src/openms/CMakeFiles/OpenMS.dir/source/QC/MzCalibration.cpp.o
[ 14%] Building CXX object src/openms/CMakeFiles/OpenMS.dir/source/QC/PSMExplainedIonCurrent.cpp.o
[ 14%] Building CXX object src/openms/CMakeFiles/OpenMS.dir/source/QC/PeptideMass.cpp.o
[ 15%] Building CXX object src/openms/CMakeFiles/OpenMS.dir/source/QC/QCBase.cpp.o
[ 15%] Building CXX object src/openms/CMakeFiles/OpenMS.dir/source/QC/RTAlignment.cpp.o
[ 15%] Building CXX object src/openms/CMakeFiles/OpenMS.dir/source/QC/SpectrumCount.cpp.o
[ 15%] Building CXX object src/openms/CMakeFiles/OpenMS.dir/source/QC/TIC.cpp.o
[ 15%] Building CXX object src/openms/CMakeFiles/OpenMS.dir/source/SYSTEM/File.cpp.o
[ 15%] Building CXX object src/openms/CMakeFiles/OpenMS.dir/source/FORMAT/BedRModFile.cpp.o
[ 15%] Linking CXX shared library ../../lib/libOpenMS.so
[ 32%] Built target OpenMS
[ 32%] Building CXX object src/topp/CMakeFiles/BaselineFilter.dir/BaselineFilter.cpp.o
[ 32%] Building CXX object src/topp/CMakeFiles/AccurateMassSearch.dir/AccurateMassSearch.cpp.o
[ 32%] Building CXX object src/topp/CMakeFiles/AssayGeneratorMetabo.dir/AssayGeneratorMetabo.cpp.o
[ 32%] Building CXX object src/topp/CMakeFiles/AssayGeneratorMetaboSirius.dir/AssayGeneratorMetaboSirius.cpp.o
[ 32%] Linking CXX executable ../../bin/BaselineFilter
[ 32%] Built target BaselineFilter
[ 32%] Building CXX object src/topp/CMakeFiles/FeatureFinderLFQ.dir/FeatureFinderLFQ.cpp.o
[ 32%] Linking CXX executable ../../bin/AccurateMassSearch
[ 32%] Built target AccurateMassSearch
[ 32%] Building CXX object src/topp/CMakeFiles/ClusterMassTraces.dir/ClusterMassTraces.cpp.o
[ 32%] Linking CXX executable ../../bin/AssayGeneratorMetaboSirius
[ 32%] Built target AssayGeneratorMetaboSirius
[ 32%] Building CXX object src/topp/CMakeFiles/ClusterMassTracesByPrecursor.dir/ClusterMassTracesByPrecursor.cpp.o
[ 32%] Linking CXX executable ../../bin/AssayGeneratorMetabo
[ 32%] Built target AssayGeneratorMetabo
[ 32%] Building CXX object src/topp/CMakeFiles/CometAdapter.dir/CometAdapter.cpp.o
[ 32%] Linking CXX executable ../../bin/FeatureFinderLFQ
[ 32%] Built target FeatureFinderLFQ
[ 32%] Building CXX object src/topp/CMakeFiles/ConsensusID.dir/ConsensusID.cpp.o
[ 32%] Linking CXX executable ../../bin/ClusterMassTraces
[ 32%] Built target ClusterMassTraces
[ 32%] Building CXX object src/topp/CMakeFiles/ConsensusMapNormalizer.dir/ConsensusMapNormalizer.cpp.o
[ 32%] Linking CXX executable ../../bin/ClusterMassTracesByPrecursor
[ 32%] Linking CXX executable ../../bin/ConsensusMapNormalizer
[ 32%] Built target ClusterMassTracesByPrecursor
[ 32%] Linking CXX executable ../../bin/CVInspector
[ 32%] Built target ConsensusMapNormalizer
[ 32%] Building CXX object src/topp/CMakeFiles/DatabaseFilter.dir/DatabaseFilter.cpp.o
[ 32%] Built target CVInspector
[ 32%] Building CXX object src/topp/CMakeFiles/DatabaseSuitability.dir/DatabaseSuitability.cpp.o
[ 32%] Linking CXX executable ../../bin/DatabaseFilter
[ 32%] Built target DatabaseFilter
[ 32%] Linking CXX executable ../../bin/DecoyDatabase
[ 32%] Built target DecoyDatabase
[ 32%] Building CXX object src/topp/CMakeFiles/Decharger.dir/Decharger.cpp.o
[ 32%] Linking CXX executable ../../bin/ConsensusID
[ 32%] Built target ConsensusID
[ 32%] Building CXX object src/topp/CMakeFiles/DeMeanderize.dir/DeMeanderize.cpp.o
[ 32%] Linking CXX executable ../../bin/CometAdapter
[ 32%] Built target CometAdapter
[ 32%] Building CXX object src/topp/CMakeFiles/Digestor.dir/Digestor.cpp.o
[ 32%] Linking CXX executable ../../bin/DeMeanderize
[ 32%] Built target DeMeanderize
[ 32%] Linking CXX executable ../../bin/DigestorMotif
[ 32%] Linking CXX executable ../../bin/Decharger
[ 32%] Built target DigestorMotif
[ 32%] Building CXX object src/topp/CMakeFiles/DTAExtractor.dir/DTAExtractor.cpp.o
[ 32%] Built target Decharger
[ 32%] Building CXX object src/topp/CMakeFiles/EICExtractor.dir/EICExtractor.cpp.o
[ 32%] Linking CXX executable ../../bin/DatabaseSuitability
[ 32%] Linking CXX executable ../../bin/Digestor
[ 32%] Built target DatabaseSuitability
[ 32%] Building CXX object src/topp/CMakeFiles/Epifany.dir/Epifany.cpp.o
[ 32%] Built target Digestor
[ 32%] Building CXX object src/topp/CMakeFiles/ExternalCalibration.dir/ExternalCalibration.cpp.o
[ 32%] Linking CXX executable ../../bin/DTAExtractor
[ 32%] Built target DTAExtractor
[ 32%] Building CXX object src/topp/CMakeFiles/FalseDiscoveryRate.dir/FalseDiscoveryRate.cpp.o
[ 32%] Linking CXX executable ../../bin/ExternalCalibration
[ 32%] Built target ExternalCalibration
[ 33%] Building CXX object src/topp/CMakeFiles/FeatureFinderCentroided.dir/FeatureFinderCentroided.cpp.o
[ 33%] Linking CXX executable ../../bin/Epifany
[ 33%] Built target Epifany
[ 33%] Building CXX object src/topp/CMakeFiles/FeatureFinderIdentification.dir/FeatureFinderIdentification.cpp.o
[ 33%] Linking CXX executable ../../bin/FalseDiscoveryRate
[ 33%] Linking CXX executable ../../bin/EICExtractor
[ 33%] Built target FalseDiscoveryRate
[ 33%] Building CXX object src/topp/CMakeFiles/FeatureFinderMetabo.dir/FeatureFinderMetabo.cpp.o
[ 33%] Built target EICExtractor
[ 33%] Building CXX object src/topp/CMakeFiles/FeatureFinderMetaboIdent.dir/FeatureFinderMetaboIdent.cpp.o
[ 33%] Linking CXX executable ../../bin/FeatureFinderCentroided
[ 33%] Built target FeatureFinderCentroided
[ 33%] Building CXX object src/topp/CMakeFiles/FeatureFinderMultiplex.dir/FeatureFinderMultiplex.cpp.o
[ 33%] Linking CXX executable ../../bin/FeatureFinderIdentification
[ 33%] Built target FeatureFinderIdentification
[ 33%] Building CXX object src/topp/CMakeFiles/FeatureLinkerLabeled.dir/FeatureLinkerLabeled.cpp.o
[ 33%] Linking CXX executable ../../bin/FeatureFinderMetabo
[ 33%] Built target FeatureFinderMetabo
[ 33%] Building CXX object src/topp/CMakeFiles/FeatureLinkerUnlabeled.dir/FeatureLinkerUnlabeled.cpp.o
[ 33%] Linking CXX executable ../../bin/FeatureFinderMetaboIdent
[ 33%] Built target FeatureFinderMetaboIdent
[ 33%] Building CXX object src/topp/CMakeFiles/FeatureLinkerUnlabeledKD.dir/FeatureLinkerUnlabeledKD.cpp.o
[ 33%] Linking CXX executable ../../bin/FeatureFinderMultiplex
[ 33%] Built target FeatureFinderMultiplex
[ 33%] Building CXX object src/topp/CMakeFiles/FeatureLinkerUnlabeledQT.dir/FeatureLinkerUnlabeledQT.cpp.o
[ 33%] Linking CXX executable ../../bin/FeatureLinkerLabeled
[ 33%] Built target FeatureLinkerLabeled
[ 33%] Building CXX object src/topp/CMakeFiles/FileConverter.dir/FileConverter.cpp.o
[ 33%] Linking CXX executable ../../bin/FeatureLinkerUnlabeledKD
[ 33%] Built target FeatureLinkerUnlabeledKD
[ 33%] Building CXX object src/topp/CMakeFiles/FileFilter.dir/FileFilter.cpp.o
[ 33%] Linking CXX executable ../../bin/FeatureLinkerUnlabeled
[ 33%] Built target FeatureLinkerUnlabeled
[ 33%] Building CXX object src/topp/CMakeFiles/FileInfo.dir/FileInfo.cpp.o
[ 33%] Linking CXX executable ../../bin/FeatureLinkerUnlabeledQT
[ 33%] Built target FeatureLinkerUnlabeledQT
[ 33%] Building CXX object src/topp/CMakeFiles/FileMerger.dir/FileMerger.cpp.o
[ 33%] Linking CXX executable ../../bin/FileConverter
[ 33%] Built target FileConverter
[ 33%] Building CXX object src/topp/CMakeFiles/FLASHDeconv.dir/FLASHDeconv.cpp.o
[ 33%] Linking CXX executable ../../bin/FileFilter
[ 33%] Built target FileFilter
[ 33%] Linking CXX executable ../../bin/FuzzyDiff
[ 33%] Built target FuzzyDiff
[ 34%] Building CXX object src/topp/CMakeFiles/GNPSExport.dir/GNPSExport.cpp.o
[ 34%] Linking CXX executable ../../bin/FileMerger
[ 34%] Built target FileMerger
[ 34%] Building CXX object src/topp/CMakeFiles/HighResPrecursorMassCorrector.dir/HighResPrecursorMassCorrector.cpp.o
[ 34%] Linking CXX executable ../../bin/FileInfo
[ 34%] Linking CXX executable ../../bin/FLASHDeconv
[ 34%] Linking CXX executable ../../bin/GNPSExport
[ 34%] Built target FLASHDeconv
[ 34%] Building CXX object src/topp/CMakeFiles/IDConflictResolver.dir/IDConflictResolver.cpp.o
[ 34%] Built target FileInfo
[ 34%] Built target GNPSExport
[ 34%] Building CXX object src/topp/CMakeFiles/IDDecoyProbability.dir/IDDecoyProbability.cpp.o
[ 34%] Building CXX object src/topp/CMakeFiles/IDExtractor.dir/IDExtractor.cpp.o
[ 34%] Linking CXX executable ../../bin/IDDecoyProbability
[ 34%] Built target IDDecoyProbability
[ 34%] Building CXX object src/topp/CMakeFiles/IDFileConverter.dir/IDFileConverter.cpp.o
[ 35%] Linking CXX executable ../../bin/IDConflictResolver
[ 35%] Built target IDConflictResolver
[ 35%] Building CXX object src/topp/CMakeFiles/IDFilter.dir/IDFilter.cpp.o
[ 35%] Linking CXX executable ../../bin/IDExtractor
[ 35%] Linking CXX executable ../../bin/HighResPrecursorMassCorrector
[ 35%] Built target IDExtractor
[ 35%] Building CXX object src/topp/CMakeFiles/IDMapper.dir/IDMapper.cpp.o
[ 35%] Built target HighResPrecursorMassCorrector
[ 35%] Building CXX object src/topp/CMakeFiles/IDMerger.dir/IDMerger.cpp.o
[ 35%] Linking CXX executable ../../bin/IDMapper
[ 35%] Built target IDMapper
[ 35%] Building CXX object src/topp/CMakeFiles/IDPosteriorErrorProbability.dir/IDPosteriorErrorProbability.cpp.o
[ 35%] Linking CXX executable ../../bin/IDFileConverter
[ 35%] Built target IDFileConverter
[ 35%] Building CXX object src/topp/CMakeFiles/IDRipper.dir/IDRipper.cpp.o
[ 35%] Linking CXX executable ../../bin/IDFilter
[ 35%] Built target IDFilter
[ 35%] Building CXX object src/topp/CMakeFiles/IDRTCalibration.dir/IDRTCalibration.cpp.o
[ 35%] Linking CXX executable ../../bin/IDMerger
[ 35%] Built target IDMerger
[ 35%] Building CXX object src/topp/CMakeFiles/IDScoreSwitcher.dir/IDScoreSwitcher.cpp.o
[ 35%] Linking CXX executable ../../bin/IDPosteriorErrorProbability
[ 35%] Built target IDPosteriorErrorProbability
[ 35%] Building CXX object src/topp/CMakeFiles/IDSplitter.dir/IDSplitter.cpp.o
[ 35%] Linking CXX executable ../../bin/IDRTCalibration
[ 35%] Linking CXX executable ../../bin/IDRipper
[ 35%] Built target IDRTCalibration
[ 35%] Building CXX object src/topp/CMakeFiles/InternalCalibration.dir/InternalCalibration.cpp.o
[ 35%] Built target IDRipper
[ 35%] Building CXX object src/topp/CMakeFiles/IonMobilityBinning.dir/IonMobilityBinning.cpp.o
[ 35%] Linking CXX executable ../../bin/IDScoreSwitcher
[ 35%] Built target IDScoreSwitcher
[ 35%] Building CXX object src/topp/CMakeFiles/IsobaricAnalyzer.dir/IsobaricAnalyzer.cpp.o
[ 35%] Linking CXX executable ../../bin/IonMobilityBinning
[ 35%] Linking CXX executable ../../bin/IDSplitter
[ 35%] Built target IonMobilityBinning
[ 35%] Building CXX object src/topp/CMakeFiles/IsobaricWorkflow.dir/IsobaricWorkflow.cpp.o
[ 35%] Built target IDSplitter
[ 35%] Linking CXX executable ../../bin/JSONExporter
[ 35%] Built target JSONExporter
[ 35%] Building CXX object src/topp/CMakeFiles/LuciphorAdapter.dir/LuciphorAdapter.cpp.o
[ 35%] Linking CXX executable ../../bin/InternalCalibration
[ 35%] Built target InternalCalibration
[ 35%] Building CXX object src/topp/CMakeFiles/MapAlignerIdentification.dir/MapAlignerIdentification.cpp.o
[ 35%] Linking CXX executable ../../bin/IsobaricAnalyzer
[ 35%] Built target IsobaricAnalyzer
[ 35%] Building CXX object src/topp/CMakeFiles/MapAlignerPoseClustering.dir/MapAlignerPoseClustering.cpp.o
[ 35%] Linking CXX executable ../../bin/LuciphorAdapter
[ 35%] Linking CXX executable ../../bin/IsobaricWorkflow
[ 35%] Built target LuciphorAdapter
[ 35%] Building CXX object src/topp/CMakeFiles/MapAlignerTreeGuided.dir/MapAlignerTreeGuided.cpp.o
[ 35%] Built target IsobaricWorkflow
[ 35%] Building CXX object src/topp/CMakeFiles/MapNormalizer.dir/MapNormalizer.cpp.o
[ 35%] Linking CXX executable ../../bin/MapAlignerPoseClustering
[ 35%] Built target MapAlignerPoseClustering
[ 35%] Building CXX object src/topp/CMakeFiles/MapRTTransformer.dir/MapRTTransformer.cpp.o
[ 35%] Linking CXX executable ../../bin/MapAlignerIdentification
[ 35%] Built target MapAlignerIdentification
[ 35%] Building CXX object src/topp/CMakeFiles/MapStatistics.dir/MapStatistics.cpp.o
[ 35%] Linking CXX executable ../../bin/MapNormalizer
[ 35%] Built target MapNormalizer
[ 35%] Building CXX object src/topp/CMakeFiles/MaRaClusterAdapter.dir/MaRaClusterAdapter.cpp.o
[ 35%] Linking CXX executable ../../bin/MapAlignerTreeGuided
[ 35%] Built target MapAlignerTreeGuided
[ 35%] Building CXX object src/topp/CMakeFiles/MascotAdapterOnline.dir/MascotAdapterOnline.cpp.o
[ 35%] Linking CXX executable ../../bin/MapRTTransformer
[ 35%] Built target MapRTTransformer
[ 35%] Linking CXX executable ../../bin/MassCalculator
[ 35%] Built target MassCalculator
[ 35%] Building CXX object src/topp/CMakeFiles/MassTraceExtractor.dir/MassTraceExtractor.cpp.o
/workspaces/OpenMS/src/topp/MascotAdapterOnline.cpp: In member function ‘virtual OpenMS::TOPPBase::ExitCodes TOPPMascotAdapterOnline::main_(int, const char**)’:
/workspaces/OpenMS/src/topp/MascotAdapterOnline.cpp:235:23: warning: unused parameter ‘argc’ [-Wunused-parameter]
  235 |   ExitCodes main_(int argc, const char** argv) override
      |                   ~~~~^~~~
/workspaces/OpenMS/src/topp/MascotAdapterOnline.cpp:235:42: warning: unused parameter ‘argv’ [-Wunused-parameter]
  235 |   ExitCodes main_(int argc, const char** argv) override
      |                             ~~~~~~~~~~~~~^~~~
[ 35%] Linking CXX executable ../../bin/MapStatistics
[ 35%] Built target MapStatistics
[ 35%] Building CXX object src/topp/CMakeFiles/MetaboliteAdductDecharger.dir/MetaboliteAdductDecharger.cpp.o
[ 35%] Linking CXX executable ../../bin/MaRaClusterAdapter
[ 35%] Built target MaRaClusterAdapter
[ 35%] Building CXX object src/topp/CMakeFiles/MetaboliteSpectralMatcher.dir/MetaboliteSpectralMatcher.cpp.o
[ 35%] Linking CXX executable ../../bin/MascotAdapterOnline
[ 35%] Built target MascotAdapterOnline
[ 35%] Building CXX object src/topp/CMakeFiles/MetaProSIP.dir/MetaProSIP.cpp.o
[ 35%] Linking CXX executable ../../bin/MetaboliteAdductDecharger
[ 35%] Built target MetaboliteAdductDecharger
[ 35%] Building CXX object src/topp/CMakeFiles/MRMMapper.dir/MRMMapper.cpp.o
[ 35%] Linking CXX executable ../../bin/MassTraceExtractor
[ 35%] Built target MassTraceExtractor
[ 35%] Building CXX object src/topp/CMakeFiles/MRMPairFinder.dir/MRMPairFinder.cpp.o
[ 36%] Linking CXX executable ../../bin/MetaboliteSpectralMatcher
[ 36%] Built target MetaboliteSpectralMatcher
[ 36%] Building CXX object src/topp/CMakeFiles/MSGFPlusAdapter.dir/MSGFPlusAdapter.cpp.o
[ 36%] Linking CXX executable ../../bin/MRMMapper
[ 36%] Built target MRMMapper
[ 37%] Building CXX object src/topp/CMakeFiles/MSFraggerAdapter.dir/MSFraggerAdapter.cpp.o
[ 37%] Linking CXX executable ../../bin/MRMPairFinder
[ 37%] Built target MRMPairFinder
[ 37%] Building CXX object src/topp/CMakeFiles/MSstatsConverter.dir/MSstatsConverter.cpp.o
[ 37%] Linking CXX executable ../../bin/MSFraggerAdapter
[ 37%] Built target MSFraggerAdapter
[ 37%] Building CXX object src/topp/CMakeFiles/MultiplexResolver.dir/MultiplexResolver.cpp.o
[ 37%] Linking CXX executable ../../bin/MSGFPlusAdapter
[ 37%] Built target MSGFPlusAdapter
[ 37%] Building CXX object src/topp/CMakeFiles/MzMLSplitter.dir/MzMLSplitter.cpp.o
[ 37%] Linking CXX executable ../../bin/MSstatsConverter
[ 37%] Built target MSstatsConverter
[ 37%] Building CXX object src/topp/CMakeFiles/MzTabExporter.dir/MzTabExporter.cpp.o
[ 37%] Linking CXX executable ../../bin/MzMLSplitter
[ 37%] Built target MzMLSplitter
[ 37%] Building CXX object src/topp/CMakeFiles/NoiseFilterGaussian.dir/NoiseFilterGaussian.cpp.o
[ 37%] Linking CXX executable ../../bin/MetaProSIP
[ 37%] Built target MetaProSIP
[ 37%] Building CXX object src/topp/CMakeFiles/NoiseFilterSGolay.dir/NoiseFilterSGolay.cpp.o
[ 37%] Linking CXX executable ../../bin/MultiplexResolver
[ 37%] Built target MultiplexResolver
[ 37%] Building CXX object src/topp/CMakeFiles/NovorAdapter.dir/NovorAdapter.cpp.o
[ 37%] Linking CXX executable ../../bin/NoiseFilterGaussian
[ 37%] Built target NoiseFilterGaussian
[ 37%] Building CXX object src/topp/CMakeFiles/NucleicAcidSearchEngine.dir/NucleicAcidSearchEngine.cpp.o
[ 37%] Linking CXX executable ../../bin/NoiseFilterSGolay
[ 37%] Built target NoiseFilterSGolay
[ 37%] Linking CXX executable ../../bin/OpenMSDatabasesInfo
[ 37%] Built target OpenMSDatabasesInfo
[ 37%] Linking CXX executable ../../bin/OpenMSInfo
[ 37%] Built target OpenMSInfo
[ 37%] Building CXX object src/topp/CMakeFiles/OpenNuXL.dir/OpenNuXL.cpp.o
[ 38%] Linking CXX executable ../../bin/NovorAdapter
[ 38%] Built target NovorAdapter
[ 38%] Building CXX object src/topp/CMakeFiles/OpenPepXL.dir/OpenPepXL.cpp.o
[ 38%] Linking CXX executable ../../bin/MzTabExporter
[ 38%] Built target MzTabExporter
[ 38%] Building CXX object src/topp/CMakeFiles/OpenSwathAnalyzer.dir/OpenSwathAnalyzer.cpp.o
[ 38%] Linking CXX executable ../../bin/OpenPepXL
[ 38%] Built target OpenPepXL
[ 38%] Building CXX object src/topp/CMakeFiles/OpenSwathAssayGenerator.dir/OpenSwathAssayGenerator.cpp.o
[ 38%] Linking CXX executable ../../bin/OpenSwathAnalyzer
[ 38%] Built target OpenSwathAnalyzer
[ 38%] Building CXX object src/topp/CMakeFiles/OpenSwathChromatogramExtractor.dir/OpenSwathChromatogramExtractor.cpp.o
[ 38%] Linking CXX executable ../../bin/OpenSwathAssayGenerator
[ 38%] Built target OpenSwathAssayGenerator
[ 38%] Building CXX object src/topp/CMakeFiles/OpenSwathConfidenceScoring.dir/OpenSwathConfidenceScoring.cpp.o
[ 38%] Linking CXX executable ../../bin/NucleicAcidSearchEngine
[ 38%] Built target NucleicAcidSearchEngine
[ 38%] Building CXX object src/topp/CMakeFiles/OpenSwathDecoyGenerator.dir/OpenSwathDecoyGenerator.cpp.o
[ 38%] Linking CXX executable ../../bin/OpenSwathConfidenceScoring
[ 38%] Built target OpenSwathConfidenceScoring
[ 38%] Building CXX object src/topp/CMakeFiles/OpenSwathFeatureXMLToTSV.dir/OpenSwathFeatureXMLToTSV.cpp.o
[ 38%] Linking CXX executable ../../bin/OpenSwathChromatogramExtractor
[ 38%] Built target OpenSwathChromatogramExtractor
[ 38%] Building CXX object src/topp/CMakeFiles/OpenSwathRTNormalizer.dir/OpenSwathRTNormalizer.cpp.o
[ 38%] Linking CXX executable ../../bin/OpenSwathDecoyGenerator
[ 38%] Built target OpenSwathDecoyGenerator
[ 38%] Building CXX object src/topp/CMakeFiles/PeakPickerHiRes.dir/PeakPickerHiRes.cpp.o
[ 38%] Linking CXX executable ../../bin/OpenSwathFeatureXMLToTSV
[ 38%] Built target OpenSwathFeatureXMLToTSV
[ 38%] Building CXX object src/topp/CMakeFiles/PeakPickerIterative.dir/PeakPickerIterative.cpp.o
[ 38%] Linking CXX executable ../../bin/PeakPickerHiRes
[ 38%] Built target PeakPickerHiRes
[ 38%] Building CXX object src/topp/CMakeFiles/PeakPickerIM.dir/PeakPickerIM.cpp.o
[ 38%] Linking CXX executable ../../bin/OpenNuXL
[ 38%] Built target OpenNuXL
[ 38%] Building CXX object src/topp/CMakeFiles/PeptideIndexer.dir/PeptideIndexer.cpp.o
[ 38%] Linking CXX executable ../../bin/OpenSwathRTNormalizer
[ 38%] Built target OpenSwathRTNormalizer
[ 38%] Building CXX object src/topp/CMakeFiles/PeptideDataBaseSearchFI.dir/PeptideDataBaseSearchFI.cpp.o
[ 38%] Linking CXX executable ../../bin/PeakPickerIterative
[ 38%] Built target PeakPickerIterative
[ 38%] Building CXX object src/topp/CMakeFiles/PercolatorAdapter.dir/PercolatorAdapter.cpp.o
[ 38%] Linking CXX executable ../../bin/PeakPickerIM
[ 38%] Linking CXX executable ../../bin/PeptideIndexer
[ 38%] Built target PeakPickerIM
[ 38%] Building CXX object src/topp/CMakeFiles/PhosphoScoring.dir/PhosphoScoring.cpp.o
[ 38%] Built target PeptideIndexer
[ 38%] Building CXX object src/topp/CMakeFiles/ProteinInference.dir/ProteinInference.cpp.o
[ 38%] Linking CXX executable ../../bin/PeptideDataBaseSearchFI
[ 38%] Built target PeptideDataBaseSearchFI
[ 38%] Building CXX object src/topp/CMakeFiles/ProteinQuantifier.dir/ProteinQuantifier.cpp.o
[ 38%] Linking CXX executable ../../bin/ProteinInference
[ 38%] Built target ProteinInference
[ 38%] Building CXX object src/topp/CMakeFiles/ProteomicsLFQ.dir/ProteomicsLFQ.cpp.o
[ 38%] Linking CXX executable ../../bin/PhosphoScoring
[ 38%] Built target PhosphoScoring
[ 38%] Building CXX object src/topp/CMakeFiles/PSMFeatureExtractor.dir/PSMFeatureExtractor.cpp.o
[ 38%] Linking CXX executable ../../bin/PercolatorAdapter
[ 38%] Built target PercolatorAdapter
[ 38%] Building CXX object src/topp/CMakeFiles/QCCalculator.dir/QCCalculator.cpp.o
[ 39%] Linking CXX executable ../../bin/PSMFeatureExtractor
[ 39%] Built target PSMFeatureExtractor
[ 39%] Building CXX object src/topp/CMakeFiles/QCEmbedder.dir/QCEmbedder.cpp.o
[ 39%] Linking CXX executable ../../bin/ProteinQuantifier
[ 39%] Built target ProteinQuantifier
[ 39%] Building CXX object src/topp/CMakeFiles/QCExporter.dir/QCExporter.cpp.o
[ 39%] Linking CXX executable ../../bin/QCCalculator
[ 39%] Built target QCCalculator
[ 39%] Building CXX object src/topp/CMakeFiles/QCExtractor.dir/QCExtractor.cpp.o
[ 39%] Linking CXX executable ../../bin/QCEmbedder
[ 39%] Built target QCEmbedder
[ 39%] Building CXX object src/topp/CMakeFiles/QCImporter.dir/QCImporter.cpp.o
[ 39%] Linking CXX executable ../../bin/QCExporter
[ 39%] Built target QCExporter
[ 39%] Building CXX object src/topp/CMakeFiles/QCMerger.dir/QCMerger.cpp.o
[ 39%] Linking CXX executable ../../bin/QCExtractor
[ 39%] Built target QCExtractor
[ 39%] Building CXX object src/topp/CMakeFiles/QCShrinker.dir/QCShrinker.cpp.o
[ 39%] Linking CXX executable ../../bin/QCImporter
[ 39%] Built target QCImporter
[ 39%] Building CXX object src/topp/CMakeFiles/QualityControl.dir/QualityControl.cpp.o
[ 39%] Linking CXX executable ../../bin/QCShrinker
[ 39%] Linking CXX executable ../../bin/QCMerger
[ 39%] Built target QCShrinker
[ 39%] Building CXX object src/topp/CMakeFiles/Resampler.dir/Resampler.cpp.o
[ 39%] Built target QCMerger
[ 39%] Building CXX object src/topp/CMakeFiles/RNADigestor.dir/RNADigestor.cpp.o
[ 39%] Linking CXX executable ../../bin/Resampler
[ 39%] Built target Resampler
[ 39%] Linking CXX executable ../../bin/RNAMassCalculator
[ 39%] Built target RNAMassCalculator
[ 39%] Building CXX object src/topp/CMakeFiles/RNPxlXICFilter.dir/RNPxlXICFilter.cpp.o
[ 39%] Linking CXX executable ../../bin/ProteomicsLFQ
[ 39%] Built target ProteomicsLFQ
[ 39%] Building CXX object src/topp/CMakeFiles/SageAdapter.dir/SageAdapter.cpp.o
[ 39%] Linking CXX executable ../../bin/RNADigestor
[ 39%] Built target RNADigestor
[ 39%] Building CXX object src/topp/CMakeFiles/SeedListGenerator.dir/SeedListGenerator.cpp.o
[ 40%] Linking CXX executable ../../bin/QualityControl
[ 40%] Linking CXX executable ../../bin/RNPxlXICFilter
[ 40%] Built target QualityControl
[ 40%] Building CXX object src/topp/CMakeFiles/SemanticValidator.dir/SemanticValidator.cpp.o
[ 40%] Built target RNPxlXICFilter
[ 41%] Building CXX object src/topp/CMakeFiles/SequenceCoverageCalculator.dir/SequenceCoverageCalculator.cpp.o
[ 41%] Linking CXX executable ../../bin/SemanticValidator
[ 41%] Built target SemanticValidator
[ 41%] Building CXX object src/topp/CMakeFiles/SimpleSearchEngine.dir/SimpleSearchEngine.cpp.o
[ 41%] Linking CXX executable ../../bin/SeedListGenerator
[ 41%] Built target SeedListGenerator
[ 41%] Building CXX object src/topp/CMakeFiles/SiriusExport.dir/SiriusExport.cpp.o
[ 41%] Linking CXX executable ../../bin/SequenceCoverageCalculator
[ 41%] Built target SequenceCoverageCalculator
[ 41%] Building CXX object src/topp/CMakeFiles/SpectraFilterNLargest.dir/SpectraFilterNLargest.cpp.o
[ 41%] Linking CXX executable ../../bin/SimpleSearchEngine
[ 41%] Built target SimpleSearchEngine
[ 41%] Building CXX object src/topp/CMakeFiles/SpectraFilterNormalizer.dir/SpectraFilterNormalizer.cpp.o
[ 41%] Linking CXX executable ../../bin/SpectraFilterNLargest
[ 41%] Built target SpectraFilterNLargest
[ 41%] Building CXX object src/topp/CMakeFiles/SpectraFilterThresholdMower.dir/SpectraFilterThresholdMower.cpp.o
[ 41%] Linking CXX executable ../../bin/SiriusExport
[ 41%] Linking CXX executable ../../bin/SpectraFilterNormalizer
[ 41%] Built target SiriusExport
[ 41%] Building CXX object src/topp/CMakeFiles/SpectraFilterWindowMower.dir/SpectraFilterWindowMower.cpp.o
[ 41%] Built target SpectraFilterNormalizer
[ 41%] Building CXX object src/topp/CMakeFiles/SpectraMerger.dir/SpectraMerger.cpp.o
[ 41%] Linking CXX executable ../../bin/SpectraFilterThresholdMower
[ 41%] Built target SpectraFilterThresholdMower
[ 41%] Building CXX object src/topp/CMakeFiles/SpectraSTSearchAdapter.dir/SpectraSTSearchAdapter.cpp.o
[ 41%] Linking CXX executable ../../bin/SpectraFilterWindowMower
[ 41%] Built target SpectraFilterWindowMower
[ 41%] Building CXX object src/topp/CMakeFiles/StaticModification.dir/StaticModification.cpp.o
[ 41%] Linking CXX executable ../../bin/SpectraSTSearchAdapter
[ 41%] Linking CXX executable ../../bin/SageAdapter
[ 41%] Built target SpectraSTSearchAdapter
[ 41%] Building CXX object src/topp/CMakeFiles/TICCalculator.dir/TICCalculator.cpp.o
[ 41%] Built target SageAdapter
[ 41%] Building CXX object src/topp/CMakeFiles/TextExporter.dir/TextExporter.cpp.o
[ 41%] Linking CXX executable ../../bin/StaticModification
[ 41%] Built target StaticModification
[ 41%] Building CXX object src/topp/CMakeFiles/TriqlerConverter.dir/TriqlerConverter.cpp.o
[ 41%] Linking CXX executable ../../bin/TICCalculator
[ 41%] Built target TICCalculator
[ 41%] Building CXX object src/topp/CMakeFiles/XFDR.dir/XFDR.cpp.o
[ 41%] Linking CXX executable ../../bin/TriqlerConverter
[ 41%] Linking CXX executable ../../bin/SpectraMerger
[ 41%] Built target TriqlerConverter
[ 41%] Building CXX object src/topp/CMakeFiles/XMLValidator.dir/XMLValidator.cpp.o
[ 41%] Built target SpectraMerger
[ 41%] Building CXX object src/topp/CMakeFiles/TargetedFileConverter.dir/TargetedFileConverter.cpp.o
[ 41%] Linking CXX executable ../../bin/XFDR
[ 41%] Linking CXX executable ../../bin/TargetedFileConverter
[ 41%] Built target XFDR
[ 41%] Built target TargetedFileConverter
[ 41%] Building CXX object src/topp/CMakeFiles/OpenSwathMzMLFileCacher.dir/OpenSwathMzMLFileCacher.cpp.o
[ 41%] Building CXX object src/topp/CMakeFiles/OpenSwathDIAPreScoring.dir/OpenSwathDIAPreScoring.cpp.o
[ 41%] Linking CXX executable ../../bin/TextExporter
[ 41%] Built target TextExporter
[ 41%] Building CXX object src/topp/CMakeFiles/OpenSwathWorkflow.dir/OpenSwathWorkflow.cpp.o
[ 41%] Linking CXX executable ../../bin/XMLValidator
[ 41%] Built target XMLValidator
[ 41%] Building CXX object src/topp/CMakeFiles/OpenSwathFileSplitter.dir/OpenSwathFileSplitter.cpp.o
[ 42%] Linking CXX executable ../../bin/OpenSwathMzMLFileCacher
[ 42%] Built target OpenSwathMzMLFileCacher
[ 42%] Building CXX object src/topp/CMakeFiles/OpenSwathRewriteToFeatureXML.dir/OpenSwathRewriteToFeatureXML.cpp.o
[ 42%] Linking CXX executable ../../bin/OpenSwathFileSplitter
[ 42%] Built target OpenSwathFileSplitter
[ 42%] Building CXX object src/topp/CMakeFiles/MRMTransitionGroupPicker.dir/MRMTransitionGroupPicker.cpp.o
[ 42%] Linking CXX executable ../../bin/OpenSwathDIAPreScoring
[ 42%] Built target OpenSwathDIAPreScoring
[ 42%] Building CXX object src/topp/CMakeFiles/QPXConverter.dir/QPXConverter.cpp.o
/workspaces/OpenMS/src/topp/OpenSwathWorkflow.cpp: In member function ‘virtual OpenMS::TOPPBase::ExitCodes TOPPOpenSwathWorkflow::main_(int, const char**)’:
/workspaces/OpenMS/src/topp/OpenSwathWorkflow.cpp:1363:68: warning: ‘std::filesystem::__cxx11::path std::filesystem::__cxx11::u8path(const _Source&) [with _Source = std::__cxx11::basic_string<char>; _Require = path; _CharT = char]’ is deprecated: use 'path((const char8_t*)&*source)' instead [-Wdeprecated-declarations]
 1363 |       const std::filesystem::path dirpath = std::filesystem::u8path(std::string(parquet_dir));
      |                                             ~~~~~~~~~~~~~~~~~~~~~~~^~~~~~~~~~~~~~~~~~~~~~~~~~
In file included from /opt/rh/gcc-toolset-14/root/usr/include/c++/14/filesystem:52,
                 from /workspaces/OpenMS/src/topp/OpenSwathWorkflow.cpp:29:
/opt/rh/gcc-toolset-14/root/usr/include/c++/14/bits/fs_path.h:843:5: note: declared here
  843 |     u8path(const _Source& __source)
      |     ^~~~~~
[ 42%] Linking CXX executable ../../bin/OpenSwathRewriteToFeatureXML
[ 42%] Built target OpenSwathRewriteToFeatureXML
[ 42%] Building CXX object src/topp/CMakeFiles/ParquetConverter.dir/ParquetConverter.cpp.o
[ 42%] Linking CXX executable ../../bin/QPXConverter
[ 42%] Built target QPXConverter
[ 42%] Built target OpenMS_GUI_autogen_timestamp_deps
[ 42%] Linking CXX executable ../bin/Scoring_test
[ 42%] Built target Scoring_test
[ 43%] Linking CXX executable ../bin/Datastructures_test
[ 43%] Built target Datastructures_test
[ 43%] Linking CXX executable ../bin/TestConvert
[ 44%] Built target TestConvert
[ 44%] Linking CXX executable ../bin/DiaHelpers_test
[ 44%] Built target DiaHelpers_test
[ 44%] Linking CXX executable ../bin/SwathMap_test
[ 44%] Built target SwathMap_test
[ 44%] Linking CXX executable ../bin/ClassTest_test
[ 44%] Built target ClassTest_test
[ 44%] Linking CXX executable ../bin/Colorizer_test
[ 44%] Built target Colorizer_test
[ 44%] Linking CXX executable ../bin/Exception_Base_test
[ 44%] Built target Exception_Base_test
[ 44%] Linking CXX executable ../bin/FuzzyStringComparator_test
[ 44%] Built target FuzzyStringComparator_test
[ 44%] Linking CXX executable ../bin/StreamHandler_test
[ 44%] Linking CXX executable ../../bin/ParquetConverter
[ 44%] Built target StreamHandler_test
[ 44%] Linking CXX executable ../bin/Types_test
[ 44%] Built target ParquetConverter
[ 44%] Building CXX object src/tests/class_tests/openms/CMakeFiles/VersionInfo_test.dir/source/VersionInfo_test.cpp.o
[ 44%] Built target Types_test
[ 45%] Linking CXX executable ../bin/LogConfigHandler_test
[ 45%] Built target LogConfigHandler_test
[ 45%] Linking CXX executable ../bin/LogStream_test
[ 45%] Built target LogStream_test
[ 45%] Linking CXX executable ../bin/Multithreading_test
[ 45%] Linking CXX executable ../bin/VersionInfo_test
[ 45%] Built target Multithreading_test
[ 45%] Linking CXX executable ../bin/UniqueIdGenerator_test
[ 45%] Linking CXX executable ../../bin/OpenSwathWorkflow
[ 45%] Built target VersionInfo_test
[ 45%] Linking CXX executable ../bin/UniqueIdIndexer_test
[ 45%] Built target UniqueIdGenerator_test
[ 45%] Linking CXX executable ../bin/UniqueIdInterface_test
[ 45%] Built target UniqueIdIndexer_test
[ 45%] Linking CXX executable ../bin/ExternalProcess_test
[ 45%] Built target OpenSwathWorkflow
[ 45%] Linking CXX executable ../bin/File_test
[ 45%] Built target UniqueIdInterface_test
[ 45%] Linking CXX executable ../bin/Network_test
[ 45%] Built target ExternalProcess_test
[ 45%] Linking CXX executable ../bin/JavaInfo_test
[ 45%] Built target File_test
[ 45%] Linking CXX executable ../bin/PythonInfo_test
[ 45%] Built target Network_test
[ 45%] Linking CXX executable ../bin/StopWatch_test
[ 45%] Built target JavaInfo_test
[ 45%] Building CXX object src/tests/class_tests/openms/CMakeFiles/SysInfo_test.dir/source/SysInfo_test.cpp.o
[ 45%] Built target PythonInfo_test
[ 45%] Linking CXX executable ../bin/Adduct_test
[ 45%] Built target StopWatch_test
[ 45%] Linking CXX executable ../bin/CalibrationData_test
[ 45%] Built target Adduct_test
[ 45%] Linking CXX executable ../bin/ClusteringGrid_test
[ 45%] Built target CalibrationData_test
[ 45%] Linking CXX executable ../bin/CVMappingRule_test
[ 45%] Linking CXX executable ../../bin/MRMTransitionGroupPicker
[ 45%] Built target ClusteringGrid_test
[ 45%] Linking CXX executable ../bin/CVMappingTerm_test
[ 45%] Built target CVMappingRule_test
[ 45%] Linking CXX executable ../bin/CVMappings_test
[ 45%] Built target MRMTransitionGroupPicker
[ 46%] Linking CXX executable ../bin/CVReference_test
[ 46%] Built target CVMappingTerm_test
[ 46%] Linking CXX executable ../bin/ChargePair_test
[ 46%] Built target CVMappings_test
[ 46%] Linking CXX executable ../bin/Compomer_test
[ 46%] Built target CVReference_test
[ 46%] Linking CXX executable ../bin/ConvexHull2D_test
[ 46%] Built target ChargePair_test
[ 46%] Linking CXX executable ../bin/DBoundingBox_test
[ 46%] Built target Compomer_test
[ 47%] Linking CXX executable ../bin/DIntervalBase_test
[ 47%] Built target ConvexHull2D_test
[ 47%] Linking CXX executable ../bin/DPosition_test
[ 47%] Built target DBoundingBox_test
[ 47%] Linking CXX executable ../bin/DRange_test
[ 47%] Built target DIntervalBase_test
[ 47%] Linking CXX executable ../bin/DataValue_test
[ 47%] Built target DPosition_test
[ 47%] Linking CXX executable ../bin/DateTime_test
[ 47%] Built target DRange_test
[ 47%] Linking CXX executable ../bin/Date_test
[ 47%] Built target DataValue_test
[ 47%] Linking CXX executable ../bin/DefaultParamHandler_test
[ 47%] Built target DateTime_test
[ 47%] Linking CXX executable ../bin/DistanceMatrix_test
[ 47%] Built target Date_test
[ 47%] Linking CXX executable ../bin/FASTAContainer_test
[ 47%] Linking CXX executable ../bin/SysInfo_test
[ 47%] Built target DefaultParamHandler_test
[ 47%] Built target DistanceMatrix_test
[ 47%] Linking CXX executable ../bin/FlagSet_test
[ 47%] Linking CXX executable ../bin/GridBasedCluster_test
[ 47%] Built target SysInfo_test
[ 47%] Building CXX object src/tests/class_tests/openms/CMakeFiles/GridBasedClustering_test.dir/source/GridBasedClustering_test.cpp.o
[ 47%] Built target FASTAContainer_test
[ 47%] Built target FlagSet_test
[ 47%] Linking CXX executable ../bin/HashGrid_test
[ 47%] Linking CXX executable ../bin/GridFeature_test
[ 47%] Built target GridBasedCluster_test
[ 47%] Linking CXX executable ../bin/ListUtils_test
[ 47%] Built target GridFeature_test
[ 47%] Linking CXX executable ../bin/ListUtilsIO_test
[ 47%] Built target HashGrid_test
[ 47%] Built target ListUtils_test
[ 47%] Linking CXX executable ../bin/LPWrapper_test
[ 47%] Linking CXX executable ../bin/MassExplainer_test
[ 47%] Built target ListUtilsIO_test
[ 48%] Linking CXX executable ../bin/MatchedIterator_test
[ 48%] Built target LPWrapper_test
[ 48%] Linking CXX executable ../bin/Matrix_test
[ 48%] Built target MassExplainer_test
[ 48%] Linking CXX executable ../bin/MatrixEigen_test
[ 48%] Built target MatchedIterator_test
[ 48%] Building CXX object src/tests/class_tests/openms/CMakeFiles/OPXLDataStructs_test.dir/source/OPXLDataStructs_test.cpp.o
[ 48%] Built target Matrix_test
[ 48%] Linking CXX executable ../bin/Param_test
[ 48%] Built target MatrixEigen_test
[ 48%] Linking CXX executable ../bin/ParamValue_test
[ 48%] Built target Param_test
[ 48%] Built target ParamValue_test
[ 48%] Linking CXX executable ../bin/RangeManager_test
[ 48%] Linking CXX executable ../bin/QTCluster_test
[ 48%] Built target QTCluster_test
[ 48%] Built target RangeManager_test
[ 49%] Linking CXX executable ../bin/StringListUtils_test
[ 49%] Linking CXX executable ../bin/StringUtils_test
[ 49%] Built target StringListUtils_test
[ 49%] Linking CXX executable ../bin/String_test
[ 49%] Built target StringUtils_test
[ 49%] Building CXX object src/tests/class_tests/openms/CMakeFiles/AreaIterator_test.dir/source/AreaIterator_test.cpp.o
[ 49%] Built target String_test
[ 49%] Linking CXX executable ../bin/BaseFeature_test
[ 49%] Built target BaseFeature_test
[ 49%] Linking CXX executable ../bin/ChromatogramPeak_test
[ 49%] Built target ChromatogramPeak_test
[ 50%] Building CXX object src/tests/class_tests/openms/CMakeFiles/ChromatogramTools_test.dir/source/ChromatogramTools_test.cpp.o
[ 50%] Linking CXX executable ../bin/OPXLDataStructs_test
[ 50%] Built target OPXLDataStructs_test
[ 50%] Building CXX object src/tests/class_tests/openms/CMakeFiles/ConsensusFeature_test.dir/source/ConsensusFeature_test.cpp.o
[ 50%] Linking CXX executable ../bin/AreaIterator_test
[ 50%] Built target AreaIterator_test
[ 50%] Building CXX object src/tests/class_tests/openms/CMakeFiles/ConsensusMap_test.dir/source/ConsensusMap_test.cpp.o
[ 50%] Linking CXX executable ../bin/ChromatogramTools_test
[ 51%] Linking CXX executable ../bin/GridBasedClustering_test
[ 51%] Built target ChromatogramTools_test
[ 51%] Building CXX object src/tests/class_tests/openms/CMakeFiles/ConversionHelper_test.dir/source/ConversionHelper_test.cpp.o
[ 51%] Built target GridBasedClustering_test
[ 51%] Building CXX object src/tests/class_tests/openms/CMakeFiles/ConstRefVector_test.dir/source/ConstRefVector_test.cpp.o
[ 51%] Linking CXX executable ../bin/ConsensusFeature_test
[ 51%] Built target ConsensusFeature_test
[ 51%] Building CXX object src/tests/class_tests/openms/CMakeFiles/DimMapper_test.dir/source/DimMapper_test.cpp.o
[ 51%] Linking CXX executable ../bin/ConsensusMap_test
[ 51%] Built target ConsensusMap_test
[ 51%] Linking CXX executable ../bin/DPeak_test
[ 51%] Linking CXX executable ../bin/ConstRefVector_test
[ 51%] Built target DPeak_test
[ 51%] Building CXX object src/tests/class_tests/openms/CMakeFiles/FeatureMap_test.dir/source/FeatureMap_test.cpp.o
[ 51%] Built target ConstRefVector_test
[ 51%] Linking CXX executable ../bin/Feature_test
[ 51%] Built target Feature_test
[ 51%] Building CXX object src/tests/class_tests/openms/CMakeFiles/MassTrace_test.dir/source/MassTrace_test.cpp.o
[ 51%] Linking CXX executable ../bin/ConversionHelper_test
[ 51%] Built target ConversionHelper_test
[ 51%] Linking CXX executable ../bin/Mobilogram_test
[ 51%] Built target Mobilogram_test
[ 51%] Linking CXX executable ../bin/MobilityPeak1D_test
[ 51%] Built target MobilityPeak1D_test
[ 51%] Linking CXX executable ../bin/MobilityPeak2D_test
[ 51%] Built target MobilityPeak2D_test
[ 51%] Linking CXX executable ../bin/MRMFeature_test
[ 51%] Built target MRMFeature_test
[ 51%] Building CXX object src/tests/class_tests/openms/CMakeFiles/MRMTransitionGroup_test.dir/source/MRMTransitionGroup_test.cpp.o
[ 51%] Linking CXX executable ../bin/DimMapper_test
[ 51%] Built target DimMapper_test
[ 51%] Linking CXX executable ../bin/MSChromatogram_test
[ 51%] Built target MSChromatogram_test
[ 51%] Building CXX object src/tests/class_tests/openms/CMakeFiles/MSExperiment_test.dir/source/MSExperiment_test.cpp.o
[ 51%] Linking CXX executable ../bin/MassTrace_test
[ 51%] Built target MassTrace_test
[ 51%] Building CXX object src/tests/class_tests/openms/CMakeFiles/MSExperiment_rasterizeRTMZ_test.dir/source/MSExperiment_rasterizeRTMZ_test.cpp.o
[ 51%] Linking CXX executable ../bin/FeatureMap_test
[ 51%] Built target FeatureMap_test
[ 51%] Building CXX object src/tests/class_tests/openms/CMakeFiles/OnDiscMSExperiment_test.dir/source/OnDiscMSExperiment_test.cpp.o
[ 51%] Linking CXX executable ../bin/MSExperiment_rasterizeRTMZ_test
[ 51%] Built target MSExperiment_rasterizeRTMZ_test
[ 51%] Linking CXX executable ../bin/MSSpectrum_test
[ 51%] Built target MSSpectrum_test
[ 51%] Linking CXX executable ../bin/MSSpectrum_rasterizeIMFrame_test
[ 51%] Linking CXX executable ../bin/MRMTransitionGroup_test
[ 51%] Built target MSSpectrum_rasterizeIMFrame_test
[ 51%] Linking CXX executable ../bin/Peak1D_test
[ 51%] Built target MRMTransitionGroup_test
[ 51%] Linking CXX executable ../bin/Peak2D_test
[ 51%] Built target Peak1D_test
[ 51%] Built target Peak2D_test
[ 51%] Building CXX object src/tests/class_tests/openms/CMakeFiles/PeakIndex_test.dir/source/PeakIndex_test.cpp.o
[ 51%] Linking CXX executable ../bin/RangeUtils_test
[ 51%] Built target RangeUtils_test
[ 51%] Linking CXX executable ../bin/RichPeak2D_test
[ 51%] Built target RichPeak2D_test
[ 51%] Building CXX object src/tests/class_tests/openms/CMakeFiles/StandardTypes_test.dir/source/StandardTypes_test.cpp.o
[ 51%] Linking CXX executable ../bin/OnDiscMSExperiment_test
[ 51%] Built target OnDiscMSExperiment_test
[ 51%] Linking CXX executable ../bin/SpectrumHelper_test
[ 51%] Built target SpectrumHelper_test
[ 51%] Linking CXX executable ../bin/AcquisitionInfo_test
[ 51%] Built target AcquisitionInfo_test
[ 51%] Linking CXX executable ../bin/Acquisition_test
[ 51%] Built target Acquisition_test
[ 51%] Building CXX object src/tests/class_tests/openms/CMakeFiles/AnnotatedMSRun_test.dir/source/AnnotatedMSRun_test.cpp.o
[ 51%] Linking CXX executable ../bin/StandardTypes_test
[ 51%] Built target StandardTypes_test
[ 51%] Linking CXX executable ../bin/CVTermList_test
[ 51%] Built target CVTermList_test
[ 51%] Linking CXX executable ../bin/CVTermListInterface_test
[ 51%] Built target CVTermListInterface_test
[ 51%] Linking CXX executable ../bin/CVTerm_test
[ 51%] Built target CVTerm_test
[ 51%] Linking CXX executable ../bin/ChromatogramSettings_test
[ 51%] Linking CXX executable ../bin/MSExperiment_test
[ 51%] Built target ChromatogramSettings_test
[ 51%] Linking CXX executable ../bin/ContactPerson_test
[ 51%] Built target MSExperiment_test
[ 51%] Linking CXX executable ../bin/DataArrays_test
[ 51%] Linking CXX executable ../bin/PeakIndex_test
[ 51%] Built target ContactPerson_test
[ 51%] Linking CXX executable ../bin/DataProcessing_test
[ 51%] Built target DataArrays_test
[ 51%] Building CXX object src/tests/class_tests/openms/CMakeFiles/DocumentIdentifier_test.dir/source/DocumentIdentifier_test.cpp.o
[ 51%] Built target PeakIndex_test
[ 51%] Building CXX object src/tests/class_tests/openms/CMakeFiles/ExperimentalDesign_test.dir/source/ExperimentalDesign_test.cpp.o
[ 51%] Built target DataProcessing_test
[ 51%] Building CXX object src/tests/class_tests/openms/CMakeFiles/ExperimentalSettings_test.dir/source/ExperimentalSettings_test.cpp.o
[ 51%] Linking CXX executable ../bin/DocumentIdentifier_test
[ 51%] Built target DocumentIdentifier_test
[ 51%] Linking CXX executable ../bin/Gradient_test
[ 51%] Built target Gradient_test
[ 51%] Linking CXX executable ../bin/HPLC_test
[ 51%] Built target HPLC_test
[ 51%] Linking CXX executable ../bin/IdentificationData_test
[ 51%] Built target IdentificationData_test
[ 51%] Building CXX object src/tests/class_tests/openms/CMakeFiles/IdentificationDataConverter_test.dir/source/IdentificationDataConverter_test.cpp.o
[ 51%] Linking CXX executable ../bin/AnnotatedMSRun_test
[ 52%] Linking CXX executable ../bin/ExperimentalSettings_test
[ 52%] Built target AnnotatedMSRun_test
[ 52%] Linking CXX executable ../bin/InstrumentSettings_test
[ 52%] Built target ExperimentalSettings_test
[ 52%] Linking CXX executable ../bin/Instrument_test
[ 52%] Built target InstrumentSettings_test
[ 52%] Linking CXX executable ../bin/IonDetector_test
[ 52%] Built target Instrument_test
[ 52%] Linking CXX executable ../bin/IonSource_test
[ 52%] Built target IonDetector_test
[ 52%] Linking CXX executable ../bin/MassAnalyzer_test
[ 52%] Built target IonSource_test
[ 52%] Linking CXX executable ../bin/MetaInfoDescription_test
[ 52%] Built target MassAnalyzer_test
[ 52%] Linking CXX executable ../bin/MetaInfoInterface_test
[ 52%] Built target MetaInfoDescription_test
[ 52%] Linking CXX executable ../bin/MetaInfoInterfaceUtils_test
[ 52%] Built target MetaInfoInterface_test
[ 52%] Linking CXX executable ../bin/MetaInfoRegistry_test
[ 52%] Built target MetaInfoInterfaceUtils_test
[ 52%] Linking CXX executable ../bin/MetaInfo_test
[ 52%] Built target MetaInfoRegistry_test
[ 52%] Linking CXX executable ../bin/SpectrumNativeIDParser_test
[ 52%] Built target MetaInfo_test
[ 52%] Linking CXX executable ../bin/PeptideEvidence_test
[ 52%] Built target SpectrumNativeIDParser_test
[ 52%] Linking CXX executable ../bin/PeptideHit_test
[ 52%] Built target PeptideEvidence_test
[ 52%] Building CXX object src/tests/class_tests/openms/CMakeFiles/PeptideIdentification_test.dir/source/PeptideIdentification_test.cpp.o
[ 52%] Built target PeptideHit_test
[ 52%] Linking CXX executable ../bin/PeptideIdentificationList_test
[ 52%] Built target PeptideIdentificationList_test
[ 52%] Linking CXX executable ../bin/Precursor_test
[ 52%] Linking CXX executable ../bin/ExperimentalDesign_test
[ 53%] Built target Precursor_test
[ 53%] Linking CXX executable ../bin/Product_test
[ 53%] Built target ExperimentalDesign_test
[ 53%] Linking CXX executable ../bin/ProteinHit_test
[ 53%] Built target Product_test
[ 53%] Building CXX object src/tests/class_tests/openms/CMakeFiles/ProteinIdentification_test.dir/source/ProteinIdentification_test.cpp.o
[ 53%] Built target ProteinHit_test
[ 53%] Linking CXX executable ../bin/Sample_test
[ 53%] Built target Sample_test
[ 53%] Linking CXX executable ../bin/ScanWindow_test
[ 53%] Built target ScanWindow_test
[ 53%] Linking CXX executable ../bin/Software_test
[ 53%] Built target Software_test
[ 53%] Linking CXX executable ../bin/SourceFile_test
[ 53%] Built target SourceFile_test
[ 53%] Linking CXX executable ../bin/SpectrumLookup_test
[ 53%] Built target SpectrumLookup_test
[ 53%] Building CXX object src/tests/class_tests/openms/CMakeFiles/SpectrumMetaDataLookup_test.dir/source/SpectrumMetaDataLookup_test.cpp.o
[ 53%] Linking CXX executable ../bin/ProteinIdentification_test
[ 53%] Linking CXX executable ../bin/IdentificationDataConverter_test
[ 53%] Built target ProteinIdentification_test
[ 53%] Linking CXX executable ../bin/SpectrumSettings_test
[ 53%] Linking CXX executable ../bin/PeptideIdentification_test
[ 54%] Built target SpectrumSettings_test
[ 54%] Linking CXX executable ../bin/USI_test
[ 54%] Built target IdentificationDataConverter_test
[ 54%] Building CXX object src/tests/class_tests/openms/CMakeFiles/AbsoluteQuantitationStandardsFile_test.dir/source/AbsoluteQuantitationStandardsFile_test.cpp.o
[ 54%] Built target USI_test
[ 54%] Built target PeptideIdentification_test
[ 55%] Linking CXX executable ../bin/Base64_test
[ 55%] Building CXX object src/tests/class_tests/openms/CMakeFiles/BrukerTimsFile_test.dir/source/BrukerTimsFile_test.cpp.o
[ 55%] Built target Base64_test
[ 55%] Linking CXX executable ../bin/MSNumpressCoder_test
[ 55%] Linking CXX executable ../bin/SpectrumMetaDataLookup_test
[ 55%] Built target MSNumpressCoder_test
[ 55%] Linking CXX executable ../bin/Bzip2Ifstream_test
[ 55%] Built target SpectrumMetaDataLookup_test
[ 55%] Linking CXX executable ../bin/Bzip2InputStream_test
[ 55%] Built target Bzip2Ifstream_test
[ 55%] Building CXX object src/tests/class_tests/openms/CMakeFiles/ChromeleonFile_test.dir/source/ChromeleonFile_test.cpp.o
[ 55%] Built target Bzip2InputStream_test
[ 55%] Linking CXX executable ../bin/CVMappingFile_test
[ 55%] Built target CVMappingFile_test
[ 55%] Linking CXX executable ../bin/CompressedInputSource_test
[ 55%] Built target CompressedInputSource_test
[ 55%] Building CXX object src/tests/class_tests/openms/CMakeFiles/ConsensusXMLFile_test.dir/source/ConsensusXMLFile_test.cpp.o
[ 55%] Linking CXX executable ../bin/BrukerTimsFile_test
[ 55%] Built target BrukerTimsFile_test
[ 55%] Linking CXX executable ../bin/AbsoluteQuantitationStandardsFile_test
[ 55%] Linking CXX executable ../bin/ControlledVocabulary_test
[ 55%] Linking CXX executable ../bin/ChromeleonFile_test
[ 56%] Built target AbsoluteQuantitationStandardsFile_test
[ 56%] Built target ControlledVocabulary_test
[ 56%] Linking CXX executable ../bin/CsvFile_test
[ 56%] Building CXX object src/tests/class_tests/openms/CMakeFiles/DTA2DFile_test.dir/source/DTA2DFile_test.cpp.o
[ 56%] Built target ChromeleonFile_test
[ 56%] Linking CXX executable ../bin/DTAFile_test
[ 56%] Built target CsvFile_test
[ 56%] Building CXX object src/tests/class_tests/openms/CMakeFiles/EDTAFile_test.dir/source/EDTAFile_test.cpp.o
[ 56%] Built target DTAFile_test
[ 56%] Linking CXX executable ../bin/ExperimentalDesignFile_test
[ 56%] Built target ExperimentalDesignFile_test
[ 56%] Linking CXX executable ../bin/FASTAFile_test
[ 56%] Built target FASTAFile_test
[ 56%] Linking CXX executable ../bin/FeatureFileOptions_test
[ 56%] Built target FeatureFileOptions_test
[ 56%] Building CXX object src/tests/class_tests/openms/CMakeFiles/FeatureXMLFile_test.dir/source/FeatureXMLFile_test.cpp.o
[ 56%] Linking CXX executable ../bin/DTA2DFile_test
[ 56%] Built target DTA2DFile_test
[ 56%] Building CXX object src/tests/class_tests/openms/CMakeFiles/FLASHDeconvFeatureFile_test.dir/source/FLASHDeconvFeatureFile_test.cpp.o
[ 56%] Linking CXX executable ../bin/EDTAFile_test
[ 56%] Linking CXX executable ../bin/ConsensusXMLFile_test
[ 56%] Built target EDTAFile_test
[ 56%] Building CXX object src/tests/class_tests/openms/CMakeFiles/FLASHDeconvSpectrumFile_test.dir/source/FLASHDeconvSpectrumFile_test.cpp.o
[ 56%] Built target ConsensusXMLFile_test
[ 56%] Building CXX object src/tests/class_tests/openms/CMakeFiles/FLASHHelperClasses_test.dir/source/FLASHHelperClasses_test.cpp.o
[ 56%] Linking CXX executable ../bin/FeatureXMLFile_test
[ 56%] Built target FeatureXMLFile_test
[ 56%] Building CXX object src/tests/class_tests/openms/CMakeFiles/FileHandler_test.dir/source/FileHandler_test.cpp.o
[ 56%] Linking CXX executable ../bin/FLASHDeconvFeatureFile_test
[ 56%] Built target FLASHDeconvFeatureFile_test
[ 56%] Building CXX object src/tests/class_tests/openms/CMakeFiles/FileTypes_test.dir/source/FileTypes_test.cpp.o
[ 57%] Linking CXX executable ../bin/FLASHDeconvSpectrumFile_test
[ 57%] Built target FLASHDeconvSpectrumFile_test
[ 57%] Linking CXX executable ../bin/GzipIfstream_test
[ 57%] Built target GzipIfstream_test
[ 57%] Linking CXX executable ../bin/GzipInputStream_test
[ 57%] Linking CXX executable ../bin/FileTypes_test
[ 57%] Built target GzipInputStream_test
[ 57%] Building CXX object src/tests/class_tests/openms/CMakeFiles/IBSpectraFile_test.dir/source/IBSpectraFile_test.cpp.o
[ 57%] Built target FileTypes_test
[ 57%] Linking CXX executable ../bin/IdXMLFile_test
[ 57%] Linking CXX executable ../bin/FLASHHelperClasses_test
[ 57%] Built target IdXMLFile_test
[ 57%] Linking CXX executable ../bin/IndentedStream_test
[ 57%] Built target FLASHHelperClasses_test
[ 58%] Linking CXX executable ../bin/IndexedMzMLDecoder_test
[ 59%] Linking CXX executable ../bin/FileHandler_test
[ 59%] Built target IndentedStream_test
[ 59%] Building CXX object src/tests/class_tests/openms/CMakeFiles/IndexedMzMLFile_test.dir/source/IndexedMzMLFile_test.cpp.o
[ 59%] Built target FileHandler_test
[ 59%] Building CXX object src/tests/class_tests/openms/CMakeFiles/IndexedMzMLFileLoader_test.dir/source/IndexedMzMLFileLoader_test.cpp.o
[ 59%] Built target IndexedMzMLDecoder_test
[ 59%] Linking CXX executable ../bin/InspectInfile_test
[ 59%] Built target InspectInfile_test
[ 59%] Building CXX object src/tests/class_tests/openms/CMakeFiles/InspectOutfile_test.dir/source/InspectOutfile_test.cpp.o
[ 59%] Linking CXX executable ../bin/IndexedMzMLFile_test
[ 59%] Linking CXX executable ../bin/IBSpectraFile_test
[ 59%] Built target IndexedMzMLFile_test
[ 59%] Building CXX object src/tests/class_tests/openms/CMakeFiles/KroenikFile_test.dir/source/KroenikFile_test.cpp.o
[ 59%] Linking CXX executable ../bin/IndexedMzMLFileLoader_test
[ 59%] Built target IBSpectraFile_test
[ 59%] Building CXX object src/tests/class_tests/openms/CMakeFiles/MRMFeatureQCFile_test.dir/source/MRMFeatureQCFile_test.cpp.o
[ 59%] Built target IndexedMzMLFileLoader_test
[ 59%] Building CXX object src/tests/class_tests/openms/CMakeFiles/MS2File_test.dir/source/MS2File_test.cpp.o
[ 59%] Linking CXX executable ../bin/InspectOutfile_test
[ 59%] Built target InspectOutfile_test
[ 59%] Building CXX object src/tests/class_tests/openms/CMakeFiles/MSPFile_test.dir/source/MSPFile_test.cpp.o
[ 59%] Linking CXX executable ../bin/MS2File_test
[ 59%] Built target MS2File_test
[ 59%] Building CXX object src/tests/class_tests/openms/CMakeFiles/MSPGenericFile_test.dir/source/MSPGenericFile_test.cpp.o
[ 59%] Linking CXX executable ../bin/KroenikFile_test
[ 59%] Built target KroenikFile_test
[ 59%] Building CXX object src/tests/class_tests/openms/CMakeFiles/MascotGenericFile_test.dir/source/MascotGenericFile_test.cpp.o
[ 59%] Linking CXX executable ../bin/MRMFeatureQCFile_test
[ 59%] Built target MRMFeatureQCFile_test
[ 59%] Linking CXX executable ../bin/MascotRemoteQuery_test
[ 59%] Linking CXX executable ../bin/MSPFile_test
[ 60%] Built target MascotRemoteQuery_test
[ 60%] Building CXX object src/tests/class_tests/openms/CMakeFiles/MascotXMLFile_test.dir/source/MascotXMLFile_test.cpp.o
[ 60%] Built target MSPFile_test
[ 60%] Linking CXX executable ../bin/MRMFeaturePickerFile_test
[ 60%] Built target MRMFeaturePickerFile_test
[ 60%] Linking CXX executable ../bin/MSPGenericFile_test
[ 60%] Building CXX object src/tests/class_tests/openms/CMakeFiles/MsInspectFile_test.dir/source/MsInspectFile_test.cpp.o
[ 60%] Built target MSPGenericFile_test
[ 60%] Building CXX object src/tests/class_tests/openms/CMakeFiles/MzDataFile_test.dir/source/MzDataFile_test.cpp.o
[ 60%] Linking CXX executable ../bin/MascotGenericFile_test
[ 60%] Built target MascotGenericFile_test
[ 61%] Linking CXX executable ../bin/MzIdentMLFile_test
[ 61%] Built target MzIdentMLFile_test
[ 61%] Linking CXX executable ../bin/MzDataValidator_test
[ 61%] Built target MzDataValidator_test
[ 61%] Linking CXX executable ../bin/MzIdentMLValidator_test
[ 61%] Built target MzIdentMLValidator_test
[ 61%] Building CXX object src/tests/class_tests/openms/CMakeFiles/MzMLFile_test.dir/source/MzMLFile_test.cpp.o
[ 61%] Linking CXX executable ../bin/MascotXMLFile_test
[ 61%] Linking CXX executable ../bin/MzDataFile_test
[ 61%] Linking CXX executable ../bin/MsInspectFile_test
[ 61%] Built target MsInspectFile_test
[ 61%] Linking CXX executable ../bin/MzMLSpectrumDecoder_test
[ 61%] Built target MascotXMLFile_test
[ 61%] Building CXX object src/tests/class_tests/openms/CMakeFiles/MzMLSqliteHandler_test.dir/source/MzMLSqliteHandler_test.cpp.o
[ 61%] Built target MzDataFile_test
[ 61%] Building CXX object src/tests/class_tests/openms/CMakeFiles/MzMLSqliteSwathHandler_test.dir/source/MzMLSqliteSwathHandler_test.cpp.o
[ 61%] Built target MzMLSpectrumDecoder_test
[ 61%] Linking CXX executable ../bin/MzMLValidator_test
[ 61%] Built target MzMLValidator_test
[ 61%] Building CXX object src/tests/class_tests/openms/CMakeFiles/MzTab_test.dir/source/MzTab_test.cpp.o
[ 61%] Linking CXX executable ../bin/MzMLSqliteSwathHandler_test
[ 61%] Linking CXX executable ../bin/MzMLFile_test
[ 61%] Built target MzMLSqliteSwathHandler_test
[ 61%] Building CXX object src/tests/class_tests/openms/CMakeFiles/MzTabFile_test.dir/source/MzTabFile_test.cpp.o
[ 61%] Built target MzMLFile_test
[ 61%] Building CXX object src/tests/class_tests/openms/CMakeFiles/MzTabM_test.dir/source/MzTabM_test.cpp.o
[ 61%] Linking CXX executable ../bin/MzMLSqliteHandler_test
[ 61%] Built target MzMLSqliteHandler_test
[ 61%] Building CXX object src/tests/class_tests/openms/CMakeFiles/MzTabMFile_test.dir/source/MzTabMFile_test.cpp.o
[ 62%] Linking CXX executable ../bin/MzTab_test
[ 62%] Built target MzTab_test
[ 62%] Building CXX object src/tests/class_tests/openms/CMakeFiles/MzXMLFile_test.dir/source/MzXMLFile_test.cpp.o
[ 62%] Linking CXX executable ../bin/MzTabFile_test
[ 62%] Built target MzTabFile_test
[ 62%] Linking CXX executable ../bin/NoopMSDataConsumer_test
[ 62%] Built target NoopMSDataConsumer_test
[ 62%] Linking CXX executable ../bin/TraMLValidator_test
[ 62%] Built target TraMLValidator_test
[ 62%] Building CXX object src/tests/class_tests/openms/CMakeFiles/OMSFile_test.dir/source/OMSFile_test.cpp.o
[ 62%] Linking CXX executable ../bin/MzXMLFile_test
[ 62%] Built target MzXMLFile_test
[ 62%] Linking CXX executable ../bin/OMSSACSVFile_test
[ 62%] Built target OMSSACSVFile_test
[ 62%] Linking CXX executable ../bin/OMSSAXMLFile_test
[ 62%] Built target OMSSAXMLFile_test
[ 62%] Linking CXX executable ../bin/OSWFile_test
[ 62%] Built target OSWFile_test
[ 62%] Linking CXX executable ../bin/PTMXMLFile_test
[ 62%] Linking CXX executable ../bin/MzTabM_test
[ 62%] Linking CXX executable ../bin/MzTabMFile_test
[ 62%] Built target MzTabMFile_test
[ 62%] Built target MzTabM_test
[ 62%] Linking CXX executable ../bin/ParamCTDFile_test
[ 62%] Linking CXX executable ../bin/ParamJSONFile_test
[ 62%] Built target PTMXMLFile_test
[ 62%] Linking CXX executable ../bin/ParamXMLFile_test
[ 62%] Built target ParamCTDFile_test
[ 62%] Built target ParamJSONFile_test
[ 62%] Linking CXX executable ../bin/PEFFFile_test
[ 62%] Linking CXX executable ../bin/PeakFileOptions_test
[ 62%] Built target ParamXMLFile_test
[ 62%] Building CXX object src/tests/class_tests/openms/CMakeFiles/PeakTypeEstimator_test.dir/source/PeakTypeEstimator_test.cpp.o
[ 62%] Built target PeakFileOptions_test
[ 62%] Built target PEFFFile_test
[ 62%] Linking CXX executable ../bin/PepNovoInfile_test
[ 62%] Linking CXX executable ../bin/PepNovoOutfile_test
[ 62%] Built target PepNovoInfile_test
[ 62%] Built target PepNovoOutfile_test
[ 62%] Linking CXX executable ../bin/PepXMLFileMascot_test
[ 62%] Building CXX object src/tests/class_tests/openms/CMakeFiles/PepXMLFile_test.dir/source/PepXMLFile_test.cpp.o
[ 62%] Built target PepXMLFileMascot_test
[ 62%] Linking CXX executable ../bin/PercolatorInfile_test
[ 62%] Built target PercolatorInfile_test
[ 62%] Building CXX object src/tests/class_tests/openms/CMakeFiles/PercolatorOutfile_test.dir/source/PercolatorOutfile_test.cpp.o
[ 62%] Linking CXX executable ../bin/PeakTypeEstimator_test
[ 62%] Built target PeakTypeEstimator_test
[ 62%] Linking CXX executable ../bin/ProtXMLFile_test
[ 62%] Linking CXX executable ../bin/OMSFile_test
[ 62%] Built target ProtXMLFile_test
[ 62%] Linking CXX executable ../bin/SVOutStream_test
[ 62%] Built target OMSFile_test
[ 62%] Linking CXX executable ../bin/SemanticValidator_test
[ 62%] Built target SVOutStream_test
[ 62%] Linking CXX executable ../bin/SequestInfile_test
[ 62%] Built target SequestInfile_test
[ 62%] Built target SemanticValidator_test
[ 62%] Linking CXX executable ../bin/SequestOutfile_test
[ 62%] Building CXX object src/tests/class_tests/openms/CMakeFiles/SpecArrayFile_test.dir/source/SpecArrayFile_test.cpp.o
[ 62%] Built target SequestOutfile_test
[ 62%] Building CXX object src/tests/class_tests/openms/CMakeFiles/SqMassFile_test.dir/source/SqMassFile_test.cpp.o
[ 62%] Linking CXX executable ../bin/PepXMLFile_test
[ 62%] Linking CXX executable ../bin/PercolatorOutfile_test
[ 62%] Built target PercolatorOutfile_test
[ 62%] Building CXX object src/tests/class_tests/openms/CMakeFiles/MRMFile_test.dir/source/MRMFile_test.cpp.o
[ 62%] Built target PepXMLFile_test
[ 62%] Building CXX object src/tests/class_tests/openms/CMakeFiles/SwathMapMassCorrection_test.dir/source/SwathMapMassCorrection_test.cpp.o
[ 62%] Linking CXX executable ../bin/MRMFile_test
[ 62%] Built target MRMFile_test
[ 62%] Building CXX object src/tests/class_tests/openms/CMakeFiles/SwathFile_test.dir/source/SwathFile_test.cpp.o
[ 62%] Linking CXX executable ../bin/SqMassFile_test
[ 62%] Built target SqMassFile_test
[ 62%] Building CXX object src/tests/class_tests/openms/CMakeFiles/SwathFileConsumer_test.dir/source/SwathFileConsumer_test.cpp.o
[ 62%] Linking CXX executable ../bin/SpecArrayFile_test
[ 62%] Built target SpecArrayFile_test
[ 62%] Building CXX object src/tests/class_tests/openms/CMakeFiles/SwathWindowLoader_test.dir/source/SwathWindowLoader_test.cpp.o
[ 62%] Linking CXX executable ../bin/SwathFile_test
[ 62%] Built target SwathFile_test
[ 62%] Linking CXX executable ../bin/TextFile_test
[ 62%] Built target TextFile_test
[ 62%] Building CXX object src/tests/class_tests/openms/CMakeFiles/TargetedDataFileLoader_test.dir/source/TargetedDataFileLoader_test.cpp.o
[ 62%] Linking CXX executable ../bin/TargetedDataFileLoader_test
[ 62%] Built target TargetedDataFileLoader_test
[ 62%] Linking CXX executable ../bin/ToolDescriptionFile_test
[ 62%] Built target ToolDescriptionFile_test
[ 62%] Linking CXX executable ../bin/TraMLFile_test
[ 62%] Built target TraMLFile_test
[ 62%] Linking CXX executable ../bin/TransformationXMLFile_test
[ 62%] Built target TransformationXMLFile_test
[ 62%] Linking CXX executable ../bin/UnimodXMLFile_test
[ 62%] Built target UnimodXMLFile_test
[ 62%] Building CXX object src/tests/class_tests/openms/CMakeFiles/XMassFile_test.dir/source/XMassFile_test.cpp.o
[ 62%] Linking CXX executable ../bin/SwathMapMassCorrection_test
[ 62%] Built target SwathMapMassCorrection_test
[ 62%] Linking CXX executable ../bin/XMLFile_test
[ 62%] Built target XMLFile_test
[ 62%] Linking CXX executable ../bin/XMLHandler_test
[ 62%] Built target XMLHandler_test
[ 62%] Linking CXX executable ../bin/XMLValidator_test
[ 62%] Built target XMLValidator_test
[ 62%] Building CXX object src/tests/class_tests/openms/CMakeFiles/XQuestResultXMLFile_test.dir/source/XQuestResultXMLFile_test.cpp.o
[ 62%] Linking CXX executable ../bin/XMassFile_test
[ 62%] Linking CXX executable ../bin/SwathWindowLoader_test
[ 62%] Linking CXX executable ../bin/SwathFileConsumer_test
[ 62%] Built target XMassFile_test
[ 62%] Linking CXX executable ../bin/XTandemInfile_test
[ 62%] Built target SwathWindowLoader_test
[ 62%] Linking CXX executable ../bin/XTandemXMLFile_test
[ 62%] Built target XTandemInfile_test
[ 62%] Built target SwathFileConsumer_test
[ 62%] Linking CXX executable ../bin/ZlibCompression_test
[ 62%] Linking CXX executable ../bin/Libzip_test
[ 63%] Built target XTandemXMLFile_test
[ 63%] Linking CXX executable ../bin/ZipArchiveFile_test
[ 63%] Built target ZlibCompression_test
[ 63%] Linking CXX executable ../bin/ZipRandomAccessFile_test
[ 63%] Built target Libzip_test
[ 63%] Building CXX object src/tests/class_tests/openms/CMakeFiles/MSDataCachedConsumer_test.dir/source/MSDataCachedConsumer_test.cpp.o
[ 63%] Built target ZipArchiveFile_test
[ 63%] Building CXX object src/tests/class_tests/openms/CMakeFiles/MSDataTransformingConsumer_test.dir/source/MSDataTransformingConsumer_test.cpp.o
[ 63%] Built target ZipRandomAccessFile_test
[ 63%] Building CXX object src/tests/class_tests/openms/CMakeFiles/MSDataChainingConsumer_test.dir/source/MSDataChainingConsumer_test.cpp.o
[ 63%] Linking CXX executable ../bin/XQuestResultXMLFile_test
[ 63%] Built target XQuestResultXMLFile_test
[ 63%] Building CXX object src/tests/class_tests/openms/CMakeFiles/MSDataStoringConsumer_test.dir/source/MSDataStoringConsumer_test.cpp.o
[ 63%] Linking CXX executable ../bin/MSDataCachedConsumer_test
[ 63%] Built target MSDataCachedConsumer_test
[ 63%] Linking CXX executable ../bin/MSDataTransformingConsumer_test
[ 63%] Building CXX object src/tests/class_tests/openms/CMakeFiles/MSDataAggregatingConsumer_test.dir/source/MSDataAggregatingConsumer_test.cpp.o
[ 63%] Linking CXX executable ../bin/MSDataChainingConsumer_test
[ 63%] Built target MSDataTransformingConsumer_test
[ 64%] Building CXX object src/tests/class_tests/openms/CMakeFiles/SpectrumAccessQuadMZTransforming_test.dir/source/SpectrumAccessQuadMZTransforming_test.cpp.o
[ 64%] Built target MSDataChainingConsumer_test
[ 64%] Building CXX object src/tests/class_tests/openms/CMakeFiles/SpectrumAccessSqMass_test.dir/source/SpectrumAccessSqMass_test.cpp.o
[ 64%] Linking CXX executable ../bin/MSDataStoringConsumer_test
[ 64%] Built target MSDataStoringConsumer_test
[ 64%] Linking CXX executable ../bin/SiriusFragmentAnnotation_test
[ 65%] Built target SiriusFragmentAnnotation_test
[ 65%] Linking CXX executable ../bin/Arrow_test
[ 65%] Built target Arrow_test
[ 65%] Building CXX object src/tests/class_tests/openms/CMakeFiles/MSExperimentArrowExport_test.dir/source/MSExperimentArrowExport_test.cpp.o
[ 65%] Linking CXX executable ../bin/MSDataAggregatingConsumer_test
[ 65%] Built target MSDataAggregatingConsumer_test
[ 65%] Linking CXX executable ../bin/SpectrumAccessQuadMZTransforming_test
[ 66%] Building CXX object src/tests/class_tests/openms/CMakeFiles/ConsensusMapArrowExport_test.dir/source/ConsensusMapArrowExport_test.cpp.o
[ 66%] Linking CXX executable ../bin/SpectrumAccessSqMass_test
[ 66%] Built target SpectrumAccessQuadMZTransforming_test
[ 66%] Building CXX object src/tests/class_tests/openms/CMakeFiles/QPXFile_test.dir/source/QPXFile_test.cpp.o
[ 66%] Built target SpectrumAccessSqMass_test
[ 66%] Building CXX object src/tests/class_tests/openms/CMakeFiles/MSChromatogramParquetConsumer_test.dir/source/MSChromatogramParquetConsumer_test.cpp.o
[ 66%] Linking CXX executable ../bin/MSChromatogramParquetConsumer_test
[ 66%] Linking CXX executable ../bin/MSExperimentArrowExport_test
[ 66%] Built target MSChromatogramParquetConsumer_test
[ 66%] Linking CXX executable ../bin/MobilogramParquetConsumer_test
[ 66%] Built target MSExperimentArrowExport_test
[ 66%] Linking CXX executable ../bin/XICParquetFile_test
[ 66%] Built target MobilogramParquetConsumer_test
[ 66%] Linking CXX executable ../bin/XIMParquetFile_test
[ 66%] Built target XICParquetFile_test
[ 66%] Building CXX object src/tests/class_tests/openms/CMakeFiles/ProteinIdentificationArrowIO_test.dir/source/ProteinIdentificationArrowIO_test.cpp.o
[ 66%] Built target XIMParquetFile_test
[ 66%] Building CXX object src/tests/class_tests/openms/CMakeFiles/FeatureMapArrowIO_test.dir/source/FeatureMapArrowIO_test.cpp.o
[ 66%] Linking CXX executable ../bin/QPXFile_test
[ 66%] Built target QPXFile_test
[ 66%] Building CXX object src/tests/class_tests/openms/CMakeFiles/ConsensusMapArrowIO_test.dir/source/ConsensusMapArrowIO_test.cpp.o
[ 66%] Linking CXX executable ../bin/ConsensusMapArrowExport_test
[ 66%] Built target ConsensusMapArrowExport_test
[ 66%] Linking CXX executable ../bin/ArrowSchemaRegistry_test
[ 66%] Built target ArrowSchemaRegistry_test
[ 66%] Building CXX object src/tests/class_tests/openms/CMakeFiles/OpenSwathOSWParquetRoundTrip_test.dir/source/OpenSwathOSWParquetRoundTrip_test.cpp.o
[ 66%] Linking CXX executable ../bin/ProteinIdentificationArrowIO_test
[ 66%] Built target ProteinIdentificationArrowIO_test
[ 66%] Linking CXX executable ../bin/BasicStatistics_test
[ 66%] Built target BasicStatistics_test
[ 66%] Linking CXX executable ../bin/BilinearInterpolation_test
[ 66%] Built target BilinearInterpolation_test
[ 66%] Linking CXX executable ../bin/BSpline2d_test
[ 66%] Built target BSpline2d_test
[ 66%] Linking CXX executable ../bin/BSplineSmoothingSpline_test
[ 66%] Linking CXX executable ../bin/FeatureMapArrowIO_test
[ 66%] Built target BSplineSmoothingSpline_test
[ 66%] Linking CXX executable ../bin/CubicSpline2d_test
[ 66%] Built target FeatureMapArrowIO_test
[ 66%] Linking CXX executable ../bin/EmgGradientDescent_test
[ 66%] Built target CubicSpline2d_test
[ 66%] Linking CXX executable ../bin/GammaDistributionFitter_test
[ 66%] Built target EmgGradientDescent_test
[ 66%] Linking CXX executable ../bin/GaussFitter_test
[ 66%] Built target GammaDistributionFitter_test
[ 66%] Linking CXX executable ../bin/GumbelDistributionFitter_test
[ 66%] Built target GaussFitter_test
[ 66%] Linking CXX executable ../bin/GridSearch_test
[ 66%] Built target GumbelDistributionFitter_test
[ 66%] Linking CXX executable ../bin/CrossValidation_test
[ 66%] Built target GridSearch_test
[ 66%] Linking CXX executable ../bin/Histogram_test
[ 66%] Built target CrossValidation_test
[ 66%] Linking CXX executable ../bin/KernelDensityEstimation_test
[ 66%] Built target Histogram_test
[ 66%] Linking CXX executable ../bin/LinearInterpolation_test
[ 66%] Built target KernelDensityEstimation_test
[ 66%] Linking CXX executable ../bin/LinearRegression_test
[ 66%] Built target LinearInterpolation_test
[ 66%] Linking CXX executable ../bin/MathFunctions_test
[ 66%] Built target LinearRegression_test
[ 66%] Linking CXX executable ../bin/MultipleTesting_test
[ 66%] Built target MathFunctions_test
[ 66%] Linking CXX executable ../bin/NNLS_test
[ 66%] Linking CXX executable ../bin/OpenSwathOSWParquetRoundTrip_test
[ 66%] Built target MultipleTesting_test
[ 66%] Linking CXX executable ../bin/NonNegativeLeastSquaresSolver_test
[ 66%] Built target NNLS_test
[ 66%] Linking CXX executable ../bin/PosteriorErrorProbabilityModel_test
[ 66%] Linking CXX executable ../bin/ConsensusMapArrowIO_test
[ 66%] Built target NonNegativeLeastSquaresSolver_test
[ 66%] Built target OpenSwathOSWParquetRoundTrip_test
[ 66%] Linking CXX executable ../bin/QuadraticRegression_test
[ 67%] Linking CXX executable ../bin/RankData_test
[ 67%] Built target ConsensusMapArrowIO_test
[ 67%] Linking CXX executable ../bin/RANSAC_test
[ 67%] Built target PosteriorErrorProbabilityModel_test
[ 67%] Linking CXX executable ../bin/RANSACModel_test
[ 67%] Built target QuadraticRegression_test
[ 67%] Built target RankData_test
[ 67%] Linking CXX executable ../bin/RANSACModelQuadratic_test
[ 67%] Linking CXX executable ../bin/RANSACModelLinear_test
[ 67%] Built target RANSAC_test
[ 67%] Linking CXX executable ../bin/ROCCurve_test
[ 67%] Built target RANSACModel_test
[ 67%] Linking CXX executable ../bin/StatisticFunctions_test
[ 67%] Built target RANSACModelQuadratic_test
[ 67%] Built target RANSACModelLinear_test
[ 67%] Building CXX object src/tests/class_tests/openms/CMakeFiles/Biosaur2Algorithm_test.dir/source/Biosaur2Algorithm_test.cpp.o
[ 67%] Linking CXX executable ../bin/DataFilters_test
[ 67%] Built target ROCCurve_test
[ 67%] Building CXX object src/tests/class_tests/openms/CMakeFiles/Deisotoper_test.dir/source/Deisotoper_test.cpp.o
[ 67%] Built target StatisticFunctions_test
[ 67%] Building CXX object src/tests/class_tests/openms/CMakeFiles/ElutionPeakDetection_test.dir/source/ElutionPeakDetection_test.cpp.o
[ 67%] Built target DataFilters_test
[ 67%] Building CXX object src/tests/class_tests/openms/CMakeFiles/FeatureFindingMetabo_test.dir/source/FeatureFindingMetabo_test.cpp.o
[ 67%] Linking CXX executable ../bin/Deisotoper_test
[ 67%] Built target Deisotoper_test
[ 67%] Building CXX object src/tests/class_tests/openms/CMakeFiles/FeatureOverlapFilter_test.dir/source/FeatureOverlapFilter_test.cpp.o
[ 67%] Linking CXX executable ../bin/Biosaur2Algorithm_test
[ 67%] Built target Biosaur2Algorithm_test
[ 67%] Linking CXX executable ../bin/FastLowessSmoothing_test
[ 67%] Linking CXX executable ../bin/ElutionPeakDetection_test
[ 67%] Linking CXX executable ../bin/FeatureFindingMetabo_test
[ 67%] Built target FastLowessSmoothing_test
[ 67%] Built target ElutionPeakDetection_test
[ 67%] Building CXX object src/tests/class_tests/openms/CMakeFiles/GaussFilter_test.dir/source/GaussFilter_test.cpp.o
[ 67%] Built target FeatureFindingMetabo_test
[ 67%] Linking CXX executable ../bin/GaussFilterAlgorithm_test
[ 67%] Building CXX object src/tests/class_tests/openms/CMakeFiles/IDFilter_test.dir/source/IDFilter_test.cpp.o
[ 67%] Built target GaussFilterAlgorithm_test
[ 67%] Building CXX object src/tests/class_tests/openms/CMakeFiles/InternalCalibration_test.dir/source/InternalCalibration_test.cpp.o
[ 67%] Linking CXX executable ../bin/FeatureOverlapFilter_test
[ 67%] Built target FeatureOverlapFilter_test
[ 67%] Building CXX object src/tests/class_tests/openms/CMakeFiles/LinearResampler_test.dir/source/LinearResampler_test.cpp.o
[ 67%] Linking CXX executable ../bin/GaussFilter_test
[ 67%] Linking CXX executable ../bin/LinearResampler_test
[ 67%] Built target GaussFilter_test
[ 67%] Built target LinearResampler_test
[ 67%] Linking CXX executable ../bin/LowessSmoothing_test
[ 67%] Building CXX object src/tests/class_tests/openms/CMakeFiles/LinearResamplerAlign_test.dir/source/LinearResamplerAlign_test.cpp.o
[ 67%] Built target LowessSmoothing_test
[ 67%] Building CXX object src/tests/class_tests/openms/CMakeFiles/MassTraceDetection_test.dir/source/MassTraceDetection_test.cpp.o
[ 67%] Linking CXX executable ../bin/InternalCalibration_test
[ 67%] Linking CXX executable ../bin/LinearResamplerAlign_test
[ 67%] Linking CXX executable ../bin/IDFilter_test
[ 67%] Built target LinearResamplerAlign_test
[ 67%] Building CXX object src/tests/class_tests/openms/CMakeFiles/MorphologicalFilter_test.dir/source/MorphologicalFilter_test.cpp.o
[ 67%] Built target InternalCalibration_test
[ 67%] Building CXX object src/tests/class_tests/openms/CMakeFiles/ModifiedSincSmoother_test.dir/source/ModifiedSincSmoother_test.cpp.o
[ 67%] Built target IDFilter_test
[ 67%] Building CXX object src/tests/class_tests/openms/CMakeFiles/MultiplexClustering_test.dir/source/MultiplexClustering_test.cpp.o
[ 67%] Linking CXX executable ../bin/MassTraceDetection_test
[ 67%] Built target MassTraceDetection_test
[ 67%] Linking CXX executable ../bin/MultiplexDeltaMasses_test
[ 67%] Built target MultiplexDeltaMasses_test
[ 67%] Linking CXX executable ../bin/MultiplexDeltaMassesGenerator_test
[ 67%] Built target MultiplexDeltaMassesGenerator_test
[ 67%] Linking CXX executable ../bin/MultiplexFilteredMSExperiment_test
[ 68%] Built target MultiplexFilteredMSExperiment_test
[ 68%] Linking CXX executable ../bin/MultiplexFilteredPeak_test
[ 68%] Linking CXX executable ../bin/ModifiedSincSmoother_test
[ 68%] Built target MultiplexFilteredPeak_test
[ 68%] Building CXX object src/tests/class_tests/openms/CMakeFiles/MultiplexFiltering_test.dir/source/MultiplexFiltering_test.cpp.o
[ 68%] Built target ModifiedSincSmoother_test
[ 68%] Building CXX object src/tests/class_tests/openms/CMakeFiles/MultiplexFilteringCentroided_test.dir/source/MultiplexFilteringCentroided_test.cpp.o
[ 68%] Linking CXX executable ../bin/MorphologicalFilter_test
[ 68%] Built target MorphologicalFilter_test
[ 68%] Building CXX object src/tests/class_tests/openms/CMakeFiles/MultiplexFilteringProfile_test.dir/source/MultiplexFilteringProfile_test.cpp.o
[ 68%] Linking CXX executable ../bin/MultiplexClustering_test
[ 68%] Built target MultiplexClustering_test
[ 68%] Linking CXX executable ../bin/MultiplexIsotopicPeakPattern_test
[ 68%] Built target MultiplexIsotopicPeakPattern_test
[ 68%] Linking CXX executable ../bin/MultiplexSatelliteCentroided_test
[ 68%] Built target MultiplexSatelliteCentroided_test
[ 68%] Linking CXX executable ../bin/MultiplexSatelliteProfile_test
[ 68%] Built target MultiplexSatelliteProfile_test
[ 68%] Linking CXX executable ../bin/MZTrafoModel_test
[ 68%] Built target MZTrafoModel_test
[ 68%] Building CXX object src/tests/class_tests/openms/CMakeFiles/NLargest_test.dir/source/NLargest_test.cpp.o
[ 68%] Linking CXX executable ../bin/MultiplexFiltering_test
[ 68%] Linking CXX executable ../bin/MultiplexFilteringCentroided_test
[ 68%] Built target MultiplexFiltering_test
[ 68%] Building CXX object src/tests/class_tests/openms/CMakeFiles/Normalizer_test.dir/source/Normalizer_test.cpp.o
[ 68%] Built target MultiplexFilteringCentroided_test
[ 68%] Building CXX object src/tests/class_tests/openms/CMakeFiles/PrecursorCorrection_test.dir/source/PrecursorCorrection_test.cpp.o
[ 68%] Linking CXX executable ../bin/MultiplexFilteringProfile_test
[ 68%] Linking CXX executable ../bin/NLargest_test
[ 68%] Built target MultiplexFilteringProfile_test
[ 68%] Building CXX object src/tests/class_tests/openms/CMakeFiles/SplineInterpolatedPeaks_test.dir/source/SplineInterpolatedPeaks_test.cpp.o
[ 68%] Built target NLargest_test
[ 68%] Linking CXX executable ../bin/SplinePackage_test
[ 68%] Built target SplinePackage_test
[ 68%] Building CXX object src/tests/class_tests/openms/CMakeFiles/SavitzkyGolayFilter_test.dir/source/SavitzkyGolayFilter_test.cpp.o
[ 68%] Linking CXX executable ../bin/Normalizer_test
[ 68%] Built target Normalizer_test
[ 68%] Building CXX object src/tests/class_tests/openms/CMakeFiles/RankScaler_test.dir/source/RankScaler_test.cpp.o
[ 68%] Linking CXX executable ../bin/SplineInterpolatedPeaks_test
[ 68%] Built target SplineInterpolatedPeaks_test
[ 68%] Linking CXX executable ../bin/SignalToNoiseEstimatorMeanIterative_test
[ 68%] Built target SignalToNoiseEstimatorMeanIterative_test
[ 68%] Linking CXX executable ../bin/SignalToNoiseEstimatorMedian_test
[ 68%] Linking CXX executable ../bin/SavitzkyGolayFilter_test
[ 68%] Built target SignalToNoiseEstimatorMedian_test
[ 68%] Linking CXX executable ../bin/SignalToNoiseEstimatorMedianRapid_test
[ 68%] Built target SavitzkyGolayFilter_test
[ 68%] Linking CXX executable ../bin/SignalToNoiseEstimator_test
[ 68%] Built target SignalToNoiseEstimatorMedianRapid_test
[ 68%] Building CXX object src/tests/class_tests/openms/CMakeFiles/SqrtScaler_test.dir/source/SqrtScaler_test.cpp.o
[ 68%] Built target SignalToNoiseEstimator_test
[ 68%] Building CXX object src/tests/class_tests/openms/CMakeFiles/ThresholdMower_test.dir/source/ThresholdMower_test.cpp.o
[ 68%] Linking CXX executable ../bin/RankScaler_test
[ 68%] Built target RankScaler_test
[ 69%] Building CXX object src/tests/class_tests/openms/CMakeFiles/WindowMower_test.dir/source/WindowMower_test.cpp.o
[ 69%] Linking CXX executable ../bin/PrecursorCorrection_test
[ 69%] Linking CXX executable ../bin/SqrtScaler_test
[ 69%] Built target PrecursorCorrection_test
[ 69%] Building CXX object src/tests/class_tests/openms/CMakeFiles/SpectraMerger_test.dir/source/SpectraMerger_test.cpp.o
[ 69%] Built target SqrtScaler_test
[ 69%] Linking CXX executable ../bin/AverageLinkage_test
[ 69%] Linking CXX executable ../bin/ThresholdMower_test
[ 69%] Built target AverageLinkage_test
[ 69%] Linking CXX executable ../bin/BinnedSharedPeakCount_test
[ 69%] Built target ThresholdMower_test
[ 70%] Linking CXX executable ../bin/BinnedSpectralContrastAngle_test
[ 70%] Built target BinnedSharedPeakCount_test
[ 70%] Linking CXX executable ../bin/BinnedSpectrumCompareFunctor_test
[ 70%] Built target BinnedSpectralContrastAngle_test
[ 70%] Linking CXX executable ../bin/BinnedSpectrum_test
[ 70%] Built target BinnedSpectrumCompareFunctor_test
[ 70%] Linking CXX executable ../bin/BinnedSumAgreeingIntensities_test
[ 70%] Built target BinnedSpectrum_test
[ 70%] Linking CXX executable ../bin/ClusterAnalyzer_test
[ 70%] Built target BinnedSumAgreeingIntensities_test
[ 70%] Linking CXX executable ../bin/ClusterFunctor_test
[ 70%] Built target ClusterAnalyzer_test
[ 70%] Linking CXX executable ../bin/ClusterHierarchical_test
[ 70%] Built target ClusterFunctor_test
[ 70%] Linking CXX executable ../bin/CompleteLinkage_test
[ 70%] Linking CXX executable ../bin/WindowMower_test
[ 70%] Built target ClusterHierarchical_test
[ 70%] Linking CXX executable ../bin/EuclideanSimilarity_test
[ 70%] Built target CompleteLinkage_test
[ 70%] Built target WindowMower_test
[ 70%] Built target EuclideanSimilarity_test
[ 70%] Building CXX object src/tests/class_tests/openms/CMakeFiles/PeakAlignment_test.dir/source/PeakAlignment_test.cpp.o
[ 70%] Linking CXX executable ../bin/PeakSpectrumCompareFunctor_test
[ 70%] Linking CXX executable ../bin/SingleLinkage_test
[ 70%] Built target SingleLinkage_test
[ 70%] Built target PeakSpectrumCompareFunctor_test
[ 70%] Building CXX object src/tests/class_tests/openms/CMakeFiles/SpectrumAlignmentScore_test.dir/source/SpectrumAlignmentScore_test.cpp.o
[ 70%] Building CXX object src/tests/class_tests/openms/CMakeFiles/SpectraSTSimilarityScore_test.dir/source/SpectraSTSimilarityScore_test.cpp.o
[ 70%] Linking CXX executable ../bin/PeakAlignment_test
[ 70%] Built target PeakAlignment_test
[ 70%] Building CXX object src/tests/class_tests/openms/CMakeFiles/SpectrumAlignment_test.dir/source/SpectrumAlignment_test.cpp.o
[ 70%] Linking CXX executable ../bin/SpectrumAlignmentScore_test
[ 70%] Linking CXX executable ../bin/SpectraSTSimilarityScore_test
[ 70%] Built target SpectraSTSimilarityScore_test
[ 70%] Building CXX object src/tests/class_tests/openms/CMakeFiles/SpectrumCheapDPCorr_test.dir/source/SpectrumCheapDPCorr_test.cpp.o
[ 70%] Built target SpectrumAlignmentScore_test
[ 70%] Building CXX object src/tests/class_tests/openms/CMakeFiles/SpectrumPrecursorComparator_test.dir/source/SpectrumPrecursorComparator_test.cpp.o
[ 70%] Linking CXX executable ../bin/SpectraMerger_test
[ 70%] Built target SpectraMerger_test
[ 70%] Building CXX object src/tests/class_tests/openms/CMakeFiles/SteinScottImproveScore_test.dir/source/SteinScottImproveScore_test.cpp.o
[ 70%] Linking CXX executable ../bin/SpectrumCheapDPCorr_test
[ 70%] Linking CXX executable ../bin/SpectrumPrecursorComparator_test
[ 70%] Linking CXX executable ../bin/SpectrumAlignment_test
[ 70%] Built target SpectrumPrecursorComparator_test
[ 70%] Built target SpectrumCheapDPCorr_test
[ 70%] Building CXX object src/tests/class_tests/openms/CMakeFiles/ZhangSimilarityScore_test.dir/source/ZhangSimilarityScore_test.cpp.o
[ 70%] Linking CXX executable ../bin/AAIndex_test
[ 70%] Built target SpectrumAlignment_test
[ 70%] Linking CXX executable ../bin/AASequence_test
[ 70%] Built target AAIndex_test
[ 70%] Linking CXX executable ../bin/CoarseIsotopeDistribution_test
[ 70%] Built target AASequence_test
[ 70%] Linking CXX executable ../bin/CrossLinksDB_test
[ 70%] Built target CoarseIsotopeDistribution_test
[ 70%] Linking CXX executable ../bin/DecoyGenerator_test
[ 70%] Built target CrossLinksDB_test
[ 71%] Linking CXX executable ../bin/DigestionEnzymeProtein_test
[ 71%] Built target DecoyGenerator_test
[ 71%] Linking CXX executable ../bin/ElementDB_test
[ 71%] Built target DigestionEnzymeProtein_test
[ 71%] Linking CXX executable ../bin/Element_test
[ 71%] Built target ElementDB_test
[ 71%] Linking CXX executable ../bin/EmpiricalFormula_test
[ 71%] Linking CXX executable ../bin/SteinScottImproveScore_test
[ 71%] Built target Element_test
[ 71%] Linking CXX executable ../bin/EnzymaticDigestion_test
[ 71%] Built target SteinScottImproveScore_test
[ 71%] Built target EmpiricalFormula_test
[ 71%] Linking CXX executable ../bin/FineIsotopeDistribution_test
[ 71%] Linking CXX executable ../bin/IMSAlphabetParser_test
[ 71%] Built target EnzymaticDigestion_test
[ 71%] Linking CXX executable ../bin/IMSAlphabetTextParser_test
[ 71%] Built target FineIsotopeDistribution_test
[ 71%] Linking CXX executable ../bin/IMSAlphabet_test
[ 71%] Built target IMSAlphabetParser_test
[ 71%] Linking CXX executable ../bin/IMSElement_test
[ 71%] Built target IMSAlphabetTextParser_test
[ 71%] Linking CXX executable ../bin/IMSIsotopeDistribution_test
[ 71%] Built target IMSAlphabet_test
[ 71%] Built target IMSElement_test
[ 71%] Linking CXX executable ../bin/IsoSpec_test
[ 71%] Linking CXX executable ../bin/IntegerMassDecomposer_test
[ 71%] Built target IMSIsotopeDistribution_test
[ 71%] Linking CXX executable ../bin/IsotopeDistribution_test
[ 71%] Built target IntegerMassDecomposer_test
[ 71%] Built target IsoSpec_test
[ 71%] Linking CXX executable ../bin/MassDecomposer_test
[ 71%] Linking CXX executable ../bin/ModificationDataProvider_test
[ 71%] Built target IsotopeDistribution_test
[ 71%] Linking CXX executable ../bin/ModificationDefinition_test
[ 71%] Built target ModificationDataProvider_test
[ 71%] Built target MassDecomposer_test
[ 71%] Linking CXX executable ../bin/ModificationDefinitionsSet_test
[ 71%] Linking CXX executable ../bin/ModificationsDB_test
[ 71%] Linking CXX executable ../bin/ZhangSimilarityScore_test
[ 71%] Built target ModificationDefinition_test
[ 71%] Building CXX object src/tests/class_tests/openms/CMakeFiles/ModifiedNASequenceGenerator_test.dir/source/ModifiedNASequenceGenerator_test.cpp.o
[ 71%] Built target ModificationDefinitionsSet_test
[ 71%] Built target ModificationsDB_test
[ 71%] Linking CXX executable ../bin/NASequence_test
[ 71%] Linking CXX executable ../bin/MzPAF_test
[ 71%] Built target ZhangSimilarityScore_test
[ 71%] Linking CXX executable ../bin/NucleicAcidSpectrumGenerator_test
[ 71%] Built target MzPAF_test
[ 71%] Built target NASequence_test
[ 71%] Linking CXX executable ../bin/DigestionEnzymeDataProvider_test
[ 71%] Linking CXX executable ../bin/ProFormaParser_test
[ 71%] Built target NucleicAcidSpectrumGenerator_test
[ 71%] Linking CXX executable ../bin/ProteaseDB_test
[ 71%] Built target ProFormaParser_test
[ 71%] Built target DigestionEnzymeDataProvider_test
[ 71%] Linking CXX executable ../bin/ProteaseDigestion_test
[ 71%] Building CXX object src/tests/class_tests/openms/CMakeFiles/RNaseDigestion_test.dir/source/RNaseDigestion_test.cpp.o
[ 71%] Built target ProteaseDB_test
[ 71%] Linking CXX executable ../bin/RealMassDecomposer_test
[ 71%] Built target ProteaseDigestion_test
[ 71%] Linking CXX executable ../bin/ResidueDB_test
[ 71%] Built target RealMassDecomposer_test
[ 71%] Linking CXX executable ../bin/ResidueModification_test
[ 71%] Built target ResidueDB_test
[ 71%] Linking CXX executable ../bin/Residue_test
[ 71%] Linking CXX executable ../bin/ModifiedNASequenceGenerator_test
[ 71%] Built target ResidueModification_test
[ 71%] Linking CXX executable ../bin/RibonucleotideDB_test
[ 71%] Built target Residue_test
[ 71%] Linking CXX executable ../bin/RibonucleotideDataProvider_test
[ 71%] Built target ModifiedNASequenceGenerator_test
[ 71%] Linking CXX executable ../bin/Ribonucleotide_test
[ 71%] Built target RibonucleotideDB_test
[ 71%] Building CXX object src/tests/class_tests/openms/CMakeFiles/SimpleTSGXLMS_test.dir/source/SimpleTSGXLMS_test.cpp.o
[ 71%] Built target RibonucleotideDataProvider_test
[ 71%] Linking CXX executable ../bin/SpectrumAnnotator_test
[ 71%] Built target Ribonucleotide_test
[ 71%] Linking CXX executable ../bin/Tagger_test
[ 71%] Built target SpectrumAnnotator_test
[ 71%] Building CXX object src/tests/class_tests/openms/CMakeFiles/TheoreticalSpectrumGeneratorXLMS_test.dir/source/TheoreticalSpectrumGeneratorXLMS_test.cpp.o
[ 71%] Built target Tagger_test
[ 71%] Building CXX object src/tests/class_tests/openms/CMakeFiles/TheoreticalSpectrumGenerator_test.dir/source/TheoreticalSpectrumGenerator_test.cpp.o
[ 71%] Linking CXX executable ../bin/SimpleTSGXLMS_test
[ 71%] Built target SimpleTSGXLMS_test
[ 71%] Linking CXX executable ../bin/Weights_test
[ 71%] Built target Weights_test
[ 71%] Building CXX object src/tests/class_tests/openms/CMakeFiles/AbsoluteQuantitation_test.dir/source/AbsoluteQuantitation_test.cpp.o
[ 71%] Linking CXX executable ../bin/RNaseDigestion_test
[ 71%] Built target RNaseDigestion_test
[ 71%] Linking CXX executable ../bin/AbsoluteQuantitationMethod_test
[ 71%] Linking CXX executable ../bin/TheoreticalSpectrumGeneratorXLMS_test
[ 71%] Built target AbsoluteQuantitationMethod_test
[ 71%] Linking CXX executable ../bin/AbsoluteQuantitationMethodFile_test
[ 71%] Built target TheoreticalSpectrumGeneratorXLMS_test
[ 71%] Building CXX object src/tests/class_tests/openms/CMakeFiles/AbsoluteQuantitationStandards_test.dir/source/AbsoluteQuantitationStandards_test.cpp.o
[ 71%] Linking CXX executable ../bin/TheoreticalSpectrumGenerator_test
[ 71%] Built target AbsoluteQuantitationMethodFile_test
[ 71%] Building CXX object src/tests/class_tests/openms/CMakeFiles/AccurateMassSearchEngine_test.dir/source/AccurateMassSearchEngine_test.cpp.o
[ 71%] Built target TheoreticalSpectrumGenerator_test
[ 71%] Linking CXX executable ../bin/AhoCorasickAmbiguous_test
[ 72%] Built target AhoCorasickAmbiguous_test
[ 72%] Linking CXX executable ../bin/AScore_test
[ 72%] Built target AScore_test
[ 72%] Building CXX object src/tests/class_tests/openms/CMakeFiles/BaseGroupFinder_test.dir/source/BaseGroupFinder_test.cpp.o
[ 72%] Linking CXX executable ../bin/AbsoluteQuantitationStandards_test
[ 72%] Built target AbsoluteQuantitationStandards_test
[ 72%] Building CXX object src/tests/class_tests/openms/CMakeFiles/BaseSuperimposer_test.dir/source/BaseSuperimposer_test.cpp.o
[ 72%] Linking CXX executable ../bin/BaseGroupFinder_test
[ 72%] Built target BaseGroupFinder_test
[ 72%] Building CXX object src/tests/class_tests/openms/CMakeFiles/BasicProteinInferenceAlgorithm_test.dir/source/BasicProteinInferenceAlgorithm_test.cpp.o
[ 72%] Linking CXX executable ../bin/AbsoluteQuantitation_test
[ 72%] Built target AbsoluteQuantitation_test
[ 72%] Linking CXX executable ../bin/BayesianProteinInferenceAlgorithm_test
[ 72%] Built target BayesianProteinInferenceAlgorithm_test
[ 72%] Building CXX object src/tests/class_tests/openms/CMakeFiles/ClusterProxyKD_test.dir/source/ClusterProxyKD_test.cpp.o
[ 72%] Linking CXX executable ../bin/AccurateMassSearchEngine_test
[ 72%] Built target AccurateMassSearchEngine_test
[ 72%] Linking CXX executable ../bin/CometModification_test
[ 73%] Built target CometModification_test
[ 73%] Building CXX object src/tests/class_tests/openms/CMakeFiles/ConfidenceScoring_test.dir/source/ConfidenceScoring_test.cpp.o
[ 73%] Linking CXX executable ../bin/BaseSuperimposer_test
[ 73%] Built target BaseSuperimposer_test
[ 73%] Linking CXX executable ../bin/ConsensusIDAlgorithmAverage_test
[ 73%] Built target ConsensusIDAlgorithmAverage_test
[ 73%] Linking CXX executable ../bin/ConsensusIDAlgorithmBest_test
[ 73%] Built target ConsensusIDAlgorithmBest_test
[ 73%] Linking CXX executable ../bin/ConsensusIDAlgorithmPEPIons_test
[ 73%] Linking CXX executable ../bin/BasicProteinInferenceAlgorithm_test
[ 73%] Built target ConsensusIDAlgorithmPEPIons_test
[ 73%] Linking CXX executable ../bin/ConsensusIDAlgorithmPEPMatrix_test
[ 73%] Built target ConsensusIDAlgorithmPEPMatrix_test
[ 73%] Linking CXX executable ../bin/ConsensusIDAlgorithmRanks_test
[ 73%] Built target BasicProteinInferenceAlgorithm_test
[ 73%] Linking CXX executable ../bin/ConsensusIDAlgorithmWorst_test
[ 73%] Built target ConsensusIDAlgorithmRanks_test
[ 73%] Building CXX object src/tests/class_tests/openms/CMakeFiles/ConsensusMapNormalizerAlgorithmThreshold_test.dir/source/ConsensusMapNormalizerAlgorithmThreshold_test.cpp.o
[ 73%] Built target ConsensusIDAlgorithmWorst_test
[ 73%] Building CXX object src/tests/class_tests/openms/CMakeFiles/ConsensusMapNormalizerAlgorithmMedian_test.dir/source/ConsensusMapNormalizerAlgorithmMedian_test.cpp.o
[ 73%] Linking CXX executable ../bin/ClusterProxyKD_test
[ 73%] Built target ClusterProxyKD_test
[ 73%] Building CXX object src/tests/class_tests/openms/CMakeFiles/ConsensusMapNormalizerAlgorithmQuantile_test.dir/source/ConsensusMapNormalizerAlgorithmQuantile_test.cpp.o
[ 73%] Linking CXX executable ../bin/ConsensusMapNormalizerAlgorithmThreshold_test
[ 73%] Linking CXX executable ../bin/ConsensusMapNormalizerAlgorithmMedian_test
[ 73%] Built target ConsensusMapNormalizerAlgorithmThreshold_test
[ 73%] Built target ConsensusMapNormalizerAlgorithmMedian_test
[ 73%] Building CXX object src/tests/class_tests/openms/CMakeFiles/ConsensusMapMergerAlgorithm_test.dir/source/ConsensusMapMergerAlgorithm_test.cpp.o
[ 73%] Linking CXX executable ../bin/ConfidenceScoring_test
[ 73%] Building CXX object src/tests/class_tests/openms/CMakeFiles/FalseDiscoveryRate_test.dir/source/FalseDiscoveryRate_test.cpp.o
[ 73%] Built target ConfidenceScoring_test
[ 73%] Building CXX object src/tests/class_tests/openms/CMakeFiles/FeatureDeconvolution_test.dir/source/FeatureDeconvolution_test.cpp.o
[ 73%] Linking CXX executable ../bin/ConsensusMapNormalizerAlgorithmQuantile_test
[ 73%] Built target ConsensusMapNormalizerAlgorithmQuantile_test
[ 73%] Linking CXX executable ../bin/FeatureDistance_test
[ 73%] Built target FeatureDistance_test
[ 73%] Building CXX object src/tests/class_tests/openms/CMakeFiles/FeatureGroupingAlgorithmKD_test.dir/source/FeatureGroupingAlgorithmKD_test.cpp.o
[ 73%] Linking CXX executable ../bin/ConsensusMapMergerAlgorithm_test
[ 73%] Built target ConsensusMapMergerAlgorithm_test
[ 73%] Building CXX object src/tests/class_tests/openms/CMakeFiles/FeatureGroupingAlgorithmLabeled_test.dir/source/FeatureGroupingAlgorithmLabeled_test.cpp.o
[ 73%] Linking CXX executable ../bin/FalseDiscoveryRate_test
[ 73%] Linking CXX executable ../bin/FeatureDeconvolution_test
[ 73%] Built target FeatureDeconvolution_test
[ 73%] Building CXX object src/tests/class_tests/openms/CMakeFiles/FeatureGroupingAlgorithmQT_test.dir/source/FeatureGroupingAlgorithmQT_test.cpp.o
[ 73%] Linking CXX executable ../bin/FeatureGroupingAlgorithmKD_test
[ 73%] Built target FalseDiscoveryRate_test
[ 73%] Building CXX object src/tests/class_tests/openms/CMakeFiles/FeatureGroupingAlgorithmUnlabeled_test.dir/source/FeatureGroupingAlgorithmUnlabeled_test.cpp.o
[ 73%] Built target FeatureGroupingAlgorithmKD_test
[ 74%] Building CXX object src/tests/class_tests/openms/CMakeFiles/FeatureGroupingAlgorithm_test.dir/source/FeatureGroupingAlgorithm_test.cpp.o
[ 74%] Linking CXX executable ../bin/FeatureGroupingAlgorithmLabeled_test
[ 74%] Built target FeatureGroupingAlgorithmLabeled_test
[ 74%] Building CXX object src/tests/class_tests/openms/CMakeFiles/FeatureHandle_test.dir/source/FeatureHandle_test.cpp.o
[ 74%] Linking CXX executable ../bin/FeatureGroupingAlgorithmQT_test
[ 74%] Built target FeatureGroupingAlgorithmQT_test
[ 74%] Building CXX object src/tests/class_tests/openms/CMakeFiles/FIAMSDataProcessor_test.dir/source/FIAMSDataProcessor_test.cpp.o
[ 74%] Linking CXX executable ../bin/FeatureGroupingAlgorithmUnlabeled_test
[ 74%] Built target FeatureGroupingAlgorithmUnlabeled_test
[ 74%] Building CXX object src/tests/class_tests/openms/CMakeFiles/FLASHDeconvAlgorithm_test.dir/source/FLASHDeconvAlgorithm_test.cpp.o
[ 74%] Linking CXX executable ../bin/FeatureGroupingAlgorithm_test
[ 74%] Built target FeatureGroupingAlgorithm_test
[ 74%] Building CXX object src/tests/class_tests/openms/CMakeFiles/FLASHDeconvHelperStructs_test.dir/source/FLASHDeconvHelperStructs_test.cpp.o
[ 74%] Linking CXX executable ../bin/FeatureHandle_test
[ 74%] Built target FeatureHandle_test
[ 74%] Linking CXX executable ../bin/OpenSearchModificationAnalysis_test
[ 74%] Built target OpenSearchModificationAnalysis_test
[ 74%] Building CXX object src/tests/class_tests/openms/CMakeFiles/IDBoostGraph_test.dir/source/IDBoostGraph_test.cpp.o
In file included from /workspaces/OpenMS/src/tests/class_tests/openms/source/FLASHDeconvAlgorithm_test.cpp:9:
/workspaces/OpenMS/src/tests/class_tests/openms/source/FLASHDeconvAlgorithm_test.cpp: In function ‘int main(int, char**)’:
/workspaces/OpenMS/src/tests/class_tests/openms/source/FLASHDeconvAlgorithm_test.cpp:370:37: warning: comparison of unsigned expression in ‘>= 0’ is always true [-Wtype-limits]
  370 |   TEST_EQUAL(output_features.size() >= 0, true)
      |              ~~~~~~~~~~~~~~~~~~~~~~~^~~~
[ 74%] Linking CXX executable ../bin/FIAMSDataProcessor_test
[ 74%] Built target FIAMSDataProcessor_test
[ 74%] Building CXX object src/tests/class_tests/openms/CMakeFiles/IDMapper_test.dir/source/IDMapper_test.cpp.o
[ 74%] Linking CXX executable ../bin/FLASHDeconvHelperStructs_test
[ 74%] Built target FLASHDeconvHelperStructs_test
[ 74%] Building CXX object src/tests/class_tests/openms/CMakeFiles/IDMergerAlgorithm_test.dir/source/IDMergerAlgorithm_test.cpp.o
[ 74%] Linking CXX executable ../bin/FLASHDeconvAlgorithm_test
[ 74%] Built target FLASHDeconvAlgorithm_test
[ 74%] Linking CXX executable ../bin/IDRipper_test
[ 75%] Built target IDRipper_test
[ 75%] Building CXX object src/tests/class_tests/openms/CMakeFiles/IDScoreSwitcherAlgorithm_test.dir/source/IDScoreSwitcherAlgorithm_test.cpp.o
[ 75%] Linking CXX executable ../bin/IDBoostGraph_test
[ 75%] Built target IDBoostGraph_test
[ 75%] Building CXX object src/tests/class_tests/openms/CMakeFiles/ILPDCWrapper_test.dir/source/ILPDCWrapper_test.cpp.o
[ 75%] Linking CXX executable ../bin/IDMergerAlgorithm_test
[ 75%] Built target IDMergerAlgorithm_test
[ 75%] Building CXX object src/tests/class_tests/openms/CMakeFiles/IsotopeLabelingMDVs_test.dir/source/IsotopeLabelingMDVs_test.cpp.o
[ 75%] Linking CXX executable ../bin/IDScoreSwitcherAlgorithm_test
[ 75%] Built target IDScoreSwitcherAlgorithm_test
[ 75%] Linking CXX executable ../bin/IncludeExcludeTarget_test
[ 75%] Linking CXX executable ../bin/IDMapper_test
[ 75%] Built target IncludeExcludeTarget_test
[ 75%] Building CXX object src/tests/class_tests/openms/CMakeFiles/IsobaricChannelExtractor_test.dir/source/IsobaricChannelExtractor_test.cpp.o
[ 75%] Built target IDMapper_test
[ 75%] Building CXX object src/tests/class_tests/openms/CMakeFiles/IsobaricIsotopeCorrector_test.dir/source/IsobaricIsotopeCorrector_test.cpp.o
[ 75%] Linking CXX executable ../bin/ILPDCWrapper_test
[ 75%] Built target ILPDCWrapper_test
[ 75%] Building CXX object src/tests/class_tests/openms/CMakeFiles/IsobaricNormalizer_test.dir/source/IsobaricNormalizer_test.cpp.o
[ 75%] Linking CXX executable ../bin/IsotopeLabelingMDVs_test
[ 75%] Built target IsotopeLabelingMDVs_test
[ 75%] Linking CXX executable ../bin/IsobaricQuantitationMethod_test
[ 75%] Built target IsobaricQuantitationMethod_test
[ 75%] Building CXX object src/tests/class_tests/openms/CMakeFiles/IsobaricQuantifier_test.dir/source/IsobaricQuantifier_test.cpp.o
[ 75%] Linking CXX executable ../bin/IsobaricIsotopeCorrector_test
[ 75%] Built target IsobaricIsotopeCorrector_test
[ 75%] Linking CXX executable ../bin/IsobaricQuantifierStatistics_test
[ 75%] Built target IsobaricQuantifierStatistics_test
[ 75%] Linking CXX executable ../bin/ItraqConstants_test
[ 75%] Built target ItraqConstants_test
[ 75%] Linking CXX executable ../bin/ItraqFourPlexQuantitationMethod_test
[ 75%] Built target ItraqFourPlexQuantitationMethod_test
[ 75%] Linking CXX executable ../bin/ItraqEightPlexQuantitationMethod_test
[ 75%] Built target ItraqEightPlexQuantitationMethod_test
[ 75%] Linking CXX executable ../bin/TMTSixPlexQuantitationMethod_test
[ 75%] Built target TMTSixPlexQuantitationMethod_test
[ 75%] Linking CXX executable ../bin/TMTTenPlexQuantitationMethod_test
[ 75%] Linking CXX executable ../bin/IsobaricNormalizer_test
[ 75%] Built target TMTTenPlexQuantitationMethod_test
[ 75%] Linking CXX executable ../bin/TMTElevenPlexQuantitationMethod_test
[ 75%] Linking CXX executable ../bin/IsobaricChannelExtractor_test
[ 75%] Built target IsobaricNormalizer_test
[ 75%] Linking CXX executable ../bin/TMTSixteenPlexQuantitationMethod_test
[ 75%] Built target TMTElevenPlexQuantitationMethod_test
[ 75%] Linking CXX executable ../bin/TMTEighteenPlexQuantitationMethod_test
[ 75%] Built target TMTSixteenPlexQuantitationMethod_test
[ 75%] Linking CXX executable ../bin/TMTThirtyTwoPlexQuantitationMethod_test
[ 75%] Built target IsobaricChannelExtractor_test
[ 75%] Linking CXX executable ../bin/TMTThirtyFivePlexQuantitationMethod_test
[ 75%] Built target TMTEighteenPlexQuantitationMethod_test
[ 75%] Building CXX object src/tests/class_tests/openms/CMakeFiles/KDTreeFeatureMaps_test.dir/source/KDTreeFeatureMaps_test.cpp.o
[ 75%] Built target TMTThirtyTwoPlexQuantitationMethod_test
[ 75%] Building CXX object src/tests/class_tests/openms/CMakeFiles/KDTreeFeatureNode_test.dir/source/KDTreeFeatureNode_test.cpp.o
[ 75%] Built target TMTThirtyFivePlexQuantitationMethod_test
[ 75%] Building CXX object src/tests/class_tests/openms/CMakeFiles/LabeledPairFinder_test.dir/source/LabeledPairFinder_test.cpp.o
[ 76%] Linking CXX executable ../bin/IsobaricQuantifier_test
[ 76%] Built target IsobaricQuantifier_test
[ 76%] Linking CXX executable ../bin/TargetedExperiment_test
[ 76%] Built target TargetedExperiment_test
[ 76%] Linking CXX executable ../bin/TargetedExperimentHelper_test
[ 76%] Built target TargetedExperimentHelper_test
[ 77%] Linking CXX executable ../bin/MRMFeaturePicker_test
[ 77%] Built target MRMFeaturePicker_test
[ 77%] Building CXX object src/tests/class_tests/openms/CMakeFiles/MRMMapping_test.dir/source/MRMMapping_test.cpp.o
[ 78%] Linking CXX executable ../bin/KDTreeFeatureNode_test
[ 78%] Linking CXX executable ../bin/KDTreeFeatureMaps_test
[ 78%] Built target KDTreeFeatureNode_test
[ 78%] Building CXX object src/tests/class_tests/openms/CMakeFiles/MRMChromHandler_test.dir/source/MRMChromHandler_test.cpp.o
[ 78%] Built target KDTreeFeatureMaps_test
[ 78%] Building CXX object src/tests/class_tests/openms/CMakeFiles/DefaultChromHandler_test.dir/source/DefaultChromHandler_test.cpp.o
[ 78%] Linking CXX executable ../bin/LabeledPairFinder_test
[ 78%] Built target LabeledPairFinder_test
[ 78%] Linking CXX executable ../bin/MRMMapping_test
[ 78%] Building CXX object src/tests/class_tests/openms/CMakeFiles/DIAChromHandler_test.dir/source/DIAChromHandler_test.cpp.o
[ 78%] Built target MRMMapping_test
[ 78%] Building CXX object src/tests/class_tests/openms/CMakeFiles/ChromatogramProcessor_test.dir/source/ChromatogramProcessor_test.cpp.o
In file included from /workspaces/OpenMS/src/tests/class_tests/openms/source/DefaultChromHandler_test.cpp:9:
/workspaces/OpenMS/src/tests/class_tests/openms/source/DefaultChromHandler_test.cpp: In function ‘int main(int, char**)’:
/workspaces/OpenMS/src/tests/class_tests/openms/source/DefaultChromHandler_test.cpp:87:28: warning: comparison of unsigned expression in ‘>= 0’ is always true [-Wtype-limits]
   87 |   TEST_EQUAL(result.size() >= 0, true)
      |              ~~~~~~~~~~~~~~^~~~
/workspaces/OpenMS/src/tests/class_tests/openms/source/DefaultChromHandler_test.cpp:142:28: warning: comparison of unsigned expression in ‘>= 0’ is always true [-Wtype-limits]
  142 |   TEST_EQUAL(result.size() >= 0, true)
      |              ~~~~~~~~~~~~~~^~~~
/workspaces/OpenMS/src/tests/class_tests/openms/source/DefaultChromHandler_test.cpp:268:28: warning: comparison of unsigned expression in ‘>= 0’ is always true [-Wtype-limits]
  268 |   TEST_EQUAL(result.size() >= 0, true)  // May return chromatograms or empty
      |              ~~~~~~~~~~~~~~^~~~
/workspaces/OpenMS/src/tests/class_tests/openms/source/DefaultChromHandler_test.cpp:358:28: warning: comparison of unsigned expression in ‘>= 0’ is always true [-Wtype-limits]
  358 |   TEST_EQUAL(result.size() >= 0, true)
      |              ~~~~~~~~~~~~~~^~~~
/workspaces/OpenMS/src/tests/class_tests/openms/source/DefaultChromHandler_test.cpp:423:48: warning: comparison of unsigned expression in ‘>= 0’ is always true [-Wtype-limits]
  423 |   TEST_EQUAL(exception_thrown || result.size() >= 0, true)
      |                                  ~~~~~~~~~~~~~~^~~~
/workspaces/OpenMS/src/tests/class_tests/openms/source/DefaultChromHandler_test.cpp:494:28: warning: comparison of unsigned expression in ‘>= 0’ is always true [-Wtype-limits]
  494 |   TEST_EQUAL(result.size() >= 0, true)
      |              ~~~~~~~~~~~~~~^~~~
/workspaces/OpenMS/src/tests/class_tests/openms/source/DefaultChromHandler_test.cpp:539:28: warning: comparison of unsigned expression in ‘>= 0’ is always true [-Wtype-limits]
  539 |   TEST_EQUAL(result.size() >= 0, true)  // May return empty or some default result
      |              ~~~~~~~~~~~~~~^~~~
In file included from /workspaces/OpenMS/src/tests/class_tests/openms/source/ChromatogramProcessor_test.cpp:9:
/workspaces/OpenMS/src/tests/class_tests/openms/source/ChromatogramProcessor_test.cpp: In function ‘int main(int, char**)’:
/workspaces/OpenMS/src/tests/class_tests/openms/source/ChromatogramProcessor_test.cpp:69:33: warning: comparison of unsigned expression in ‘>= 0’ is always true [-Wtype-limits]
   69 |   TEST_EQUAL(featureFile.size() >= 0, true)  // May be 0 if no features found
      |              ~~~~~~~~~~~~~~~~~~~^~~~
/workspaces/OpenMS/src/tests/class_tests/openms/source/ChromatogramProcessor_test.cpp:70:42: warning: comparison of unsigned expression in ‘>= 0’ is always true [-Wtype-limits]
   70 |   TEST_EQUAL(transition_group_map.size() >= 0, true)  // May be 0 if no transitions mapped
      |              ~~~~~~~~~~~~~~~~~~~~~~~~~~~~^~~~
/workspaces/OpenMS/src/tests/class_tests/openms/source/ChromatogramProcessor_test.cpp:115:42: warning: comparison of unsigned expression in ‘>= 0’ is always true [-Wtype-limits]
  115 |   TEST_EQUAL(transition_group_map.size() >= 0, true)  // May have transition groups but no features
      |              ~~~~~~~~~~~~~~~~~~~~~~~~~~~~^~~~
/workspaces/OpenMS/src/tests/class_tests/openms/source/ChromatogramProcessor_test.cpp:197:33: warning: comparison of unsigned expression in ‘>= 0’ is always true [-Wtype-limits]
  197 |   TEST_EQUAL(featureFile.size() >= 0, true)  // May find features or not
      |              ~~~~~~~~~~~~~~~~~~~^~~~
/workspaces/OpenMS/src/tests/class_tests/openms/source/ChromatogramProcessor_test.cpp:198:42: warning: comparison of unsigned expression in ‘>= 0’ is always true [-Wtype-limits]
  198 |   TEST_EQUAL(transition_group_map.size() >= 0, true)  // May have transition groups
      |              ~~~~~~~~~~~~~~~~~~~~~~~~~~~~^~~~
/workspaces/OpenMS/src/tests/class_tests/openms/source/ChromatogramProcessor_test.cpp:269:33: warning: comparison of unsigned expression in ‘>= 0’ is always true [-Wtype-limits]
  269 |   TEST_EQUAL(featureFile.size() >= 0, true)  // May find features
      |              ~~~~~~~~~~~~~~~~~~~^~~~
/workspaces/OpenMS/src/tests/class_tests/openms/source/ChromatogramProcessor_test.cpp:270:42: warning: comparison of unsigned expression in ‘>= 0’ is always true [-Wtype-limits]
  270 |   TEST_EQUAL(transition_group_map.size() >= 0, true)  // May have transition groups
      |              ~~~~~~~~~~~~~~~~~~~~~~~~~~~~^~~~
/workspaces/OpenMS/src/tests/class_tests/openms/source/ChromatogramProcessor_test.cpp:325:53: warning: comparison of unsigned expression in ‘>= 0’ is always true [-Wtype-limits]
  325 |   TEST_EQUAL(exception_thrown || featureFile.size() >= 0, true)
      |                                  ~~~~~~~~~~~~~~~~~~~^~~~
[ 78%] Linking CXX executable ../bin/MRMChromHandler_test
[ 78%] Linking CXX executable ../bin/DefaultChromHandler_test
[ 78%] Built target MRMChromHandler_test
[ 78%] Linking CXX executable ../bin/MRMScoring_test
[ 78%] Built target DefaultChromHandler_test
[ 79%] Building CXX object src/tests/class_tests/openms/CMakeFiles/MapAlignmentAlgorithmIdentification_test.dir/source/MapAlignmentAlgorithmIdentification_test.cpp.o
[ 79%] Built target MRMScoring_test
[ 79%] Linking CXX executable ../bin/MapAlignmentAlgorithmKD_test
[ 79%] Built target MapAlignmentAlgorithmKD_test
[ 79%] Building CXX object src/tests/class_tests/openms/CMakeFiles/MapAlignmentAlgorithmPoseClustering_test.dir/source/MapAlignmentAlgorithmPoseClustering_test.cpp.o
[ 79%] Linking CXX executable ../bin/ChromatogramProcessor_test
[ 79%] Linking CXX executable ../bin/DIAChromHandler_test
[ 79%] Built target ChromatogramProcessor_test
[ 79%] Built target DIAChromHandler_test
[ 79%] Building CXX object src/tests/class_tests/openms/CMakeFiles/MapAlignmentAlgorithmTreeGuided_test.dir/source/MapAlignmentAlgorithmTreeGuided_test.cpp.o
[ 79%] Building CXX object src/tests/class_tests/openms/CMakeFiles/MapAlignmentEvaluationAlgorithmPrecision_test.dir/source/MapAlignmentEvaluationAlgorithmPrecision_test.cpp.o
[ 79%] Linking CXX executable ../bin/MapAlignmentEvaluationAlgorithmPrecision_test
[ 79%] Built target MapAlignmentEvaluationAlgorithmPrecision_test
[ 79%] Building CXX object src/tests/class_tests/openms/CMakeFiles/MapAlignmentEvaluationAlgorithmRecall_test.dir/source/MapAlignmentEvaluationAlgorithmRecall_test.cpp.o
[ 79%] Linking CXX executable ../bin/MapAlignmentAlgorithmIdentification_test
[ 79%] Linking CXX executable ../bin/MapAlignmentAlgorithmPoseClustering_test
[ 79%] Built target MapAlignmentAlgorithmPoseClustering_test
[ 79%] Building CXX object src/tests/class_tests/openms/CMakeFiles/MapAlignmentEvaluationAlgorithm_test.dir/source/MapAlignmentEvaluationAlgorithm_test.cpp.o
[ 79%] Built target MapAlignmentAlgorithmIdentification_test
[ 79%] Building CXX object src/tests/class_tests/openms/CMakeFiles/MapAlignmentTransformer_test.dir/source/MapAlignmentTransformer_test.cpp.o
[ 79%] Linking CXX executable ../bin/MapAlignmentAlgorithmTreeGuided_test
[ 79%] Built target MapAlignmentAlgorithmTreeGuided_test
[ 79%] Linking CXX executable ../bin/MassDecompositionAlgorithm_test
[ 79%] Built target MassDecompositionAlgorithm_test
[ 79%] Linking CXX executable ../bin/MassDecomposition_test
[ 79%] Built target MassDecomposition_test
[ 79%] Building CXX object src/tests/class_tests/openms/CMakeFiles/MassFeatureTrace_test.dir/source/MassFeatureTrace_test.cpp.o
[ 79%] Linking CXX executable ../bin/MapAlignmentEvaluationAlgorithmRecall_test
[ 79%] Built target MapAlignmentEvaluationAlgorithmRecall_test
[ 79%] Building CXX object src/tests/class_tests/openms/CMakeFiles/MetaboliteFeatureDeconvolution_test.dir/source/MetaboliteFeatureDeconvolution_test.cpp.o
[ 79%] Linking CXX executable ../bin/MapAlignmentEvaluationAlgorithm_test
[ 79%] Built target MapAlignmentEvaluationAlgorithm_test
[ 79%] Building CXX object src/tests/class_tests/openms/CMakeFiles/MetaboliteSpectralMatching_test.dir/source/MetaboliteSpectralMatching_test.cpp.o
[ 79%] Linking CXX executable ../bin/MapAlignmentTransformer_test
[ 79%] Built target MapAlignmentTransformer_test
[ 80%] Linking CXX executable ../bin/ModifiedPeptideGenerator_test
[ 80%] Built target ModifiedPeptideGenerator_test
[ 80%] Linking CXX executable ../bin/NeedlemanWunsch_test
[ 80%] Built target NeedlemanWunsch_test
[ 80%] Linking CXX executable ../bin/NeighborSeq_test
[ 80%] Built target NeighborSeq_test
[ 80%] Linking CXX executable ../bin/PeptideIndexing_test
[ 80%] Built target PeptideIndexing_test
[ 80%] Building CXX object src/tests/class_tests/openms/CMakeFiles/PeptideAndProteinQuant_test.dir/source/PeptideAndProteinQuant_test.cpp.o
[ 80%] Linking CXX executable ../bin/MassFeatureTrace_test
[ 80%] Built target MassFeatureTrace_test
[ 80%] Linking CXX executable ../bin/PeptideProteinResolution_test
[ 80%] Built target PeptideProteinResolution_test
[ 81%] Building CXX object src/tests/class_tests/openms/CMakeFiles/PeakGroup_test.dir/source/PeakGroup_test.cpp.o
[ 81%] Linking CXX executable ../bin/MetaboliteFeatureDeconvolution_test
[ 81%] Built target MetaboliteFeatureDeconvolution_test
[ 81%] Building CXX object src/tests/class_tests/openms/CMakeFiles/PScore_test.dir/source/PScore_test.cpp.o
[ 81%] Linking CXX executable ../bin/MetaboliteSpectralMatching_test
[ 81%] Built target MetaboliteSpectralMatching_test
[ 81%] Building CXX object src/tests/class_tests/openms/CMakeFiles/HyperScore_test.dir/source/HyperScore_test.cpp.o
[ 81%] Linking CXX executable ../bin/PScore_test
[ 81%] Built target PScore_test
[ 81%] Building CXX object src/tests/class_tests/openms/CMakeFiles/MorpheusScore_test.dir/source/MorpheusScore_test.cpp.o
[ 81%] Linking CXX executable ../bin/HyperScore_test
[ 81%] Built target HyperScore_test
[ 81%] Building CXX object src/tests/class_tests/openms/CMakeFiles/OpenPepXLAlgorithm_test.dir/source/OpenPepXLAlgorithm_test.cpp.o
[ 81%] Linking CXX executable ../bin/PeptideAndProteinQuant_test
[ 81%] Linking CXX executable ../bin/PeakGroup_test
[ 81%] Built target PeakGroup_test
[ 81%] Building CXX object src/tests/class_tests/openms/CMakeFiles/OPXLHelper_test.dir/source/OPXLHelper_test.cpp.o
[ 81%] Built target PeptideAndProteinQuant_test
[ 81%] Building CXX object src/tests/class_tests/openms/CMakeFiles/OPXLSpectrumProcessingAlgorithms_test.dir/source/OPXLSpectrumProcessingAlgorithms_test.cpp.o
[ 81%] Linking CXX executable ../bin/MorpheusScore_test
[ 81%] Built target MorpheusScore_test
[ 81%] Building CXX object src/tests/class_tests/openms/CMakeFiles/PoseClusteringAffineSuperimposer_test.dir/source/PoseClusteringAffineSuperimposer_test.cpp.o
[ 81%] Linking CXX executable ../bin/OPXLSpectrumProcessingAlgorithms_test
[ 81%] Built target OPXLSpectrumProcessingAlgorithms_test
[ 81%] Building CXX object src/tests/class_tests/openms/CMakeFiles/PoseClusteringShiftSuperimposer_test.dir/source/PoseClusteringShiftSuperimposer_test.cpp.o
[ 81%] Linking CXX executable ../bin/OPXLHelper_test
[ 81%] Linking CXX executable ../bin/OpenPepXLAlgorithm_test
[ 81%] Built target OpenPepXLAlgorithm_test
[ 81%] Building CXX object src/tests/class_tests/openms/CMakeFiles/PrecursorPurity_test.dir/source/PrecursorPurity_test.cpp.o
[ 81%] Built target OPXLHelper_test
[ 81%] Building CXX object src/tests/class_tests/openms/CMakeFiles/QTClusterFinder_test.dir/source/QTClusterFinder_test.cpp.o
[ 81%] Linking CXX executable ../bin/PoseClusteringAffineSuperimposer_test
[ 81%] Built target PoseClusteringAffineSuperimposer_test
[ 81%] Linking CXX executable ../bin/ReactionMonitoringTransition_test
[ 81%] Built target ReactionMonitoringTransition_test
[ 81%] Linking CXX executable ../bin/NuXLModificationsGenerator_test
[ 81%] Built target NuXLModificationsGenerator_test
[ 81%] Linking CXX executable ../bin/NuXLParameterParsing_test
[ 81%] Built target NuXLParameterParsing_test
[ 81%] Building CXX object src/tests/class_tests/openms/CMakeFiles/PeptideSearchEngineFIAlgorithm_test.dir/source/PeptideSearchEngineFIAlgorithm_test.cpp.o
[ 81%] Linking CXX executable ../bin/PrecursorPurity_test
[ 81%] Linking CXX executable ../bin/PoseClusteringShiftSuperimposer_test
[ 81%] Built target PrecursorPurity_test
[ 81%] Building CXX object src/tests/class_tests/openms/CMakeFiles/SimpleSearchEngineAlgorithm_test.dir/source/SimpleSearchEngineAlgorithm_test.cpp.o
[ 81%] Built target PoseClusteringShiftSuperimposer_test
[ 81%] Linking CXX executable ../bin/SimpleSVM_test
[ 81%] Built target SimpleSVM_test
[ 81%] Building CXX object src/tests/class_tests/openms/CMakeFiles/SpectralDeconvolution_test.dir/source/SpectralDeconvolution_test.cpp.o
[ 81%] Linking CXX executable ../bin/QTClusterFinder_test
[ 81%] Built target QTClusterFinder_test
[ 81%] Building CXX object src/tests/class_tests/openms/CMakeFiles/StablePairFinder_test.dir/source/StablePairFinder_test.cpp.o
[ 81%] Linking CXX executable ../bin/SimpleSearchEngineAlgorithm_test
[ 81%] Built target SimpleSearchEngineAlgorithm_test
[ 81%] Building CXX object src/tests/class_tests/openms/CMakeFiles/PercolatorFeatureSetHelper_test.dir/source/PercolatorFeatureSetHelper_test.cpp.o
[ 81%] Linking CXX executable ../bin/PercolatorFeatureSetHelper_test
[ 81%] Built target PercolatorFeatureSetHelper_test
[ 81%] Linking CXX executable ../bin/TransformationDescription_test
[ 81%] Built target TransformationDescription_test
[ 81%] Linking CXX executable ../bin/TransformationModel_test
[ 81%] Built target TransformationModel_test
[ 81%] Linking CXX executable ../bin/TransformationModelBSpline_test
[ 81%] Built target TransformationModelBSpline_test
[ 81%] Linking CXX executable ../bin/TransformationModelLowess_test
[ 81%] Built target TransformationModelLowess_test
[ 82%] Linking CXX executable ../bin/TransformationModelInterpolated_test
[ 82%] Linking CXX executable ../bin/SpectralDeconvolution_test
[ 82%] Linking CXX executable ../bin/StablePairFinder_test
[ 82%] Linking CXX executable ../bin/PeptideSearchEngineFIAlgorithm_test
[ 82%] Built target TransformationModelInterpolated_test
[ 82%] Linking CXX executable ../bin/TransformationModelLinear_test
[ 82%] Built target SpectralDeconvolution_test
[ 82%] Building CXX object src/tests/class_tests/openms/CMakeFiles/XFDRAlgorithm_test.dir/source/XFDRAlgorithm_test.cpp.o
[ 82%] Built target StablePairFinder_test
[ 82%] Building CXX object src/tests/class_tests/openms/CMakeFiles/XQuestScores_test.dir/source/XQuestScores_test.cpp.o
[ 82%] Built target PeptideSearchEngineFIAlgorithm_test
[ 82%] Linking CXX executable ../bin/INIUpdater_test
[ 82%] Built target TransformationModelLinear_test
[ 82%] Building CXX object src/tests/class_tests/openms/CMakeFiles/SearchEngineBase_test.dir/source/SearchEngineBase_test.cpp.o
[ 82%] Built target INIUpdater_test
[ 82%] Building CXX object src/tests/class_tests/openms/CMakeFiles/TOPPBase_test.dir/source/TOPPBase_test.cpp.o
[ 82%] Linking CXX executable ../bin/XQuestScores_test
[ 82%] Linking CXX executable ../bin/SearchEngineBase_test
[ 82%] Built target XQuestScores_test
[ 82%] Linking CXX executable ../bin/ToolHandler_test
[ 82%] Built target SearchEngineBase_test
[ 82%] Linking CXX executable ../bin/ParameterInformation_test
[ 82%] Built target ToolHandler_test
[ 82%] Linking CXX executable ../bin/ConsoleUtils_test
[ 82%] Built target ParameterInformation_test
[ 82%] Linking CXX executable ../bin/BaseModel_test
[ 82%] Linking CXX executable ../bin/XFDRAlgorithm_test
[ 82%] Built target ConsoleUtils_test
[ 82%] Built target BaseModel_test
[ 82%] Linking CXX executable ../bin/BiGaussFitter1D_test
[ 82%] Linking CXX executable ../bin/BiGaussModel_test
[ 82%] Built target XFDRAlgorithm_test
[ 82%] Linking CXX executable ../bin/EGHTraceFitter_test
[ 82%] Built target BiGaussFitter1D_test
[ 82%] Building CXX object src/tests/class_tests/openms/CMakeFiles/ElutionModelFitter_test.dir/source/ElutionModelFitter_test.cpp.o
[ 82%] Built target BiGaussModel_test
[ 83%] Linking CXX executable ../bin/EmgFitter1D_test
[ 83%] Built target EGHTraceFitter_test
[ 83%] Linking CXX executable ../bin/EmgModel_test
[ 83%] Built target EmgFitter1D_test
[ 83%] Linking CXX executable ../bin/ExtendedIsotopeFitter1D_test
[ 83%] Built target EmgModel_test
[ 83%] Linking CXX executable ../bin/ExtendedIsotopeModel_test
[ 83%] Built target ExtendedIsotopeFitter1D_test
[ 83%] Linking CXX executable ../bin/FeatureFinderAlgorithmPickedHelperStructs_test
[ 83%] Built target ExtendedIsotopeModel_test
[ 83%] Building CXX object src/tests/class_tests/openms/CMakeFiles/FeatureFinderAlgorithmPicked_test.dir/source/FeatureFinderAlgorithmPicked_test.cpp.o
[ 83%] Built target FeatureFinderAlgorithmPickedHelperStructs_test
[ 83%] Building CXX object src/tests/class_tests/openms/CMakeFiles/FeatureFinderIdentificationAlgorithm_test.dir/source/FeatureFinderIdentificationAlgorithm_test.cpp.o
[ 83%] Linking CXX executable ../bin/TOPPBase_test
[ 83%] Built target TOPPBase_test
[ 83%] Building CXX object src/tests/class_tests/openms/CMakeFiles/FeatureFinderMultiplexAlgorithm_test.dir/source/FeatureFinderMultiplexAlgorithm_test.cpp.o
[ 83%] Linking CXX executable ../bin/ElutionModelFitter_test
[ 83%] Built target ElutionModelFitter_test
[ 83%] Linking CXX executable ../bin/Fitter1D_test
[ 83%] Built target Fitter1D_test
[ 83%] Linking CXX executable ../bin/GaussFitter1D_test
[ 83%] Built target GaussFitter1D_test
[ 83%] Linking CXX executable ../bin/GaussModel_test
[ 83%] Built target GaussModel_test
[ 83%] Linking CXX executable ../bin/GaussTraceFitter_test
[ 83%] Built target GaussTraceFitter_test
[ 83%] Building CXX object src/tests/class_tests/openms/CMakeFiles/IDConflictResolverAlgorithm_test.dir/source/IDConflictResolverAlgorithm_test.cpp.o
[ 83%] Linking CXX executable ../bin/FeatureFinderAlgorithmPicked_test
[ 83%] Linking CXX executable ../bin/FeatureFinderMultiplexAlgorithm_test
[ 83%] Built target FeatureFinderAlgorithmPicked_test
[ 83%] Linking CXX executable ../bin/InterpolationModel_test
[ 83%] Built target FeatureFinderMultiplexAlgorithm_test
[ 83%] Linking CXX executable ../bin/IsotopeFitter1D_test
[ 83%] Linking CXX executable ../bin/FeatureFinderIdentificationAlgorithm_test
[ 83%] Built target InterpolationModel_test
[ 83%] Linking CXX executable ../bin/IsotopeModel_test
[ 83%] Built target IsotopeFitter1D_test
[ 83%] Linking CXX executable ../bin/LevMarqFitter1D_test
[ 83%] Built target FeatureFinderIdentificationAlgorithm_test
[ 83%] Linking CXX executable ../bin/MaxLikeliFitter1D_test
[ 83%] Built target IsotopeModel_test
[ 83%] Linking CXX executable ../bin/ModelDescription_test
[ 83%] Built target MaxLikeliFitter1D_test
[ 83%] Built target LevMarqFitter1D_test
[ 83%] Building CXX object src/tests/class_tests/openms/CMakeFiles/PeakPickerIterative_test.dir/source/PeakPickerIterative_test.cpp.o
[ 83%] Building CXX object src/tests/class_tests/openms/CMakeFiles/PeakPickerHiRes_test.dir/source/PeakPickerHiRes_test.cpp.o
[ 83%] Built target ModelDescription_test
[ 83%] Linking CXX executable ../bin/PeakPickerIM_test
[ 83%] Built target PeakPickerIM_test
[ 84%] Building CXX object src/tests/class_tests/openms/CMakeFiles/PeakWidthEstimator_test.dir/source/PeakWidthEstimator_test.cpp.o
[ 84%] Linking CXX executable ../bin/IDConflictResolverAlgorithm_test
[ 84%] Built target IDConflictResolverAlgorithm_test
[ 84%] Building CXX object src/tests/class_tests/openms/CMakeFiles/SeedListGenerator_test.dir/source/SeedListGenerator_test.cpp.o
[ 84%] Linking CXX executable ../bin/PeakPickerIterative_test
[ 84%] Linking CXX executable ../bin/PeakPickerHiRes_test
[ 84%] Built target PeakPickerIterative_test
[ 84%] Linking CXX executable ../bin/TraceFitter_test
[ 84%] Linking CXX executable ../bin/PeakWidthEstimator_test
[ 84%] Built target PeakPickerHiRes_test
[ 84%] Built target TraceFitter_test
[ 84%] Linking CXX executable ../bin/EmgScoring_test
[ 84%] Building CXX object src/tests/class_tests/openms/CMakeFiles/FAIMSHelper_test.dir/source/FAIMSHelper_test.cpp.o
[ 84%] Built target PeakWidthEstimator_test
[ 84%] Building CXX object src/tests/class_tests/openms/CMakeFiles/IMDataConverter_test.dir/source/IMDataConverter_test.cpp.o
[ 84%] Built target EmgScoring_test
[ 84%] Building CXX object src/tests/class_tests/openms/CMakeFiles/IMTypes_test.dir/source/IMTypes_test.cpp.o
[ 84%] Linking CXX executable ../bin/FAIMSHelper_test
[ 84%] Built target FAIMSHelper_test
[ 84%] Linking CXX executable ../bin/MRMAssay_test
[ 84%] Linking CXX executable ../bin/SeedListGenerator_test
[ 84%] Built target MRMAssay_test
[ 84%] Linking CXX executable ../bin/MRMDecoy_test
[ 84%] Built target SeedListGenerator_test
[ 84%] Linking CXX executable ../bin/MRMIonSeries_test
[ 84%] Built target MRMDecoy_test
[ 84%] Linking CXX executable ../bin/MRMRTNormalizer_test
[ 84%] Built target MRMIonSeries_test
[ 84%] Building CXX object src/tests/class_tests/openms/CMakeFiles/TransitionTSVFile_test.dir/source/TransitionTSVFile_test.cpp.o
[ 84%] Built target MRMRTNormalizer_test
[ 84%] Building CXX object src/tests/class_tests/openms/CMakeFiles/TransitionPQPFile_test.dir/source/TransitionPQPFile_test.cpp.o
[ 84%] Linking CXX executable ../bin/IMDataConverter_test
[ 84%] Linking CXX executable ../bin/IMTypes_test
[ 84%] Built target IMDataConverter_test
[ 84%] Building CXX object src/tests/class_tests/openms/CMakeFiles/ChromatogramExtractor_test.dir/source/ChromatogramExtractor_test.cpp.o
[ 84%] Built target IMTypes_test
[ 84%] Building CXX object src/tests/class_tests/openms/CMakeFiles/ChromatogramExtractorAlgorithm_test.dir/source/ChromatogramExtractorAlgorithm_test.cpp.o
[ 84%] Linking CXX executable ../bin/TransitionPQPFile_test
[ 84%] Built target TransitionPQPFile_test
[ 84%] Building CXX object src/tests/class_tests/openms/CMakeFiles/OpenSwathHelper_test.dir/source/OpenSwathHelper_test.cpp.o
[ 84%] Linking CXX executable ../bin/TransitionTSVFile_test
[ 84%] Built target TransitionTSVFile_test
[ 84%] Building CXX object src/tests/class_tests/openms/CMakeFiles/OpenSwathOSWWriter_test.dir/source/OpenSwathOSWWriter_test.cpp.o
[ 84%] Linking CXX executable ../bin/ChromatogramExtractorAlgorithm_test
[ 84%] Built target ChromatogramExtractorAlgorithm_test
[ 84%] Building CXX object src/tests/class_tests/openms/CMakeFiles/OpenSwathScoring_test.dir/source/OpenSwathScoring_test.cpp.o
[ 84%] Linking CXX executable ../bin/OpenSwathOSWWriter_test
[ 84%] Built target OpenSwathOSWWriter_test
[ 84%] Linking CXX executable ../bin/OpenSwathScores_test
[ 84%] Built target OpenSwathScores_test
[ 84%] Linking CXX executable ../bin/PeakIntegrator_test
[ 84%] Built target PeakIntegrator_test
[ 84%] Building CXX object src/tests/class_tests/openms/CMakeFiles/PeakPickerChromatogram_test.dir/source/PeakPickerChromatogram_test.cpp.o
[ 84%] Linking CXX executable ../bin/ChromatogramExtractor_test
[ 84%] Built target ChromatogramExtractor_test
[ 84%] Building CXX object src/tests/class_tests/openms/CMakeFiles/PeakPickerMobilogram_test.dir/source/PeakPickerMobilogram_test.cpp.o
[ 84%] Linking CXX executable ../bin/OpenSwathHelper_test
[ 84%] Built target OpenSwathHelper_test
[ 85%] Building CXX object src/tests/class_tests/openms/CMakeFiles/MRMTransitionGroupPicker_test.dir/source/MRMTransitionGroupPicker_test.cpp.o
[ 85%] Linking CXX executable ../bin/OpenSwathScoring_test
[ 85%] Built target OpenSwathScoring_test
[ 85%] Linking CXX executable ../bin/DIAHelper_test
[ 85%] Built target DIAHelper_test
[ 85%] Linking CXX executable ../bin/DIAScoring_test
[ 85%] Built target DIAScoring_test
[ 85%] Linking CXX executable ../bin/DIAPrescoring_test
[ 85%] Built target DIAPrescoring_test
[ 85%] Building CXX object src/tests/class_tests/openms/CMakeFiles/OpenSwathMRMFeatureAccessOpenMS_test.dir/source/OpenSwathMRMFeatureAccessOpenMS_test.cpp.o
[ 85%] Linking CXX executable ../bin/PeakPickerChromatogram_test
[ 85%] Built target PeakPickerChromatogram_test
[ 85%] Linking CXX executable ../bin/SpectrumAddition_test
[ 85%] Built target SpectrumAddition_test
[ 85%] Building CXX object src/tests/class_tests/openms/CMakeFiles/TargetedSpectraExtractor_test.dir/source/TargetedSpectraExtractor_test.cpp.o
[ 85%] Linking CXX executable ../bin/PeakPickerMobilogram_test
[ 85%] Built target PeakPickerMobilogram_test
[ 85%] Building CXX object src/tests/class_tests/openms/CMakeFiles/OpenSwathSpectrumAccessOpenMS_test.dir/source/OpenSwathSpectrumAccessOpenMS_test.cpp.o
[ 85%] Linking CXX executable ../bin/OpenSwathMRMFeatureAccessOpenMS_test
[ 85%] Built target OpenSwathMRMFeatureAccessOpenMS_test
[ 85%] Linking CXX executable ../bin/OpenSwathDataAccessHelper_test
[ 85%] Built target OpenSwathDataAccessHelper_test
[ 85%] Building CXX object src/tests/class_tests/openms/CMakeFiles/CalibrationWorkflow_test.dir/source/CalibrationWorkflow_test.cpp.o
[ 85%] Linking CXX executable ../bin/OpenSwathSpectrumAccessOpenMS_test
[ 85%] Built target OpenSwathSpectrumAccessOpenMS_test
[ 85%] Building CXX object src/tests/class_tests/openms/CMakeFiles/MasstraceCorrelator_test.dir/source/MasstraceCorrelator_test.cpp.o
[ 85%] Linking CXX executable ../bin/MRMTransitionGroupPicker_test
[ 85%] Built target MRMTransitionGroupPicker_test
[ 85%] Building CXX object src/tests/class_tests/openms/CMakeFiles/MRMBatchFeatureSelector_test.dir/source/MRMBatchFeatureSelector_test.cpp.o
[ 85%] Linking CXX executable ../bin/TargetedSpectraExtractor_test
[ 85%] Built target TargetedSpectraExtractor_test
[ 85%] Building CXX object src/tests/class_tests/openms/CMakeFiles/MRMFeatureScoring_test.dir/source/MRMFeatureScoring_test.cpp.o
[ 85%] Linking CXX executable ../bin/MasstraceCorrelator_test
[ 85%] Linking CXX executable ../bin/MRMBatchFeatureSelector_test
[ 85%] Built target MasstraceCorrelator_test
[ 85%] Building CXX object src/tests/class_tests/openms/CMakeFiles/MRMFeatureSelector_test.dir/source/MRMFeatureSelector_test.cpp.o
[ 85%] Built target MRMBatchFeatureSelector_test
[ 85%] Building CXX object src/tests/class_tests/openms/CMakeFiles/MRMFeatureFinderScoring_test.dir/source/MRMFeatureFinderScoring_test.cpp.o
[ 85%] Linking CXX executable ../bin/CalibrationWorkflow_test
[ 85%] Built target CalibrationWorkflow_test
[ 85%] Building CXX object src/tests/class_tests/openms/CMakeFiles/MRMFeatureFilter_test.dir/source/MRMFeatureFilter_test.cpp.o
[ 85%] Linking CXX executable ../bin/MRMFeatureSelector_test
[ 85%] Built target MRMFeatureSelector_test
[ 85%] Building CXX object src/tests/class_tests/openms/CMakeFiles/MRMFeatureQC_test.dir/source/MRMFeatureQC_test.cpp.o
[ 85%] Linking CXX executable ../bin/MRMFeatureScoring_test
[ 85%] Built target MRMFeatureScoring_test
[ 85%] Linking CXX executable ../bin/SpectrumHelpers_test
[ 85%] Built target SpectrumHelpers_test
[ 85%] Linking CXX executable ../bin/StatsHelpers_test
[ 85%] Built target StatsHelpers_test
[ 85%] Building CXX object src/tests/class_tests/openms/CMakeFiles/SwathQC_test.dir/source/SwathQC_test.cpp.o
[ 85%] Linking CXX executable ../bin/MRMFeatureFinderScoring_test
[ 85%] Built target MRMFeatureFinderScoring_test
[ 85%] Building CXX object src/tests/class_tests/openms/CMakeFiles/IonMobilityScoring_test.dir/source/IonMobilityScoring_test.cpp.o
[ 85%] Linking CXX executable ../bin/SwathQC_test
[ 85%] Linking CXX executable ../bin/MRMFeatureQC_test
[ 85%] Built target SwathQC_test
[ 85%] Building CXX object src/tests/class_tests/openms/CMakeFiles/CachedMzML_test.dir/source/CachedMzML_test.cpp.o
[ 85%] Built target MRMFeatureQC_test
[ 85%] Building CXX object src/tests/class_tests/openms/CMakeFiles/CachedMzMLHandler_test.dir/source/CachedMzMLHandler_test.cpp.o
[ 85%] Linking CXX executable ../bin/MRMFeatureFilter_test
[ 85%] Built target MRMFeatureFilter_test
[ 85%] Linking CXX executable ../bin/TransitionParquetFile_test
[ 85%] Built target TransitionParquetFile_test
[ 85%] Linking CXX executable ../bin/OpenSwathOSWParquetReader_test
[ 85%] Linking CXX executable ../bin/CachedMzML_test
[ 85%] Built target OpenSwathOSWParquetReader_test
[ 85%] Built target CachedMzML_test
[ 85%] Building CXX object src/tests/class_tests/openms/CMakeFiles/OpenSwathOSWParquetWriter_test.dir/source/OpenSwathOSWParquetWriter_test.cpp.o
[ 85%] Building CXX object src/tests/class_tests/openms/CMakeFiles/Contaminants_test.dir/source/Contaminants_test.cpp.o
[ 85%] Linking CXX executable ../bin/CachedMzMLHandler_test
[ 85%] Built target CachedMzMLHandler_test
[ 85%] Building CXX object src/tests/class_tests/openms/CMakeFiles/DBSuitability_test.dir/source/DBSuitability_test.cpp.o
[ 86%] Linking CXX executable ../bin/IonMobilityScoring_test
[ 86%] Built target IonMobilityScoring_test
[ 86%] Building CXX object src/tests/class_tests/openms/CMakeFiles/FragmentMassError_test.dir/source/FragmentMassError_test.cpp.o
[ 86%] Linking CXX executable ../bin/Contaminants_test
[ 86%] Built target Contaminants_test
[ 86%] Building CXX object src/tests/class_tests/openms/CMakeFiles/FWHM_test.dir/source/FWHM_test.cpp.o
[ 86%] Linking CXX executable ../bin/DBSuitability_test
[ 86%] Built target DBSuitability_test
[ 86%] Building CXX object src/tests/class_tests/openms/CMakeFiles/MissedCleavages_test.dir/source/MissedCleavages_test.cpp.o
[ 86%] Linking CXX executable ../bin/OpenSwathOSWParquetWriter_test
[ 86%] Built target OpenSwathOSWParquetWriter_test
[ 86%] Building CXX object src/tests/class_tests/openms/CMakeFiles/Ms2IdentificationRate_test.dir/source/Ms2IdentificationRate_test.cpp.o
[ 86%] Linking CXX executable ../bin/FWHM_test
[ 86%] Built target FWHM_test
[ 86%] Building CXX object src/tests/class_tests/openms/CMakeFiles/Ms2SpectrumStats_test.dir/source/Ms2SpectrumStats_test.cpp.o
[ 86%] Linking CXX executable ../bin/MissedCleavages_test
[ 86%] Built target MissedCleavages_test
[ 86%] Building CXX object src/tests/class_tests/openms/CMakeFiles/MQEvidenceExporter_test.dir/source/MQEvidenceExporter_test.cpp.o
[ 86%] Linking CXX executable ../bin/FragmentMassError_test
[ 86%] Built target FragmentMassError_test
[ 86%] Building CXX object src/tests/class_tests/openms/CMakeFiles/MQMsmsExporter_test.dir/source/MQMsmsExporter_test.cpp.o
[ 86%] Linking CXX executable ../bin/Ms2IdentificationRate_test
[ 86%] Built target Ms2IdentificationRate_test
[ 86%] Building CXX object src/tests/class_tests/openms/CMakeFiles/MzCalibration_test.dir/source/MzCalibration_test.cpp.o
[ 86%] Linking CXX executable ../bin/Ms2SpectrumStats_test
[ 86%] Built target Ms2SpectrumStats_test
[ 87%] Building CXX object src/tests/class_tests/openms/CMakeFiles/PeptideMass_test.dir/source/PeptideMass_test.cpp.o
[ 87%] Linking CXX executable ../bin/MQEvidenceExporter_test
[ 87%] Built target MQEvidenceExporter_test
[ 87%] Building CXX object src/tests/class_tests/openms/CMakeFiles/PSMExplainedIonCurrent_test.dir/source/PSMExplainedIonCurrent_test.cpp.o
[ 87%] Linking CXX executable ../bin/MzCalibration_test
[ 87%] Built target MzCalibration_test
[ 87%] Building CXX object src/tests/class_tests/openms/CMakeFiles/QCBase_test.dir/source/QCBase_test.cpp.o
[ 87%] Linking CXX executable ../bin/PeptideMass_test
[ 87%] Linking CXX executable ../bin/MQMsmsExporter_test
[ 87%] Built target PeptideMass_test
[ 87%] Building CXX object src/tests/class_tests/openms/CMakeFiles/RTAlignment_test.dir/source/RTAlignment_test.cpp.o
[ 87%] Built target MQMsmsExporter_test
[ 88%] Building CXX object src/tests/class_tests/openms/CMakeFiles/TIC_test.dir/source/TIC_test.cpp.o
[ 89%] Linking CXX executable ../bin/QCBase_test
[ 89%] Built target QCBase_test
[ 89%] Linking CXX executable ../../bin/Tutorial_AASequence
[ 89%] Built target Tutorial_AASequence
[ 89%] Linking CXX executable ../../bin/Tutorial_Clustering
[ 89%] Built target Tutorial_Clustering
[ 89%] Linking CXX executable ../../bin/Tutorial_DPosition
[ 89%] Linking CXX executable ../bin/TIC_test
[ 89%] Built target Tutorial_DPosition
[ 89%] Linking CXX executable ../../bin/Tutorial_DRange
[ 89%] Built target TIC_test
[ 89%] Built target Tutorial_DRange
[ 90%] Linking CXX executable ../../bin/Tutorial_Element
[ 90%] Linking CXX executable ../../bin/Tutorial_EmpiricalFormula
[ 90%] Built target Tutorial_EmpiricalFormula
[ 90%] Built target Tutorial_Element
[ 90%] Linking CXX executable ../../bin/Tutorial_Enzyme
[ 90%] Building CXX object doc/code_examples/CMakeFiles/Tutorial_FeatureFinder.dir/Tutorial_FeatureFinder.cpp.o
[ 90%] Built target Tutorial_Enzyme
[ 90%] Building CXX object doc/code_examples/CMakeFiles/Tutorial_FeatureMap.dir/Tutorial_FeatureMap.cpp.o
[ 90%] Linking CXX executable ../bin/RTAlignment_test
[ 90%] Built target RTAlignment_test
[ 90%] Building CXX object doc/code_examples/CMakeFiles/Tutorial_FileIO.dir/Tutorial_FileIO.cpp.o
[ 90%] Linking CXX executable ../bin/PSMExplainedIonCurrent_test
[ 90%] Built target PSMExplainedIonCurrent_test
[ 90%] Building CXX object doc/code_examples/CMakeFiles/Tutorial_FileIO_Consumer.dir/Tutorial_FileIO_Consumer.cpp.o
[ 90%] Linking CXX executable ../../bin/Tutorial_FeatureMap
[ 90%] Built target Tutorial_FeatureMap
[ 90%] Building CXX object doc/code_examples/CMakeFiles/Tutorial_FileIO_mzML.dir/Tutorial_FileIO_mzML.cpp.o
[ 90%] Linking CXX executable ../../bin/Tutorial_FeatureFinder
[ 90%] Built target Tutorial_FeatureFinder
[ 90%] Building CXX object doc/code_examples/CMakeFiles/Tutorial_GaussFilter.dir/Tutorial_GaussFilter.cpp.o
[ 90%] Linking CXX executable ../../bin/Tutorial_FileIO
[ 90%] Built target Tutorial_FileIO
[ 90%] Linking CXX executable ../../bin/Tutorial_IdentificationClasses
[ 90%] Linking CXX executable ../../bin/Tutorial_FileIO_Consumer
[ 90%] Linking CXX executable ../../bin/Tutorial_FileIO_mzML
[ 90%] Built target Tutorial_FileIO_Consumer
[ 90%] Built target Tutorial_IdentificationClasses
[ 90%] Linking CXX executable ../../bin/Tutorial_Logger
[ 90%] Building CXX object doc/code_examples/CMakeFiles/Tutorial_Labeled.dir/Tutorial_Labeled.cpp.o
[ 90%] Built target Tutorial_FileIO_mzML
[ 90%] Building CXX object doc/code_examples/CMakeFiles/Tutorial_MapAlignment.dir/Tutorial_MapAlignment.cpp.o
[ 90%] Built target Tutorial_Logger
[ 90%] Linking CXX executable ../../bin/Tutorial_MetaInfo
[ 90%] Built target Tutorial_MetaInfo
[ 90%] Building CXX object doc/code_examples/CMakeFiles/Tutorial_MorphologicalFilter.dir/Tutorial_MorphologicalFilter.cpp.o
[ 90%] Linking CXX executable ../../bin/Tutorial_GaussFilter
[ 90%] Built target Tutorial_GaussFilter
[ 90%] Linking CXX executable ../../bin/Tutorial_MSChromatogram
[ 90%] Built target Tutorial_MSChromatogram
[ 90%] Building CXX object doc/code_examples/CMakeFiles/Tutorial_MSExperiment.dir/Tutorial_MSExperiment.cpp.o
[ 91%] Linking CXX executable ../../bin/Tutorial_Labeled
[ 91%] Built target Tutorial_Labeled
[ 91%] Linking CXX executable ../../bin/Tutorial_MSSpectrum
[ 91%] Built target Tutorial_MSSpectrum
[ 91%] Linking CXX executable ../../bin/Tutorial_Param
[ 91%] Built target Tutorial_Param
[ 91%] Building CXX object doc/code_examples/CMakeFiles/Tutorial_Precursor.dir/Tutorial_Precursor.cpp.o
[ 91%] Linking CXX executable ../../bin/Tutorial_MapAlignment
[ 91%] Built target Tutorial_MapAlignment
[ 91%] Linking CXX executable ../../bin/Tutorial_ProForma
[ 91%] Built target Tutorial_ProForma
[ 91%] Building CXX object doc/code_examples/CMakeFiles/Tutorial_RangeManager.dir/Tutorial_RangeManager.cpp.o
[ 91%] Linking CXX executable ../../bin/Tutorial_MSExperiment
[ 91%] Linking CXX executable ../../bin/Tutorial_MorphologicalFilter
[ 91%] Built target Tutorial_MSExperiment
[ 91%] Linking CXX executable ../../bin/Tutorial_Residue
[ 91%] Built target Tutorial_MorphologicalFilter
[ 92%] Linking CXX executable ../../bin/Tutorial_ResidueModification
[ 92%] Built target Tutorial_Residue
[ 92%] Building CXX object doc/code_examples/CMakeFiles/Tutorial_SavitzkyGolayFilter.dir/Tutorial_SavitzkyGolayFilter.cpp.o
[ 92%] Built target Tutorial_ResidueModification
[ 92%] Linking CXX executable ../../bin/Tutorial_Template
[ 92%] Built target Tutorial_Template
[ 92%] Building CXX object doc/code_examples/CMakeFiles/Tutorial_TheoreticalSpectrumGenerator.dir/Tutorial_TheoreticalSpectrumGenerator.cpp.o
[ 92%] Linking CXX executable ../../bin/Tutorial_Precursor
[ 92%] Built target Tutorial_Precursor
[ 92%] Building CXX object doc/code_examples/CMakeFiles/Tutorial_TOPP.dir/Tutorial_TOPP.cpp.o
[ 92%] Linking CXX executable ../../bin/Tutorial_RangeManager
[ 92%] Linking CXX executable ../../bin/Tutorial_TheoreticalSpectrumGenerator
[ 92%] Linking CXX executable ../../bin/Tutorial_SavitzkyGolayFilter
[ 92%] Built target Tutorial_RangeManager
[ 92%] Building CXX object doc/code_examples/CMakeFiles/Tutorial_Unlabeled.dir/Tutorial_Unlabeled.cpp.o
[ 92%] Built target Tutorial_TheoreticalSpectrumGenerator
[ 92%] Automatic MOC and UIC for target OpenMS_GUI
[ 92%] Built target Tutorial_SavitzkyGolayFilter
[ 92%] Linking CXX executable ../../bin/Tutorial_TOPP
[ 92%] Built target Tutorial_TOPP
[ 92%] Linking CXX executable ../../bin/Tutorial_Unlabeled
[ 92%] Built target Tutorial_Unlabeled
[ 92%] Built target OpenMS_GUI_autogen
[ 92%] Building CXX object src/openms_gui/CMakeFiles/OpenMS_GUI.dir/OpenMS_GUI_autogen/mocs_compilation.cpp.o
[ 92%] Building CXX object src/openms_gui/CMakeFiles/OpenMS_GUI.dir/source/VISUAL/ANNOTATION/Annotation1DCaret.cpp.o
[ 92%] Building CXX object src/openms_gui/CMakeFiles/OpenMS_GUI.dir/source/VISUAL/ANNOTATION/Annotation1DDistanceItem.cpp.o
[ 92%] Building CXX object src/openms_gui/CMakeFiles/OpenMS_GUI.dir/source/VISUAL/ANNOTATION/Annotation1DPeakItem.cpp.o
[ 92%] Building CXX object src/openms_gui/CMakeFiles/OpenMS_GUI.dir/source/VISUAL/ANNOTATION/Annotation1DTextItem.cpp.o
[ 92%] Building CXX object src/openms_gui/CMakeFiles/OpenMS_GUI.dir/source/VISUAL/ANNOTATION/Annotation1DVerticalLineItem.cpp.o
[ 92%] Building CXX object src/openms_gui/CMakeFiles/OpenMS_GUI.dir/source/VISUAL/APPLICATIONS/FLASHDeconvWizardBase.cpp.o
[ 92%] Building CXX object src/openms_gui/CMakeFiles/OpenMS_GUI.dir/source/VISUAL/APPLICATIONS/SwathWizardBase.cpp.o
[ 92%] Building CXX object src/openms_gui/CMakeFiles/OpenMS_GUI.dir/source/VISUAL/APPLICATIONS/TOPPASBase.cpp.o
[ 93%] Building CXX object src/openms_gui/CMakeFiles/OpenMS_GUI.dir/source/VISUAL/APPLICATIONS/TOPPViewBase.cpp.o
[ 93%] Building CXX object src/openms_gui/CMakeFiles/OpenMS_GUI.dir/source/VISUAL/DIALOGS/FLASHDeconvTabWidget.cpp.o
[ 93%] Building CXX object src/openms_gui/CMakeFiles/OpenMS_GUI.dir/source/VISUAL/DIALOGS/LayerStatisticsDialog.cpp.o
[ 93%] Building CXX object src/openms_gui/CMakeFiles/OpenMS_GUI.dir/source/VISUAL/DIALOGS/Plot2DGoToDialog.cpp.o
[ 93%] Building CXX object src/openms_gui/CMakeFiles/OpenMS_GUI.dir/source/VISUAL/DIALOGS/SpectrumAlignmentDialog.cpp.o
[ 93%] Building CXX object src/openms_gui/CMakeFiles/OpenMS_GUI.dir/source/VISUAL/DIALOGS/SwathTabWidget.cpp.o
[ 93%] Building CXX object src/openms_gui/CMakeFiles/OpenMS_GUI.dir/source/VISUAL/DIALOGS/ToolsDialog.cpp.o
/workspaces/OpenMS/src/openms_gui/source/VISUAL/DIALOGS/SwathTabWidget.cpp: In member function ‘void OpenMS::Internal::SwathTabWidget::on_btn_runPyProphet_clicked()’:
/workspaces/OpenMS/src/openms_gui/source/VISUAL/DIALOGS/SwathTabWidget.cpp:467:25: warning: comparison of integer expressions of different signedness: ‘int’ and ‘std::vector<OpenMS::String>::size_type’ {aka ‘long unsigned int’} [-Wsign-compare]
  467 |       for (int i = 0; i < osws_orig.size(); ++i)
      |                       ~~^~~~~~~~~~~~~~~~~~
[ 93%] Building CXX object src/openms_gui/CMakeFiles/OpenMS_GUI.dir/source/VISUAL/DIATreeTab.cpp.o
[ 93%] Building CXX object src/openms_gui/CMakeFiles/OpenMS_GUI.dir/source/VISUAL/DataSelectionTabs.cpp.o
[ 93%] Building CXX object src/openms_gui/CMakeFiles/OpenMS_GUI.dir/source/VISUAL/LayerData1DBase.cpp.o
[ 93%] Building CXX object src/openms_gui/CMakeFiles/OpenMS_GUI.dir/source/VISUAL/LayerData1DChrom.cpp.o
[ 93%] Building CXX object src/openms_gui/CMakeFiles/OpenMS_GUI.dir/source/VISUAL/LayerData1DIonMobility.cpp.o
[ 93%] Building CXX object src/openms_gui/CMakeFiles/OpenMS_GUI.dir/source/VISUAL/LayerData1DPeak.cpp.o
[ 93%] Building CXX object src/openms_gui/CMakeFiles/OpenMS_GUI.dir/source/VISUAL/LayerDataBase.cpp.o
[ 93%] Building CXX object src/openms_gui/CMakeFiles/OpenMS_GUI.dir/source/VISUAL/LayerDataChrom.cpp.o
[ 93%] Building CXX object src/openms_gui/CMakeFiles/OpenMS_GUI.dir/source/VISUAL/LayerDataConsensus.cpp.o
[ 93%] Building CXX object src/openms_gui/CMakeFiles/OpenMS_GUI.dir/source/VISUAL/LayerDataFeature.cpp.o
[ 93%] Building CXX object src/openms_gui/CMakeFiles/OpenMS_GUI.dir/source/VISUAL/LayerDataIdent.cpp.o
[ 93%] Building CXX object src/openms_gui/CMakeFiles/OpenMS_GUI.dir/source/VISUAL/LayerDataIonMobility.cpp.o
[ 93%] Building CXX object src/openms_gui/CMakeFiles/OpenMS_GUI.dir/source/VISUAL/LayerDataPeak.cpp.o
[ 94%] Building CXX object src/openms_gui/CMakeFiles/OpenMS_GUI.dir/source/VISUAL/LayerListView.cpp.o
[ 94%] Building CXX object src/openms_gui/CMakeFiles/OpenMS_GUI.dir/source/VISUAL/MISC/GUIHelpers.cpp.o
[ 94%] Building CXX object src/openms_gui/CMakeFiles/OpenMS_GUI.dir/source/VISUAL/MetaDataBrowser.cpp.o
[ 94%] Building CXX object src/openms_gui/CMakeFiles/OpenMS_GUI.dir/source/VISUAL/Painter1DBase.cpp.o
[ 94%] Building CXX object src/openms_gui/CMakeFiles/OpenMS_GUI.dir/source/VISUAL/Painter2DBase.cpp.o
[ 94%] Building CXX object src/openms_gui/CMakeFiles/OpenMS_GUI.dir/source/VISUAL/ParamEditor.cpp.o
[ 94%] Building CXX object src/openms_gui/CMakeFiles/OpenMS_GUI.dir/source/VISUAL/Plot1DCanvas.cpp.o
[ 94%] Building CXX object src/openms_gui/CMakeFiles/OpenMS_GUI.dir/source/VISUAL/Plot1DWidget.cpp.o
[ 94%] Building CXX object src/openms_gui/CMakeFiles/OpenMS_GUI.dir/source/VISUAL/Plot2DCanvas.cpp.o
[ 94%] Building CXX object src/openms_gui/CMakeFiles/OpenMS_GUI.dir/source/VISUAL/Plot2DWidget.cpp.o
/workspaces/OpenMS/src/openms_gui/source/VISUAL/Plot2DCanvas.cpp: In member function ‘bool OpenMS::Plot2DCanvas::collectFragmentScansInArea_(const OpenMS::PlotCanvas::RangeType&, double, QMenu*, QMenu*, int)’:
/workspaces/OpenMS/src/openms_gui/source/VISUAL/Plot2DCanvas.cpp:1567:29: warning: comparison of integer expressions of different signedness: ‘std::vector<long unsigned int>::size_type’ {aka ‘long unsigned int’} and ‘int’ [-Wsign-compare]
 1567 |       while (indices.size() < max_count || max_count == 0)
      |              ~~~~~~~~~~~~~~~^~~~~~~~~~~
/workspaces/OpenMS/src/openms_gui/source/VISUAL/Plot2DCanvas.cpp:1576:45: warning: comparison of integer expressions of different signedness: ‘std::vector<long unsigned int>::size_type’ {aka ‘long unsigned int’} and ‘int’ [-Wsign-compare]
 1576 |         if (max_count > 0 && indices.size() >= max_count) break;
      |                              ~~~~~~~~~~~~~~~^~~~~~~~~~~~
[ 95%] Building CXX object src/openms_gui/CMakeFiles/OpenMS_GUI.dir/source/VISUAL/Plot3DCanvas.cpp.o
[ 95%] Building CXX object src/openms_gui/CMakeFiles/OpenMS_GUI.dir/source/VISUAL/Plot3DOpenGLCanvas.cpp.o
[ 95%] Building CXX object src/openms_gui/CMakeFiles/OpenMS_GUI.dir/source/VISUAL/Plot3DWidget.cpp.o
[ 95%] Building CXX object src/openms_gui/CMakeFiles/OpenMS_GUI.dir/source/VISUAL/PlotCanvas.cpp.o
[ 95%] Building CXX object src/openms_gui/CMakeFiles/OpenMS_GUI.dir/source/VISUAL/PlotWidget.cpp.o
[ 95%] Building CXX object src/openms_gui/CMakeFiles/OpenMS_GUI.dir/source/VISUAL/SpectraIDViewTab.cpp.o
[ 95%] Building CXX object src/openms_gui/CMakeFiles/OpenMS_GUI.dir/source/VISUAL/SpectraTreeTab.cpp.o
[ 95%] Building CXX object src/openms_gui/CMakeFiles/OpenMS_GUI.dir/source/VISUAL/SwathLibraryStats.cpp.o
[ 95%] Building CXX object src/openms_gui/CMakeFiles/OpenMS_GUI.dir/source/VISUAL/TOPPASEdge.cpp.o
[ 95%] Building CXX object src/openms_gui/CMakeFiles/OpenMS_GUI.dir/source/VISUAL/TOPPASInputFileListVertex.cpp.o
[ 95%] Building CXX object src/openms_gui/CMakeFiles/OpenMS_GUI.dir/source/VISUAL/TOPPASOutputFileListVertex.cpp.o
[ 95%] Building CXX object src/openms_gui/CMakeFiles/OpenMS_GUI.dir/source/VISUAL/TOPPASOutputFolderVertex.cpp.o
[ 95%] Building CXX object src/openms_gui/CMakeFiles/OpenMS_GUI.dir/source/VISUAL/TOPPASOutputVertex.cpp.o
[ 95%] Building CXX object src/openms_gui/CMakeFiles/OpenMS_GUI.dir/source/VISUAL/TOPPASToolVertex.cpp.o
[ 95%] Building CXX object src/openms_gui/CMakeFiles/OpenMS_GUI.dir/source/VISUAL/TOPPASVertex.cpp.o
[ 95%] Building CXX object src/openms_gui/CMakeFiles/OpenMS_GUI.dir/source/VISUAL/TOPPViewMenu.cpp.o
[ 95%] Building CXX object src/openms_gui/CMakeFiles/OpenMS_GUI.dir/source/VISUAL/TVControllerBase.cpp.o
[ 96%] Building CXX object src/openms_gui/CMakeFiles/OpenMS_GUI.dir/source/VISUAL/TVDIATreeTabController.cpp.o
[ 96%] Building CXX object src/openms_gui/CMakeFiles/OpenMS_GUI.dir/source/VISUAL/TVIdentificationViewController.cpp.o
[ 96%] Building CXX object src/openms_gui/CMakeFiles/OpenMS_GUI.dir/source/VISUAL/TVSpectraViewController.cpp.o
[ 96%] Building CXX object src/openms_gui/CMakeFiles/OpenMS_GUI.dir/source/VISUAL/TVToolDiscovery.cpp.o
[ 96%] Building CXX object src/openms_gui/CMakeFiles/OpenMS_GUI.dir/source/VISUAL/VISITORS/LayerStatistics.cpp.o
[ 96%] Building CXX object src/openms_gui/CMakeFiles/OpenMS_GUI.dir/source/VISUAL/VISITORS/LayerStoreData.cpp.o
[ 96%] Building CXX object src/openms_gui/CMakeFiles/OpenMS_GUI.dir/source/VISUAL/VISUALIZER/DocumentIdentifierVisualizer.cpp.o
[ 96%] Building CXX object src/openms_gui/CMakeFiles/OpenMS_GUI.dir/source/VISUAL/VISUALIZER/ExperimentalSettingsVisualizer.cpp.o
[ 96%] Building CXX object src/openms_gui/CMakeFiles/OpenMS_GUI.dir/source/VISUAL/VISUALIZER/PeptideIdentificationVisualizer.cpp.o
[ 96%] Building CXX object src/openms_gui/CMakeFiles/OpenMS_GUI.dir/source/VISUAL/VISUALIZER/ProteinIdentificationVisualizer.cpp.o
[ 96%] Linking CXX shared library ../../lib/libOpenMS_GUI.so
[ 98%] Built target OpenMS_GUI
[ 98%] Built target ExecutePipeline_autogen_timestamp_deps
[ 98%] Built target ImageCreator_autogen_timestamp_deps
[ 98%] Built target INIFileEditor_autogen_timestamp_deps
[ 98%] Built target FLASHDeconvWizard_autogen_timestamp_deps
[ 98%] Built target INIUpdater_autogen_timestamp_deps
[ 98%] Built target SwathWizard_autogen_timestamp_deps
[ 98%] Built target TOPPView_autogen_timestamp_deps
[ 98%] Built target TOPPAS_autogen_timestamp_deps
[ 98%] Built target AxisTickCalculator_test_autogen_timestamp_deps
[ 98%] Built target FileWatcher_test_autogen_timestamp_deps
[ 98%] Built target GUIHelpers_test_autogen_timestamp_deps
[ 98%] Built target MultiGradient_test_autogen_timestamp_deps
[ 98%] Built target TOPPView_test_autogen_timestamp_deps
[ 98%] Built target TSGDialog_test_autogen_timestamp_deps
[ 98%] Linking CXX executable ../../bin/Tutorial_GUI_ListEditor
[ 98%] Linking CXX executable ../../bin/Tutorial_GUI_ParamEditor
[ 98%] Built target ExecutePipeline_autogen
[ 98%] Built target FLASHDeconvWizard_autogen
[ 98%] Built target ImageCreator_autogen
[ 98%] Building CXX object doc/code_examples/CMakeFiles/Tutorial_GUI_Plot1D.dir/Tutorial_GUI_Plot1D.cpp.o
[ 98%] Built target INIFileEditor_autogen
[ 98%] Built target INIUpdater_autogen
[ 98%] Built target SwathWizard_autogen
[ 98%] Built target TOPPAS_autogen
[ 98%] Built target TOPPView_autogen
[ 98%] Built target AxisTickCalculator_test_autogen
[ 98%] Built target FileWatcher_test_autogen
[ 98%] Built target GUIHelpers_test_autogen
[ 98%] Built target MultiGradient_test_autogen
[ 98%] Built target TOPPView_test_autogen
[ 98%] Built target TSGDialog_test_autogen
[ 98%] Linking CXX executable ../../bin/ExecutePipeline
[ 98%] Built target Tutorial_GUI_ListEditor
[ 98%] Built target Tutorial_GUI_ParamEditor
[ 98%] Linking CXX executable ../../bin/FLASHDeconvWizard
[ 98%] Building CXX object src/openms_gui/CMakeFiles/ImageCreator.dir/source/VISUAL/APPLICATIONS/GUITOOLS/ImageCreator.cpp.o
[ 98%] Built target ExecutePipeline
[ 98%] Linking CXX executable ../../bin/INIFileEditor
[ 98%] Built target FLASHDeconvWizard
[ 98%] Building CXX object src/openms_gui/CMakeFiles/INIUpdater.dir/source/VISUAL/APPLICATIONS/GUITOOLS/INIUpdater.cpp.o
[ 99%] Built target INIFileEditor
[ 99%] Linking CXX executable ../../bin/SwathWizard
[ 99%] Built target SwathWizard
[ 99%] Linking CXX executable ../../bin/TOPPAS
[ 99%] Built target TOPPAS
[ 99%] Building CXX object src/openms_gui/CMakeFiles/TOPPView.dir/source/VISUAL/APPLICATIONS/GUITOOLS/TOPPView.cpp.o
[ 99%] Linking CXX executable ../../bin/INIUpdater
[ 99%] Built target INIUpdater
[ 99%] Linking CXX executable ../bin/AxisTickCalculator_test
[ 99%] Built target AxisTickCalculator_test
[ 99%] Linking CXX executable ../bin/FileWatcher_test
[ 99%] Linking CXX executable ../../bin/ImageCreator
[ 99%] Built target FileWatcher_test
[ 99%] Building CXX object src/tests/class_tests/openms_gui/CMakeFiles/GUIHelpers_test.dir/source/GUIHelpers_test.cpp.o
[ 99%] Built target ImageCreator
[ 99%] Linking CXX executable ../bin/MultiGradient_test
[ 99%] Built target MultiGradient_test
[ 99%] Building CXX object src/tests/class_tests/openms_gui/CMakeFiles/TOPPView_test.dir/source/GUI/TOPPView_test.cpp.o
[ 99%] Linking CXX executable ../bin/GUIHelpers_test
[ 99%] Built target GUIHelpers_test
[ 99%] Linking CXX executable ../bin/TSGDialog_test
[ 99%] Built target TSGDialog_test
[ 99%] Linking CXX executable ../../bin/Tutorial_GUI_Plot1D
[ 99%] Built target Tutorial_GUI_Plot1D
[ 99%] Linking CXX executable ../../bin/TOPPView
[100%] Built target TOPPView
[100%] Linking CXX executable ../bin/TOPPView_test
[100%] Built target TOPPView_test
