id,batch,module,severity,category,abi,file,symbol,title,recommendation
DATA-24,B1,DATASTRUCTURES,high,hidden-side-effect,source-compatible,src/openms/include/OpenMS/DATASTRUCTURES/DistanceMatrix.h,DistanceMatrix::setValue,"setValue only updates the cached minimum when neither index equals the current min coordinate, risking a stale minimum","Document precisely under which writes min_element_ stays valid and when callers must call updateMinElement(); or simplify the guard to compare the (i,j) pair against the min coordinate pair rather than each index independently. ABI: doc-only fix is non-breaking."
DATA-25,B1,DATASTRUCTURES,high,surprising-throw,source-compatible,src/openms/include/OpenMS/DATASTRUCTURES/DistanceMatrix.h,DistanceMatrix::operator==,Equality operator throws (in debug) instead of returning false for differently-sized matrices,"Return false when sizes differ before the loop: `if (dimensionsize_ != rhs.dimensionsize_) return false;`. ABI: additive/behavioral fix, source-compatible."
KERN-29,B1,KERNEL,high,misleading-name,source-compatible,src/openms/include/OpenMS/KERNEL/MassTrace.h,MassTrace::getIntensity,"getIntensity() returns a quantification value (FWHM area/median/height), not an intensity, and silently returns 0 if FWHM was never estimated",Rename to getQuantitatedIntensity()/computeQuantity() with a [[deprecated]] alias for getIntensity; document that AREA mode requires a prior estimateFWHM() call and that 'smoothed' is a no-op for MEDIAN. ABI: source-compatible if alias retained.
META-9,B2,METADATA,high,param-order-or-bool,breaking,src/openms/include/OpenMS/METADATA/SpectrumMetaDataLookup.h,SpectrumMetaDataLookup::addMissingSpectrumReferences,"Documented [in,out] 'proteins' is taken by value, so spectra_data updates are silently discarded","Change the parameter to std::vector<ProteinIdentification>& (true in/out), or if ABI must be preserved add an overload taking a reference and deprecate the by-value one. At minimum, fix the doc to stop claiming [in,out]. The current state is a silent bug at real call sites (IDFileConverter)."
META-12,B2,METADATA,high,silent-failure,source-compatible,src/openms/include/OpenMS/METADATA/SpectrumMetaDataLookup.h,SpectrumMetaDataLookup::getSpectrumMetaData,"Silently returns leaving 'meta' untouched when no reference format matches, unlike findByReference which throws ParseError",Throw Exception::ParseError on no-match (mirroring findByReference) or document the silent no-op and that callers must check meta for sentinel/NaN values. Behavioral fix; flag abi as source-compatible since it adds a throw.
CHEM-24,B2,CHEMISTRY,high,misleading-name,source-compatible,src/openms/include/OpenMS/CHEMISTRY/MASSDECOMPOSITION/IMS/IMSIsotopeDistribution.h,IMSIsotopeDistribution::size,size() caps the reported peak count at the global static SIZE rather than reporting the actual peak count,"ABI-safe: fix the doc comment (it currently claims the wrong inequality) and clearly state size() is clamped to the static SIZE truncation length, distinct from peaks_.size(). Consider adding a separate peakCount()/rawSize() accessor (additive) for the true count."
META-31,B2,METADATA,high,silent-failure,none,src/openms/source/METADATA/ExperimentalDesign.cpp,ExperimentalDesign::getSample,getSample dereferences find_if result without checking end() (UB / crash on missing combination),"Capture the iterator, compare to end(), and throw Exception::ElementNotFound (mirroring the rest of the class) when not found. Additive/behavioral fix; does not change the signature so ABI is preserved."
FORM-9,B3,FORMAT,high,silent-failure,source-compatible,src/openms/include/OpenMS/FORMAT/Base64.h,"Base64::decodeIntegersUncompressed_ (reached via decodeIntegers, zlib_compression=false)","Integer decode silently returns an empty/partial result for inputs shorter than 4 chars instead of signalling, and (unlike the float path) does not validate length % 4",Add the same `in.size() % 4 != 0` length check (and matching ConversionError) to decodeIntegersUncompressed_ so the integer and float decoders fail consistently. Source-compatible additive validation; only affects previously-silently-accepted malformed inputs.
FORM-12,B3,FORMAT,high,misleading-doc,none,src/openms/include/OpenMS/FORMAT/CsvFile.h,CsvFile (class doc) vs CsvFile::load / constructor,"CsvFile doc claims no comment support, but '#'-prefixed lines are silently dropped","Either honor the documentation by passing an empty comment_symbol, or update the documentation to state that '#'-prefixed lines are treated as comments and skipped. Prefer making the comment behavior an explicit, documented parameter. ABI-safe (constant/string change or additive param)."
FORM-22,B3,FORMAT,high,silent-failure,source-compatible,src/openms/include/OpenMS/FORMAT/IndexedMzMLFileLoader.h,IndexedMzMLFileLoader::load,load() returns bool success that is easy to ignore; failure produces no exception,"Keep the bool (ABI), but document the divergence from the other *File classes prominently and mark the return value [[nodiscard]] (source-compatible additive change) so callers cannot silently drop the failure indication."
FORM-33,B3,FORMAT,high,asymmetric-api,none,src/openms/include/OpenMS/FORMAT/MSPFile.h,"MSPFile::load(const std::string&, PeptideIdentificationList&, PeakMap&)",load() resets the output PeakMap but appends to the output ids list without clearing it,"Add `ids.clear();` next to `exp.reset();` at the top of load(). Behavior-fix in the .cpp, no signature/ABI change. If preserving append semantics is intentional, document it explicitly in the header."
FORM-38,B3,FORMAT,high,silent-failure,source-compatible,src/openms/include/OpenMS/FORMAT/XMassFile.h,XMassFile::load,load() reads fid intensities with no EOF/short-file check; truncated fid yields zero-padded peaks instead of an error,"Have getIntensity() check the stream state after read() and have load() stop / throw Exception::ParseError when the fid stream reaches EOF before acqus.getSize() peaks are read, rather than zero-padding. The fix is internal to the .cpp/handler and ABI-neutral at the XMassFile API level."
FORM-42,B3,FORMAT,high,asymmetric-api,none,src/openms/include/OpenMS/FORMAT/MzIdentMLFile.h,MzIdentMLFile::load,"MzIdentMLFile::load APPENDS to the output containers, while sibling *File::load methods CLEAR them first","Additive, ABI-safe fix: clear poid and peid at the top of MzIdentMLFile::load before constructing the handler (matching IdXMLFile/PepXMLFile). This is a behavior change but the correct/consistent one; document it. No signature/ABI change."
FORM-60,B3,FORMAT,high,asymmetric-api,none,src/openms/include/OpenMS/FORMAT/InspectOutfile.h,InspectOutfile::load,load() appends to the output identification containers without clearing them,"Document the append behavior or clear the output containers at entry to match the clearing loaders. If callers rely on append, at minimum state it in the header. Clearing is a source-compatible behavior change; abi none."
FORM-66,B3,FORMAT,high,misleading-name,source-compatible,src/openms/include/OpenMS/FORMAT/MzTabBase.h,MzTabBoolean::setNull,MzTabBoolean::setNull has inverted polarity vs every sibling setNull,"Fix the body to `value_ = b ? -1 : 0;` so it matches the sibling convention. This is a source-compatible behavior fix (the signature is unchanged); callers currently calling setNull(true) to nullify are themselves buggy. Guard with a test. If existing callers depend on the inverted behavior, add a deprecation note but correct the polarity."
FORM-69,B3,FORMAT,high,asymmetric-api,none,src/openms/include/OpenMS/FORMAT/MzTabFile.h,MzTabFile::load,"load/store round-trip silently drops nucleic-acid, oligonucleotide and OSM sections","Either implement parsing for the NUC/OLI/OSM sections in load(), or at minimum emit a warning/throw when such sections are encountered so the data loss is not silent. Additive to load() impl; no ABI change."
FORM-94,B3,FORMAT,high,param-order-or-bool,none,src/openms/include/OpenMS/FORMAT/XICParquetFile.h,XICParquetFile::getChromatograms,Six adjacent same-typed Int64 filter parameters (all defaulting to -1) are trivially swappable at call sites,Promote the typed ParquetFilter / ParquetFilterBuilder overloads (already present) as the primary API and deprecate or de-emphasize the positional overload; or introduce a small XICQuery struct of named fields. Additive (new overload/struct) keeps ABI; the existing overload can stay for compatibility.
FORM-108,B3,FORMAT,high,silent-failure,none,src/openms/include/OpenMS/FORMAT/RationalScan2ImConverter.h,RationalScan2ImConverter::convert / getCalibration,Unknown/out-of-range frame_id silently falls back to the FIRST calibration instead of failing,"Throw on unknown frame_id (or at least guard calibrations_.begin() against an empty map and document the silent-fallback policy). If fallback must stay for robustness, state it explicitly in the convert() doc."
FORM-109,B3,FORMAT,high,silent-failure,none,src/openms/include/OpenMS/FORMAT/BrukerTimsImagingFile.h,BrukerTimsImagingFile::load,load() silently drops MALDI pixels whose frame id is absent from the loaded spectra (warn-only),"Document the warn-and-drop partial-image behavior in load()'s header contract (it currently lists only throwing failure modes), and consider returning the dropped count or offering a strict mode that throws when any declared pixel is unmatched."
FORM-113,B3,FORMAT,high,surprising-throw,none,src/openms/source/FORMAT/GNPSQuantificationFile.cpp,GNPSQuantificationFile::store,"store() indexes consensus_map[0] unconditionally, throwing/UB on an empty ConsensusMap","Guard with 'if (!consensus_map.empty() && consensus_map[0].metaValueExists(...))'. Additive, no signature change."
FORM-129,B3,FORMAT,high,silent-failure,none,src/openms/include/OpenMS/FORMAT/DATAACCESS/MSChromatogramParquetConsumer.h,MSChromatogramParquetConsumer::~MSChromatogramParquetConsumer / finalize,Destructor writes the file but swallows all write errors; only finalize() surfaces them,"Keep the swallow-in-destructor (throwing from a destructor is worse), but the header could state more prominently that relying on destructor-only finalization hides I/O errors. Documentation-only; no ABI impact."
ANID-10,B4a,ANALYSIS,high,silent-failure,source-compatible,src/openms/include/OpenMS/ANALYSIS/ID/IDBoostGraph.h,IDBoostGraph::getProteinScores_ / GetScoreTgTVisitor,Missing target_decoy meta value silently classifies a protein/peptide as decoy instead of signalling 'unknown',"Use getMetaValue(""target_decoy"", DataValue::EMPTY) and explicitly test for EMPTY, then either throw Exception::MissingInformation or surface a tri-state; at minimum stop scoring an un-annotated hit as a confident decoy. ABI-safe (implementation-only change)."
ANID-13,B4a,ANALYSIS,high,silent-failure,none,src/openms/include/OpenMS/ANALYSIS/ID/AhoCorasickAmbiguous.h,AA::AA(const char),AA(char) reads out of bounds for bytes >= 128 instead of yielding an invalid AA,"Either size the table to 256 (filling 128..255 with the invalid value 27) or mask with `c & 0x7F` only after confirming high bit clear / branch to invalid for c<0 or >=128. The 256-entry table is the additive, ABI-safe fix."
ANID-34,B4a,ANALYSIS,high,ownership-lifetime,breaking,src/openms/include/OpenMS/ANALYSIS/ID/NeighborSeq.h,NeighborSeq::NeighborSeq,rvalue-ref constructor stores a const-reference (no move); passing a temporary dangles immediately,"Either actually own the data (member `std::vector<AASequence> digested_relevant_peptides_;` initialized from std::move — ABI/source change but matches the `&&` contract and removes the dangling trap), or change the parameter to `const std::vector<AASequence>&` so the signature stops promising a move. The first is the least-surprising fix. abi_impact breaking due to member-layout/signature change; do it on the next ABI break, and in the meantime the @note is the only guard."
ANID-36,B4a,ANALYSIS,high,asymmetric-api,none,src/openms/include/OpenMS/ANALYSIS/ID/SimpleSearchEngineAlgorithm.h,SimpleSearchEngineAlgorithm::search,"Doc claims outputs 'are not cleared', but prot_ids is overwritten while pep_ids is appended","Fix the documentation to state that prot_ids is replaced (and pre-existing PSM identifiers are re-stamped), OR make the behavior symmetric (append a new ProteinIdentification run instead of overwriting). Documentation-only fix is non-breaking; making it symmetric is a behavior change. Flagging the ideal as: append a run so both outputs accumulate."
ANID-41,B4a,ANALYSIS,high,surprising-throw,none,src/openms/include/OpenMS/ANALYSIS/ID/NeighborSeq.h,NeighborSeq::NeighborStats::unfindable / noNB / oneNB / multiNB,Percentage formatters divide by total() and crash (integer divide-by-zero) on an empty/default-constructed NeighborStats,"Guard total()==0 (return '0 (0%)' or 'n/a') inside each formatter. Purely additive, non-breaking, and removes a crash on a documented-but-live code path."
ANSW-1,B4b,ANALYSIS,high,silent-failure,source-compatible,src/openms/include/OpenMS/ANALYSIS/OPENSWATH/SwathWindowLoader.h,SwathWindowLoader::readSwathWindows,readSwathWindows silently returns empty vectors when the file is missing or unreadable,"Additive/source-compatible fix: after constructing the ifstream, check `if (!data) throw Exception::FileNotFound(...)`. The sibling annotateSwathMapsFromFile would then surface a clear error for a bad path instead of failing the downstream count check with a confusing message. If preserving silent behavior is mandatory for ABI/back-compat, at minimum emit a WARN; the doc already flags this as surprising."
ANSW-5,B4b,ANALYSIS,high,hidden-side-effect,none,src/openms/include/OpenMS/ANALYSIS/OPENSWATH/SwathQC.h,SwathQC::getSpectraProcessingFunc,"Uniform subsampling index counts only sampled spectra, not all spectra seen, biasing which spectra get analyzed","Increment a true 'seen' counter for every MS1 spectrum entering the lambda and pass THAT as idx to isSubsampledSpectrum_ (separate from the accepted count). This is an internal-impl fix with no signature/ABI change. Note this only manifests when nr_ms1_spectra_>0 (external getExpSettingsFunc/setNrMS1Spectra path); the in-tree static caller is unaffected, which is likely why it went unnoticed."
ANSW-26,B4b,ANALYSIS,high,surprising-default,none,src/openms/include/OpenMS/ANALYSIS/OPENSWATH/DATAACCESS/SpectrumAccessSqMass.h,"SpectrumAccessSqMass::SpectrumAccessSqMass(handler, indices)","Passing an empty index vector silently means 'all spectra', not 'no spectra'","The behavior is documented, but the overload signature does not telegraph it. Prefer a named factory or an explicit 'all spectra' default-constructed marker so an empty selection cannot be confused with 'all'. Additive: add a factory method; do not change existing ctor semantics (ABI/behavior depended on by ChromatogramExtractor). Flag honestly: the ideal fix (empty => empty) would be breaking."
ANSW-41,B4b,ANALYSIS,high,silent-failure,source-compatible,src/openms/include/OpenMS/ANALYSIS/OPENSWATH/MRMFeatureFilter.h,MRMFeatureFilter::calculateIonRatio,calculateIonRatio returns 0.0 sentinel on missing data and divides without guarding against zero denominator,"Document the 0.0/single-value fallbacks explicitly, and guard the division (return NaN or throw on feature_2==0). Additive/source-compatible fix: keep signature, add a denominator==0 guard returning std::numeric_limits<double>::quiet_NaN() and document the missing-key behavior; ABI unchanged."
ANSW-46,B4b,ANALYSIS,high,silent-failure,none,src/openms/source/ANALYSIS/MRM/ReactionMonitoringTransition.cpp,ReactionMonitoringTransition::getPrediction,"getPrediction()'s guard checks the WRONG predicate (hasPrecursorCVTerms instead of hasPrediction), and in release builds dereferences a possibly-null pointer","Fix the precondition to `OPENMS_PRECONDITION(hasPrediction(), ...)`. ABI-safe (function body change only). Ideally also harden against null in release (e.g. throw Exception::InvalidValue when prediction_ == nullptr) for parity with the documented contract; that is also source/ABI compatible."
ANSW-47,B4b,ANALYSIS,high,silent-failure,none,src/openms/source/ANALYSIS/TARGETED/TargetedExperiment.cpp,TargetedExperiment::getProteinByRef / getPeptideByRef / getCompoundByRef,"By-ref getters return a reference into a map populated with operator[], silently inserting/returning a null entry for an unknown ref in release builds","Replace operator[] with `.at(ref)` or an iterator find + explicit throw (e.g. Exception::ElementNotFound) so an unknown ref is a deterministic error in all build types and does not mutate the cache. Body-only change; ABI-safe. Callers already must check has*() first, so behavior for valid refs is unchanged."
ANSW-77,B4b,ANALYSIS,high,unit-or-index,none,src/openms/source/ANALYSIS/OPENSWATH/TargetedSpectraExtractor.cpp,TargetedSpectraExtractor::annotateSpectra,"ppm 'mz_tolerance' is divided by 1e6 but never multiplied by m/z, yielding a tolerance ~1e6x too small in ppm mode","In ppm mode compute 'mz_tolerance = mz_tolerance_ * spectrum_mz / 1e6' (ppm is relative to the measured m/z). Behavioral fix, ABI-neutral. Add a regression test asserting the ppm window scales with m/z."
ANAL-1,B4c,ANALYSIS,high,asymmetric-api,source-compatible,src/openms/include/OpenMS/ANALYSIS/MAPMATCHING/FeatureGroupingAlgorithmUnlabeled.h,FeatureGroupingAlgorithmUnlabeled::getResultMap,"Incremental path (setReference/addToGroup/getResultMap) yields a different, un-postprocessed result than group()","Document that getResultMap() returns the raw incremental result and that the caller must perform postprocessing/header setup themselves (as FeatureLinkerUnlabeled does), or add a finalizeResult() helper. Do not silently change getResultMap to run postprocess_ (would change existing TOPP output ordering). Doc fix is source-compatible."
ANAL-9,B4c,ANALYSIS,high,silent-failure,none,src/openms/source/ANALYSIS/MAPMATCHING/MapAlignmentEvaluationAlgorithmRecall.cpp,MapAlignmentEvaluationAlgorithmRecall::evaluate,"evaluate() divides by ground-truth size (and by cons_map_tool.size()) with no guard, returning NaN/inf instead of signaling on empty input","Guard against empty cons_map_gt and empty cons_map_tool before dividing (throw or return a documented sentinel). Additive early checks, ABI-safe."
ANAL-29,B4c,ANALYSIS,high,silent-failure,none,src/openms/source/ANALYSIS/QUANTITATION/ItraqEightPlexQuantitationMethod.cpp,ItraqEightPlexQuantitationMethod::getReferenceChannel / updateMembers_,Setting reference_channel=120 (an allowed param value) silently leaves the reference channel at a stale index,"Make the invalid 120 selection a hard error: throw Exception::InvalidParameter in updateMembers_() for ref_ch==120 instead of only logging, or tighten validation so 120 cannot be set (e.g. setValidStrings/an explicit allowed-values check). Additive and ABI-safe (no signature change)."
ANAL-33,B4c,ANALYSIS,high,silent-failure,source-compatible,src/openms/include/OpenMS/ANALYSIS/QUANTITATION/AbsoluteQuantitation.h,AbsoluteQuantitation::calculateRatio,calculateRatio returns 0.0 instead of signaling a missing feature/value,"Either throw Exception::UnableToFit (as documented) when the feature/IS value is missing, or return std::optional / a NaN sentinel that callers must check. Behavior change; gate behind a flag if existing pipelines rely on the 0.0 fallback. Doc-only fix (drop the bogus @exception) is the minimal source-compatible step."
ANAL-42,B4c,ANALYSIS,high,silent-failure,none,src/openms/include/OpenMS/ANALYSIS/NUXL/NuXLFDR.h,NuXLFDR::splitIntoPeptidesAndXLs,"splitIntoPeptidesAndXLs keeps only the single first hit overall, not the first hit of each class as documented","If both-class capture is intended (as the header claims), gate each branch on its own vector being empty (`if (pep_ph.empty())` / `if (xl_ph.empty())`). If single-best-hit is intended, fix the header doc to say so. Behavior change is the FDR-correct fix; doc fix is the conservative one. ABI: either is source-compatible."
ANAL-43,B4c,ANALYSIS,high,silent-failure,none,src/openms/include/OpenMS/ANALYSIS/NUXL/NuXLFDR.h,NuXLFDR::calculatePeptideAndXLQValueAndFilterAtPSMLevel,Tie-breaker divides by score range and silently produces inf/NaN scores when all XL hits share one score,Guard `if (score_range <= 0) skip tie-break` (or add an epsilon). Additive and non-breaking. ABI: source-compatible.
ANAL-51,B4c,ANALYSIS,high,hidden-side-effect,none,src/openms/include/OpenMS/ANALYSIS/NUXL/NuXLPresets.h,NuXLPresets::getPresets,getPresets mutates the global ResidueDB singleton (adds methionine loss) for DEB/NM presets,"Document the ResidueDB mutation prominently in the header doc (@note that calling this with a DEB/NM preset alters global Methionine chemistry). Ideally move the residue-loss registration out of the preset getter into an explicit, separately-named setup call (e.g. applyPresetChemistry(...)) so a pure 'get' has no global effect — additive and source-compatible if the old behavior is preserved behind a deprecated path."
ANAL-58,B4c,ANALYSIS,high,surprising-crash,none,src/openms/include/OpenMS/ANALYSIS/TOPDOWN/DeconvolvedSpectrum.h,DeconvolvedSpectrum::toSpectrum,"toSpectrum() dereferences peak_groups_[0] with no empty check, crashing on an empty DeconvolvedSpectrum","Add an early `if (peak_groups_.empty()) return out_spec;` (or branch the chargemass metadata) before indexing peak_groups_[0]. Pure implementation fix, no ABI/signature change."
FEAT-28,B5,FEATUREFINDER,high,silent-failure,none,src/openms/source/FEATUREFINDER/SeedListGenerator.cpp,SeedListGenerator::generateSeedList,generateSeedList dereferences a possibly-end precursor iterator and indexes precursors[0] without bounds checks,"Guard the loop body: skip the spectrum when precursors.empty() or prec_it == experiment.end(). Additive, no ABI change (implementation-only fix)."
FEAT-35,B5,FEATUREFINDER,high,hidden-side-effect,source-compatible,src/openms/include/OpenMS/FEATUREFINDER/Biosaur2Algorithm.h,Biosaur2Algorithm::run,run() destructively mutates the stored MS data set via setMSData(); getMSData() no longer returns what was set,"Operate on a local copy of ms_data_ inside run() so the stored data is preserved and run() is idempotent (behavior change, but source-compatible). Minimally, strengthen the header note to say the stored data is irreversibly modified and run() is not re-entrant on the same instance."
FEAT-38,B5,FEATUREFINDER,high,hidden-side-effect,none,src/openms/include/OpenMS/FEATUREFINDER/ElutionPeakDetection.h,ElutionPeakDetection::filterByPeakWidth,filterByPeakWidth unconditionally prints to std::cout and indexes the result vector without an empty check,Remove the std::cout diagnostic (or gate it behind a debug macro) and guard the indexing with `if (!filt_mtraces.empty())`. Both are additive and ABI-safe.
PROC-15,B5,PROCESSING,high,hidden-side-effect,none,src/openms/include/OpenMS/PROCESSING/FILTERING/NLargest.h,NLargest::filterSpectrum,"Filtering reorders the spectrum to descending-intensity order, not just removing peaks","Re-sort the spectrum by position after select() (e.g. spectrum.sortByPosition()), or clearly document in the header that the spectrum is left in descending-intensity order. ABI-safe: it is an implementation-body change in an inline template. If callers depend on the current order, add a bool keep_order param with a default preserving today's behavior."
PROC-16,B5,PROCESSING,high,hidden-side-effect,source-compatible,src/openms/include/OpenMS/PROCESSING/SCALING/RankScaler.h,RankScaler::filterSpectrum,RankScaler leaves the spectrum sorted by intensity (not m/z) after scaling,"Call spectrum.sortByPosition() at the end, or document that the spectrum is returned in intensity-sorted order. ABI-safe inline-body change."
PROC-23,B5,PROCESSING,high,silent-failure,none,src/openms/source/PROCESSING/NOISEESTIMATION/SignalToNoiseEstimator.cpp,estimateNoiseFromRandomScans,"Random-scan picker indexes exp[] directly with a random number, not via the filtered scan-index list, so it can sample wrong-MS-level / empty spectra (and overrun exp)",Index through the filter list: `UInt scan = spec_indices[(Size)(distribution(generator) * (spec_indices.size()-1))];` then `exp[scan]`. This is a pure source-compatible bug fix (no signature change). Also clamp idx for tiny spectra.
PROC-31,B5,PROCESSING,high,hidden-side-effect,none,src/openms/source/PROCESSING/FEATURE/FeatureOverlapFilter.cpp,FeatureOverlapFilter::mergeFAIMSFeatures,"mergeFAIMSFeatures silently wipes protein IDs, peptide IDs, data processing and meta info via feature_map.clear()","Call feature_map.clear(false) to keep attached metadata, or repopulate data in place via swap of the feature container only. This is a bug fix that is source- and ABI-compatible (no signature change). Also document that unassigned peptide IDs are not carried through the merge."
PROC-32,B5,PROCESSING,high,silent-failure,source-compatible,src/openms/include/OpenMS/PROCESSING/ID/IDFilter.h,"IDFilter::filterHitsByScore(std::vector<IdentificationType>&, double, IDScoreSwitcherAlgorithm::ScoreType)","Doc and warning claim hits are removed when score_type is missing, but hits are silently kept","Decide on one behavior and make code, note and warning agree: either clear hits of IDs whose score_type is absent (matching the documented contract) or change the note/warning to say such hits are left untouched. Body-only change; source- and ABI-compatible."
PROC-33,B5,PROCESSING,high,hidden-side-effect,source-compatible,src/openms/include/OpenMS/PROCESSING/BASELINE/MorphologicalFilter.h,MorphologicalFilter::filterRange / applyErosion_ / applyDilation_,"Public filter uses function-local static buffers, making filter()/filterExperiment() non-reentrant and not thread-safe","Make the scratch buffers per-instance members (or stack-local) instead of static. Note this changes templated inline code that is recompiled by clients, so it is source-compatible but technically a header/inline-definition change; gate behind a minor version. Document thread-safety expectations in the class docs regardless."
MATH-7,B6,MATH,high,misleading-name,source-compatible,src/openms/include/OpenMS/MATH/StatisticFunctions.h,Math::absdev,"absdev (""absolute deviation"") sums SIGNED deviations, not absolute ones - always ~0 for the default mean","This is a latent bug, not just a naming issue. Add fabs: `sum_value += std::fabs(*iter - mean);` so it actually computes mean absolute deviation. Since the current result is essentially meaningless (~0), fixing it is source/ABI-compatible at the signature level; only the (broken) numeric output changes. Alternatively deprecate in favor of the already-correct MeanAbsoluteDeviation."
MATH-14,B6,MATH,high,silent-failure,none,src/openms/include/OpenMS/MATH/STATISTICS/MultipleTesting.h,Math::MultipleTesting::computeModelFDR,computeModelFDR returns an all-NaN vector (no throw) when any input PEP is NaN,"Document the all-or-nothing NaN propagation in the brief, or filter NaNs like qValue() does instead of poisoning the whole output. Doc-only fix is ABI-safe; filtering changes output values (source-compatible)."
ML-10,B6,ML,high,surprising-throw,source-compatible,src/openms/include/OpenMS/ML/CLUSTERING/ClusteringGrid.h,ClusteringGrid::getClusters,"getClusters dereferences map end() (UB / crash) for an empty cell, undocumented","Guard the lookup: return an empty list when the cell is absent (additive, ABI-safe, no signature change). At minimum document the precondition that the cell must be non-empty."
ML-21,B6,ML,high,misleading-name,source-compatible,src/openms/source/ML/ROCCURVE/ROCCurve.cpp,ROCCurve::cutoffNeg,cutoffNeg() iterates only over positive samples but divides by the negative count,"The negative-class loop should test '!cit->second'. Fix the predicate to '!cit->second' (and verify against the rocN convention). Source-compatible behavioral fix; document the threshold semantics. The class is already marked '[buggy and usage is discouraged]', which corroborates this."
COMP-1,B6,COMPARISON,high,silent-failure,source-compatible,src/openms/include/OpenMS/COMPARISON/BinnedSharedPeakCount.h,"BinnedSharedPeakCount::operator()(const BinnedSpectrum&, const BinnedSpectrum&)",Documented @throw IncompatibleBinning never happens; mismatched binning is silently unchecked in release builds,"Either (a) restore the documented contract by throwing Exception::IncompatibleBinning (or a real exception) unconditionally when !isCompatible(...), independent of OPENMS_ASSERTIONS, or (b) correct the header to drop the @throw IncompatibleBinning line and state that compatibility is only checked in assertion-enabled builds. Option (a) is source-compatible (adds a throw on a currently-UB path); (b) is doc-only."
COMP-3,B6,COMPARISON,high,silent-failure,source-compatible,src/openms/include/OpenMS/COMPARISON/BinnedSumAgreeingIntensities.h,"BinnedSumAgreeingIntensities::operator()(const BinnedSpectrum&, const BinnedSpectrum&)",Documented @throw IncompatibleBinning never thrown; incompatible bins silently produce a garbage score in release builds,"Throw a real exception (Exception::IncompatibleBinning / IllegalArgument) unconditionally on !isCompatible, or fix the header to remove the false @throw guarantee. Adding an unconditional throw on a currently-UB path is source-compatible."
COMP-4,B6,COMPARISON,high,silent-failure,source-compatible,src/openms/include/OpenMS/COMPARISON/BinnedSpectralContrastAngle.h,"BinnedSpectralContrastAngle::operator()(const BinnedSpectrum&, const BinnedSpectrum&)",Documented @throw IncompatibleBinning never thrown; division by sqrt of empty-spectrum norms can return NaN with no error,"Throw unconditionally on incompatible binning, and guard the normalization (return 0.0 when either norm is 0) so the score never silently becomes NaN. Both are additive/source-compatible. Also correct the header @throw line."
COMP-6,B6,COMPARISON,high,surprising-default,none,src/openms/include/OpenMS/COMPARISON/SpectraSTSimilarityScore.h,SpectraSTSimilarityScore::dot_bias,dot_bias default -1 does NOT trigger recomputation; only 0 does,"Fix the implementation to honor the documented sentinel: branch on `if (dot_product >= 0)` (or `!= -1`) and recompute otherwise; or change the default and doc to 0. ABI-neutral (implementation/doc fix). If changing the default value, that is source-compatible only."
QC-3,B7,QC,high,inconsistent-convention,none,src/openms/source/QC/FragmentMassError.cpp,FragmentMassError::compute,"Two compute() overloads compute the average/variance differently, yielding different results","Restructure the list overload to mirror the FeatureMap overload: full accumulation pass, compute the final average once, then a second pass for variance. This is an implementation fix only; no signature/ABI change."
QC-8,B7,QC,high,misleading-name,none,src/openms/include/OpenMS/QC/PeptideMass.h,PeptideMass::compute,"PeptideMass annotates the OBSERVED mass from precursor m/z, not the theoretical mass the name/docs promise","Either rename/redocument the metavalue and method to reflect that it is the observed neutral mass derived from precursor m/z (source-compatible doc fix; metavalue rename is breaking), or change the implementation to compute the sequence theoretical mass via AASequence (behavior change). At minimum fix the doc to stop calling it 'theoretical'."
QC-11,B7,QC,high,silent-failure,source-compatible,src/openms/include/OpenMS/QC/QCBase.h,QCBase::names_of_requires / QCBase::Requires,"names_of_requires[] is missing the entry for Requires::ID, causing an out-of-bounds read in isRunnable()",Add the missing 'ID' string (and an entry for the NOTHING/SIZE bookkeeping if intended) so the array length matches the enum; keep it append-only to preserve indices. Source-compatible additive fix.
SYST-6,B7,SYSTEM,high,surprising-crash,source-compatible,src/openms/include/OpenMS/SYSTEM/File.h,File::getPathLocations / File::executableExtensions_,"Default argument std::getenv(""PATH"") constructs a std::string from a possibly-null pointer (UB/crash) when PATH is unset","Change the default to a const char* / nullptr-safe wrapper (e.g. default to """" and resolve getenv internally with a null check), so an unset PATH/PATHEXT yields an empty result instead of UB. The public getPathLocations is the ABI-relevant one; a null-guard inside the body plus a safe default is source-compatible."
CONC-1,B1,CONCEPT,medium,hidden-side-effect,source-compatible,src/openms/include/OpenMS/CONCEPT/Exception.h,Exception::BaseException::BaseException,Constructing any OpenMS exception silently mutates process-global state,"Document loudly in the header that constructing an exception writes to the global handler; longer-term, move the set() call out of the constructor and into the throw path (or a GlobalExceptionHandler::record(e) called by the terminate handler) so that constructing a non-thrown exception has no side effect. ABI: doc-only change is none; relocating the set() call is source-compatible (no signature change)."
CONC-4,B1,CONCEPT,medium,ownership-lifetime,source-compatible,src/openms/include/OpenMS/CONCEPT/Helpers.h,OpenMS::Helpers::constifyPointerVector,constifyPointerVector reinterpret_casts between unrelated vector types (UB) and returns a reference aliasing the argument,"Document that the returned reference aliases the input (must outlive the result) and the UB caveat; ideally replace with a function returning a freshly built `std::vector<std::shared_ptr<const T>>` by value, or a span/range view. ABI: an additive const-correct overload plus deprecation keeps callers compiling."
CONC-9,B1,CONCEPT,medium,silent-failure,none,src/openms/include/OpenMS/CONCEPT/StreamHandler.h,StreamHandler::registerStream,"registerStream always returns 1, so its documented failure code can never fire","Fix the failure path to return a distinct value (e.g. set 'state = 0;' inside the fail() branch) so the documented contract holds; ideally change the signature to 'bool' or throw on open failure in a clearly-named new overload. The minimal ABI-safe fix (returning 0 on failure) only changes the value, not the type, so existing callers that test '!= 1' start working as documented."
CONC-16,B1,CONCEPT,medium,silent-failure,source-compatible,src/openms/include/OpenMS/CONCEPT/UniqueIdInterface.h,UniqueIdInterface::setUniqueId(const std::string&),String overload of setUniqueId silently clears the id (sets it INVALID) on any non-digit input,"Document the silent-clear contract on the declaration, and/or add a bool setUniqueIdFromString(const std::string&) overload that returns success/failure (or throws ConversionError, mirroring StringUtils::toInt32). Additive; keeps ABI."
CONC-18,B1,CONCEPT,medium,surprising-throw,none,src/openms/include/OpenMS/CONCEPT/UniqueIdIndexer.h,UniqueIdIndexer::updateUniqueIdToIndex,An 'update' method (and the const lookup that calls it) throws Postcondition when duplicate unique ids exist,Document the throw-on-duplicate contract on both updateUniqueIdToIndex() and uniqueIdToIndex(); steer callers to resolveUniqueIdConflicts() first. Consider an overload/flag that returns a status instead of throwing. Doc fix is ABI-safe.
DATA-1,B1,DATASTRUCTURES,medium,hidden-side-effect,none,src/openms/include/OpenMS/DATASTRUCTURES/StringUtils.h,StringUtils::random,random() reseeds the global C RNG with the wall-clock time on every call,"Stop reseeding per-call: use a thread_local std::mt19937 seeded once (e.g. from std::random_device). This is an internal-implementation change with no signature change, so ABI is unaffected; document that successive calls differ. If exact reproducibility is needed add a seeded overload."
DATA-5,B1,DATASTRUCTURES,medium,hidden-side-effect,source-compatible,src/openms/include/OpenMS/DATASTRUCTURES/Param.h,Param::setValue,setValue on an existing key silently overwrites (clears) its tags,"Document that setValue replaces tags, and/or change the overwrite path to only overwrite tags when a non-empty tags argument is supplied (mirroring the description logic). Additive/source-compatible: keep signature, change the empty-tags branch to preserve existing tags; or add a clearly-named `setValuePreservingTags` overload. Update the Doxygen to state the tag-overwrite behavior explicitly."
DATA-6,B1,DATASTRUCTURES,medium,misleading-name,source-compatible,src/openms/include/OpenMS/DATASTRUCTURES/ParamValue.h,"operator<(const ParamValue&, const ParamValue&) / operator>(const ParamValue&, const ParamValue&)","operator< / operator> compare list values only by SIZE, and return false across differing types","Document loudly in the header that ordering is by size for lists and undefined across types (not a strict weak ordering), so callers do not use ParamValue as an ordered-container key. Ideally (source-compatible) make list comparison lexicographic and define a deterministic cross-type tiebreak by value_type_. Mark the current behavior in docs as 'do not rely on for sorting'."
DATA-8,B1,DATASTRUCTURES,medium,hidden-side-effect,none,src/openms/include/OpenMS/DATASTRUCTURES/DataValue.h,"operator==(const DataValue&, const DataValue&)","DataValue equality on doubles is a fuzzy 1e-6 absolute-tolerance compare, not exact",Document the 1e-6 absolute tolerance prominently on operator== in the header (callers needing exact compare must compare `double(dv)` directly). A relative/ULP tolerance would be more correct but is a behavior change; at minimum the magnitude of the surprise should be documented. ABI-neutral.
DATA-9,B1,DATASTRUCTURES,medium,surprising-throw,none,src/openms/include/OpenMS/DATASTRUCTURES/Param.h,Param::hasSection,hasSection() reads key.back() without an empty-string guard (UB / crash on empty key),Add an `if (key.empty()) return false;` guard at the top of hasSection (source- and ABI-compatible). Optionally document that an empty key returns false.
DATA-14,B1,DATASTRUCTURES,medium,inconsistent-convention,source-compatible,src/openms/include/OpenMS/DATASTRUCTURES/DBoundingBox.h,DBoundingBox::isEmpty,"DBoundingBox::isEmpty() reports a degenerate (min==max) box as empty, contradicting the base class semantics","Rename the geometric test to something like hasZeroExtent()/isDegenerate() and add a deprecated isEmpty() alias, or at minimum document that DBoundingBox::isEmpty() means 'has a non-positive extent in some dimension' and deliberately differs from the base class. Additive: keep isEmpty() but add isDegenerate() with clearer name."
DATA-18,B1,DATASTRUCTURES,medium,param-order-or-bool,source-compatible,src/openms/include/OpenMS/DATASTRUCTURES/DRange.h,DRange::extend,Two extend() overloads have opposite semantics (multiplicative factor vs additive per-dimension amount) distinguished only by argument type,"Keep both for ABI but give the additive overload a distinct verb (e.g. extendBy()/pad()) with the old name deprecated, and cross-reference the two in docs. At minimum, document the differing factor-vs-additive and negative-handling semantics on both."
DATA-26,B1,DATASTRUCTURES,medium,ownership-lifetime,source-compatible,src/openms/include/OpenMS/DATASTRUCTURES/DistanceMatrix.h,DistanceMatrix::operator=,Copy-assignment does a shallow pointer copy (double-free / aliasing) and is hidden as private,Replace with `DistanceMatrix& operator=(const DistanceMatrix&) = delete;` (public) or implement a real deep copy mirroring the copy constructor. ABI: changing private->deleted is source-compatible for external users (they already cannot call it).
DATA-27,B1,DATASTRUCTURES,medium,surprising-throw,source-compatible,src/openms/include/OpenMS/DATASTRUCTURES/Matrix.h,Matrix::operator==,"Matrix equality only checks dimensions via a debug-only precondition, so == can be wrong or throw",Compare shapes as part of equality and return false on mismatch: `if (rows_ != rhs.rows_ || cols_ != rhs.cols_) return false; return data_ == rhs.data_;`. ABI: behavioral/source-compatible.
DATA-33,B1,DATASTRUCTURES,medium,silent-failure,source-compatible,src/openms/include/OpenMS/DATASTRUCTURES/DateTime.h,DateTime::set,Documented 'ISO 8601' timezone forms silently discard/misinterpret the timezone,"Remove the misleading '(ISO 8601 format)' label from these two forms in the header doc and state explicitly that the offset/Z is ignored. If real ISO-8601 offset support is wanted, add it as a distinct documented behavior. Doc-only fix is source-compatible."
DATA-35,B1,DATASTRUCTURES,medium,silent-failure,source-compatible,src/openms/include/OpenMS/DATASTRUCTURES/DateTime.h,DateTime::fromString,fromString returns an invalid DateTime on parse failure while set() throws — asymmetric and unchecked,"Document the sentinel (returns an invalid DateTime; check isValid()) directly in the header, and/or add a throwing variant for parity with set(). Doc + additive overload is source-compatible."
DATA-38,B1,DATASTRUCTURES,medium,surprising-throw,source-compatible,src/openms/include/OpenMS/DATASTRUCTURES/Adduct.h,Adduct::operator+ / Adduct::operator+=,operator+ / operator+= throw a bare const char* instead of an OpenMS Exception,Throw a proper OpenMS exception (e.g. Exception::InvalidValue or Exception::IllegalArgument) carrying the two formulas. This is source-compatible for callers that catch BaseException; only callers that explicitly `catch (const char*)` (none expected) would be affected.
DATA-41,B1,DATASTRUCTURES,medium,misleading-name,source-compatible,src/openms/include/OpenMS/DATASTRUCTURES/Compomer.h,Compomer::isSingleAdduct,isSingleAdduct's '[out]' Adduct parameter is never written; it is actually an input key,"Either (a) make it actually populate `a` with the single adduct (behavior change) or (b) rename to reflect input semantics (e.g. hasSingleAdduct(const Adduct& key, UInt side) with a const-ref param) and fix the @param[out] to @param[in]. Adding a corrected overload and deprecating the old keeps ABI stable."
DATA-44,B1,DATASTRUCTURES,medium,hidden-side-effect,source-compatible,src/openms/include/OpenMS/DATASTRUCTURES/QTCluster.h,QTCluster::getAnnotations,getAnnotations() is a non-const 'get' that can re-run annotation optimization and mutate cluster state,Document the recomputation prominently in the header (it currently has none) and/or split into a const getCurrentAnnotations() that never recomputes plus an explicit optimizeAnnotations(). Adding a const overload/new method is ABI-safe; renaming would break ABI.
DATA-45,B1,DATASTRUCTURES,medium,param-order-or-bool,source-compatible,src/openms/include/OpenMS/DATASTRUCTURES/ChargePair.h,ChargePair::getCharge / setCharge / getElementIndex / getMolMultiplier,'pairID' is really a 0/1 element selector and any value != 0 silently means element 1 (no bounds check),"Rename the parameter to e.g. `which` (0 or 1) and document/assert the {0,1} domain, or accept an enum. Parameter renames are source/ABI-neutral; adding an assert is additive. Document the binary semantics at minimum."
DATA-49,B1,DATASTRUCTURES,medium,unit-or-index,source-compatible,src/openms/include/OpenMS/DATASTRUCTURES/MassExplainer.h,MassExplainer::queryMultimer,"Parameters m1/m2 are charge-scaled masses (mz*|q|), not plain masses, despite the 'm' name",Rename the parameters to e.g. scaled_mass1/scaled_mass2 (or mz_times_q1) so call sites are unambiguous; keep the doc note. Parameter renames are source/ABI-neutral.
DATA-51,B1,DATASTRUCTURES,medium,misleading-name,none,src/openms/include/OpenMS/DATASTRUCTURES/CVMappings.h,CVMappings::setCVReferences,setCVReferences() appends to existing references instead of replacing them,"Clear both containers at the start of setCVReferences() so it has replace semantics (matches setMappingRules()). This is an additive/behavioral fix with no ABI change; if existing callers rely on append, instead document the append behavior and add a clearly named appendCVReferences() / proper setter."
DATA-53,B1,DATASTRUCTURES,medium,return-value,source-compatible,src/openms/include/OpenMS/DATASTRUCTURES/LPWrapper.h,LPWrapper::solve,"solve() returns a raw solver-native int, not a SolverStatus, and its meaning differs per backend","Document explicitly that the return is opaque and that callers must use getStatus() for a portable result; ideally add a `SolverStatus solveStatus(...)` overload that maps backends uniformly. Doc + additive overload, source-compatible."
DATA-54,B1,DATASTRUCTURES,medium,silent-failure,none,src/openms/include/OpenMS/DATASTRUCTURES/LPWrapper.h,LPWrapper::getRowIndex,getRowIndex()/getColumnIndex() return -1 sentinel on not-found instead of signaling failure,Document the -1 not-found sentinel in the header for both getRowIndex and getColumnIndex (and ideally return Int with a named constant or add a `bool hasRow(name)`/throwing variant). Doc-only / additive; no ABI break.
KERN-5,B1,KERNEL,medium,const-correctness,source-compatible,src/openms/include/OpenMS/KERNEL/BinnedSpectrum.h,BinnedSpectrum::getBinIntensity,getBinIntensity is a non-const getter that mutates the sparse bin container,"Add a const overload that uses coeff() (read-only, returns 0 without insertion) instead of coeffRef(); e.g. `float getBinIntensity(double mz) const { return bins_->coeff(getBinIndex(mz)); }`. Keep the non-const version as a deprecated alias if existing callers rely on insertion. ABI: additive."
KERN-6,B1,KERNEL,medium,silent-failure,source-compatible,src/openms/include/OpenMS/KERNEL/BinnedSpectrum.h,BinnedSpectrum::operator==,"operator== ignores the bin offset, but isCompatible treats offset as part of the layout",Include offset_ in operator== (and decide whether spread belongs in isCompatible) so the two checks are consistent. Document precisely which parameters define equality vs. compatibility. ABI: operator== body change is source-compatible.
KERN-7,B1,KERNEL,medium,hidden-side-effect,source-compatible,src/openms/include/OpenMS/KERNEL/Mobilogram.h,Mobilogram::clear,"Mobilogram::clear() leaves data arrays and RT stale, unlike sibling clear() methods","Either also clear the three data arrays (and document the RT behavior), matching MSSpectrum::clear semantics, or rename/document explicitly that only peaks+ranges are cleared and add a clearAll()/clear(bool) overload. ABI: body change source-compatible; an added overload is additive."
KERN-8,B1,KERNEL,medium,inconsistent-convention,source-compatible,src/openms/include/OpenMS/KERNEL/MSChromatogram.h,MSChromatogram::clear / MSSpectrum::clear,clear(bool) has divergent semantics between MSChromatogram and MSSpectrum for the same signature,Align the two implementations (decide once whether data arrays/ranges are part of 'data' or 'meta data') and document the contract on the shared signature. ABI: body alignment is source-compatible.
KERN-10,B1,KERNEL,medium,unit-or-index,none,src/openms/include/OpenMS/KERNEL/BinnedSpectrum.h,BinnedSpectrum::getBinSize / getOffset / getBinLowerMZ,Bin-size/offset accessors hide that values mean ppm (not Th) and there is no public way to query the unit,"Add a public `bool isPpm() const`/`getUnit()` accessor so the meaning of getBinSize()/getOffset() is discoverable, and document that offset is ignored in ppm mode. ABI: additive accessor + docs."
KERN-16,B1,KERNEL,medium,misleading-name,source-compatible,src/openms/include/OpenMS/KERNEL/MSExperiment.h,MSExperiment::getSize,"getSize() returns total peak count, not the number of spectra (which is size())","Add a clearly-named alias getNrPeaks() (or getTotalPeakCount()) and mark getSize() [[deprecated(""use getNrPeaks()"")]] forwarding to it. Keep the old symbol for ABI. At minimum, strengthen the doc to contrast with size()."
KERN-17,B1,KERNEL,medium,inconsistent-convention,none,src/openms/include/OpenMS/KERNEL/MSExperiment.h,MSExperiment::size,size()/empty() silently ignore chromatograms while the object stores both spectra and chromatograms,Document loudly at call-site relevance and consider adding emptyData()/hasChromatograms() helpers. Do not change size()/empty() semantics (ABI/behavior break); instead make the surprise explicit in naming via a new combined predicate.
KERN-21,B1,KERNEL,medium,silent-failure,source-compatible,src/openms/include/OpenMS/KERNEL/ConversionHelper.h,MapConversion::convert,convert() sets the output column-header 'size' to full input size even when n truncates the copy,"Set the column-header size to the number actually written (std::min(n, input_map.size())) or add an overload/flag; if the current value must stay for ABI/back-compat, keep the @note but consider deprecating the n parameter on this overload since it is 'mainly useful after pre-sorting'."
KERN-22,B1,KERNEL,medium,return-value,none,src/openms/include/OpenMS/KERNEL/MSExperiment.h,MSExperiment::getClosestSpectrumInRT,"getClosestSpectrumInRT(RT, ms_level) can return end() (no valid spectrum), inviting an out-of-bounds dereference",Document that the returned iterator may equal end() (no spectrum at that MS level / empty experiment) and that callers must check before dereferencing. Additive doc fix; no ABI impact.
KERN-25,B1,KERNEL,medium,surprising-default,none,src/openms/include/OpenMS/KERNEL/FeatureMap.h,FeatureMap::clear,"clear() defaults to also wiping protein/peptide IDs, data processing and identification data, unlike std::vector::clear","Keep the signature for ABI, but emphasize the destructive default in the docstring; consider deprecating the defaulted form in favor of explicit `clear(true)`/`clear(false)` calls so the intent is visible at call sites. Do not change the default value (ABI/behavior break)."
KERN-28,B1,KERNEL,medium,silent-failure,none,src/openms/include/OpenMS/KERNEL/FeatureMap.h,FeatureMap::setPrimaryMSRunPath,two-arg setPrimaryMSRunPath silently ignores the experiment path unless it is exactly one existing mzML file,"Document the exact-one-existing-mzML precondition for using `e`'s path, and emit a LOG_WARN when falling back so the silent discard is observable. Consider relaxing the case-sensitive suffix check (the single-arg overload already accepts 'mzml'). No ABI change."
KERN-30,B1,KERNEL,medium,misleading-name,source-compatible,src/openms/include/OpenMS/KERNEL/MassTrace.h,MassTrace::computeSmoothedPeakArea,"computeSmoothedPeakArea sums RAW intensities (only gated by the smoothed value's sign), not smoothed intensities","Either use smoothed_intensities_[i] in the trapezoid to match the name, or rename/clarify the doc to 'trapezoidal raw-intensity area, masked by positive smoothed intensities'. ABI: behavior fix is none/source-compatible; a rename should keep a deprecated alias."
KERN-31,B1,KERNEL,medium,misleading-name,source-compatible,src/openms/include/OpenMS/KERNEL/MRMFeature.h,MRMFeature::addScore,"addScore writes a MetaValue, not a peak-group score; it does not touch the OpenSwath_Scores accessed via getScores/setScores","Rename to setScoreMetaValue()/addScoreMetaValue() (deprecated alias for addScore), or document explicitly that it stores a metavalue unrelated to getScores(). ABI: source-compatible with alias."
KERN-32,B1,KERNEL,medium,hidden-side-effect,source-compatible,src/openms/include/OpenMS/KERNEL/MRMFeature.h,MRMFeature::getFeature,Non-const getFeature() inserts a 0-index entry for an unknown key and silently returns features_[0] instead of failing,"Use feature_map_.at(key) in the non-const overload too (matches const behavior, throws on miss). ABI: source-compatible; only changes error behavior on misuse."
KERN-33,B1,KERNEL,medium,hidden-side-effect,source-compatible,src/openms/include/OpenMS/KERNEL/MRMFeature.h,MRMFeature::getPrecursorFeature,Non-const getPrecursorFeature() inserts key->0 on miss and returns precursor_features_[0] instead of throwing,Replace operator[] with .at(key) in the non-const overload. ABI: source-compatible.
KERN-34,B1,KERNEL,medium,hidden-side-effect,source-compatible,src/openms/include/OpenMS/KERNEL/MRMTransitionGroup.h,MRMTransitionGroup::getTransition,"getTransition is non-const but returns a const ref, and uses transition_map_[key] (insert-on-miss) so an unknown key default-inserts and returns transitions_[0]","Add a const overload, mark the existing one const, and use transition_map_.at(key) (throw on miss) like getChromatogram's const path. ABI: adding a const overload is additive; changing the existing signature to const is source-compatible for callers."
KERN-38,B1,KERNEL,medium,misleading-name,none,src/openms/include/OpenMS/KERNEL/RangeManager.h,RangeBase::setMin / RangeBase::setMax,"setMin/setMax silently overwrite the *other* bound on any non-empty range, not just 'if uninitialized'","Fix the doc comment to state the true behavior ('also raises max to min if min would exceed max, to keep min<=max'). Optionally add a debug assertion or a strict overload that throws on inversion. Doc-only change is source/ABI-compatible."
KERN-42,B1,KERNEL,medium,implicit-conversion,none,src/openms/include/OpenMS/KERNEL/RangeManager.h,RangeBase::operator RangeRT / operator RangeMZ / operator RangeIntensity / operator RangeMobility,"RangeBase implicitly converts to any dimension type, erasing the unit/dimension distinction","Document the deliberate unit-erasing nature and the slicing risk. If feasible, constrain or remove the broad conversions in favor of explicit named conversions; but that is a breaking change, so at minimum add a warning in the docs. Doc-only is ABI-safe."
KERN-43,B1,KERNEL,medium,surprising-throw,source-compatible,src/openms/include/OpenMS/KERNEL/SpectrumRangeManager.h,SpectrumRangeManager::byMSLevel,byMSLevel(0) throws instead of returning the documented 'global' ranges,"Make byMSLevel(0) return *this (the global BaseType range) to match the 0==global convention used by the sibling extend* methods, or remove the misleading default argument and document that 0 is not valid here. Returning the base for 0 is source-compatible behavior; signature unchanged so ABI-safe."
KERN-44,B1,KERNEL,medium,hidden-side-effect,none,src/openms/include/OpenMS/KERNEL/SpectrumRangeManager.h,SpectrumRangeManager::extend / extendRT / extendMZ / extendUnsafe,"Per-MS-level extend* methods only update the level-specific range, not the global one (and silently insert a map entry)","Document explicitly that level-specific extend* calls do not also update the global range and that callers must call with ms_level==0 separately (as MSExperiment::updateRanges does). If union semantics are intended, also extend the base. The map-insertion side effect should be noted. Doc-only is ABI-safe."
KERN-46,B1,KERNEL,medium,silent-failure,source-compatible,src/openms/include/OpenMS/KERNEL/RangeManager.h,RangeManager::getRangeForDim,getRangeForDim dereferences a null pointer in release builds when the dimension is absent (assert-only guard),"Throw Exception::InvalidRange (or a Precondition) when r_base == nullptr instead of relying solely on assert, so release builds fail loudly. Adding a throw keeps the signature and is ABI-safe."
KERN-47,B1,KERNEL,medium,misleading-name,source-compatible,src/openms/include/OpenMS/KERNEL/SpectrumHelper.h,OpenMS::removePeaks,"removePeaks() keeps the peaks in [pos_start,pos_end] and removes everything else","Add a clearly-named additive alias such as keepPeaksInRange(p, pos_start, pos_end, ...) (or cropToRange/retainPeaks) that forwards to the current body, and mark removePeaks [[deprecated(""misleading name; use keepPeaksInRange"")]]. Do not change the existing behavior. Until then, strengthen the doxygen on the declaration (currently the 'EXCEPT' note is only a code comment, not a /** */ block visible in API docs)."
KERN-48,B1,KERNEL,medium,silent-failure,none,src/openms/include/OpenMS/KERNEL/SpectrumHelper.h,OpenMS::getDataArrayByName,getDataArrayByName returns the end() iterator on 'not found' with no signal a caller can't miss,Keep the iterator-returning overload (ABI/semantics stable) but emphasize the end()-sentinel in the doxygen of the declaration; consider adding a sibling helper returning a pointer (nullptr on miss) or hasDataArrayByName() so call sites can check without knowing which container's end() to compare against.
KERN-49,B1,KERNEL,medium,hidden-side-effect,source-compatible,src/openms/include/OpenMS/KERNEL/ChromatogramTools.h,ChromatogramTools::convertChromatogramsToSpectra,convertChromatogramsToSpectra also wipes all existing chromatograms from the experiment,"Add an opt-out/opt-in flag for parity with the sibling, e.g. convertChromatogramsToSpectra(exp, bool remove_chromatograms = true), keeping the current default to preserve behavior, and document the destructive side effect in the doxygen block. abi_impact none because adding a defaulted parameter to a template is source-compatible."
KERN-50,B1,KERNEL,medium,undocumented-behavior,none,src/openms/include/OpenMS/KERNEL/SpectrumHelper.h,OpenMS::makePeakPositionUnique,Merging duplicate-position peaks defaults to MEDIAN and silently drops all data arrays,"Keep the signature for ABI stability but expand the doxygen to state the MEDIAN default and the data-array loss explicitly. Consider documenting why MEDIAN is the chosen default; if SUM is the conventional intent for merged spectra, leave the default but call it out prominently."
META-1,B2,METADATA,medium,return-value,breaking,src/openms/include/OpenMS/METADATA/SourceFile.h,SourceFile::getFileSize / SourceFile::setFileSize,File size accessors use float while the backing member is double (silent precision narrowing),"Add `double getFileSizeInBytes()`/double-typed overloads or change the accessors to `double` to match the member (and the rest of the METADATA numeric accessors). If ABI must be preserved, add a new double-typed overload and deprecate the float one; at minimum document that values are stored/compared as double but truncated through the float API."
META-3,B2,METADATA,medium,hidden-side-effect,none,src/openms/include/OpenMS/METADATA/ContactPerson.h,ContactPerson::setName,"setName silently parses, reorders, and can drop name tokens instead of storing the name verbatim","Document the comma=Last,First convention and the lossy multi-token behavior explicitly in the header, or rename to `setNameFromCombinedString`/add a clearly-documented parsing contract. Ideally store the trailing tokens into last_name_ instead of discarding them. Doc/behavior fix is ABI-safe."
META-4,B2,METADATA,medium,hidden-side-effect,none,src/openms/include/OpenMS/METADATA/Gradient.h,Gradient::clearEluents / Gradient::clearTimepoints,"clearEluents/clearTimepoints leave the percentages matrix desynchronized, breaking the class invariant","Have clearEluents()/clearTimepoints() also reset/reshape percentages_ to stay consistent (or call clearPercentages() afterwards). This is an implementation fix with no signature change, hence ABI-safe."
META-6,B2,METADATA,medium,silent-failure,source-compatible,src/openms/source/METADATA/ID/IdentificationData.cpp,IdentificationData::registerProcessingSoftware,"registerProcessingSoftware silently discards assigned_scores of a same-name/version software (no merge), unlike sibling register* functions","Mirror the sibling register* functions: on `!result.second`, modify the stored element to merge in the new assigned_scores (e.g. append score refs not already present). This is an additive, source/ABI-compatible behavior fix. At minimum, document in ProcessingSoftware.h / the registerProcessingSoftware doxygen that assigned_scores is NOT part of the uniqueness key and will be ignored on re-registration."
META-8,B2,METADATA,medium,silent-failure,none,src/openms/include/OpenMS/METADATA/ID/ScoredProcessingResult.h,IdentificationDataInternal::ScoredProcessingResult::getScore,getScore returns NaN with a success flag; ignoring the bool yields a NaN that silently poisons arithmetic,"This is documented, so keep it; consider additionally offering `std::optional<double> findScore(ScoreTypeRef) const` so callers cannot accidentally consume the NaN. Additive, ABI-safe. At minimum keep the '(or NaN)' note prominent."
META-10,B2,METADATA,medium,contract-violation/undocumented-throw,none,src/openms/include/OpenMS/METADATA/SpectrumMetaDataLookup.h,SpectrumMetaDataLookup::addMissingIMToPeptideIDs,"Documented bool-returning lookup actually throws ElementNotFound on an unmatched native ID, unlike its siblings","Wrap the findByNativeID call in try/catch like the sibling functions, setting all_ids_have_im=false on ElementNotFound; or document that this function may throw. Additive doc/impl fix, no signature change."
META-11,B2,METADATA,medium,misleading-name,none,src/openms/include/OpenMS/METADATA/SpectrumMetaDataLookup.h,SpectrumMetaDataLookup::addMissingIMToPeptideIDs,"'addMissing...' unconditionally overwrites IM on all IDs, including those that already have it","Either skip IDs that already carry a Constants::UserParam::IM meta value (to match the 'missing' semantics and the FAIMS sibling), or rename/redocument to make the overwrite behavior explicit. Impl-only fix; no ABI change."
META-13,B2,METADATA,medium,silent-failure,none,src/openms/include/OpenMS/METADATA/USI.h,USI::toString,toString() returns an empty string for an invalid USI instead of a representation of its fields,"Document the empty-string-on-invalid contract prominently on toString() (and operator<<), or render the partial fields. Doc-only fix preferred for ABI stability."
META-14,B2,METADATA,medium,contract-violation,source-compatible,src/openms/include/OpenMS/METADATA/SpectrumNativeIDParser.h,SpectrumNativeIDParser::extractScanNumber,"Same function name returns a real scan number, an index+1, or a synthetic cycle*1000+experiment value depending on accession","The header notes already disclose this; keep them and consider surfacing the WIFF composite via a clearly-named helper. The InvalidValue throw from a function otherwise documented to '@return ... -1 on failure' is the more actionable surprise — catch it and return -1, or document the throw. Source-compatible doc/impl fix."
CHEM-1,B2,CHEMISTRY,medium,unit-or-index,none,src/openms/include/OpenMS/CHEMISTRY/EmpiricalFormula.h,EmpiricalFormula::getMonoWeight / getAverageWeight / getLightestIsotopeWeight,"Weight getters silently add/subtract PROTON mass per charge ('includes proton charges'), surprising for anions and for charge-carrier choice","Keep the ABI (this convention is relied upon), but sharpen the doc: state explicitly that the returned mass is shifted by +PROTON_MASS_U*charge (proton mass, not electron-corrected), including being LOWERED for negative charges, and is NOT the neutral mass nor an ion m/z. Optionally add a clearly named additive helper (e.g. getNeutralMonoWeight()) that ignores charge_. abi_impact: doc/additive only."
CHEM-4,B2,CHEMISTRY,medium,misleading-name,none,src/openms/include/OpenMS/CHEMISTRY/EmpiricalFormula.h,EmpiricalFormula::operator<,"operator< orders primarily by NUMBER OF DISTINCT ELEMENTS, not by mass/composition — surprising for a chemical-formula 'less than'",Document explicitly that operator< is an arbitrary strict-weak ordering for container use (NOT a mass or canonical-composition order) and that the tiebreak is pointer-dependent / non-portable. abi_impact: doc-only; a value-based reordering would be behavior-breaking.
CHEM-5,B2,CHEMISTRY,medium,asymmetric-api,source-compatible,src/openms/include/OpenMS/CHEMISTRY/EmpiricalFormula.h,EmpiricalFormula::toString / toMap / operator<<,"toString()/toMap() silently drop the charge, while operator<< prints it — round-trip via toString loses charge with no warning","Document that toString() is NOT a faithful round-trip when isCharged(), and point callers to operator<< (or add an optional bool include_charge param / a toStringWithCharge()). abi_impact: doc or additive overload."
CHEM-7,B2,CHEMISTRY,medium,misleading-doc,none,src/openms/include/OpenMS/CHEMISTRY/EnzymaticDigestion.h,EnzymaticDigestion::digestUnmodified,"Pair overload documented as (start, end) but actually returns (start, length)","Do NOT change the emitted convention (callers/tests depend on (start, length)). Instead fix the Doxygen on the header to say ""pairs of (start_index, length)"" so it matches behavior, and ideally rename/clarify by adding a typedef or a comment cross-referencing that this differs from ProteaseDigestion::digest. Source/ABI compatible (doc-only)."
CHEM-8,B2,CHEMISTRY,medium,inconsistent-convention,none,src/openms/include/OpenMS/CHEMISTRY/ProteaseDigestion.h,ProteaseDigestion::digest / EnzymaticDigestion::digestUnmodified,"Two sibling pair-of-Size digestion APIs use opposite pair conventions (start,end) vs (start,length)","Align the documentation explicitly in both headers and add a one-line cross-reference warning (""NOTE: unlike EnzymaticDigestion::digestUnmodified which returns (start,length), this returns (start,end)""). If a future ABI break is acceptable, standardize on (start,length) everywhere. Doc-only fix is source/ABI safe."
CHEM-13,B2,CHEMISTRY,medium,documentation-mismatch,none,src/openms/include/OpenMS/CHEMISTRY/DigestionEnzymeDB.h,DigestionEnzymeDB::getEnzyme,Name lookup is case-sensitive except for the canonical name; synonyms only match exact case,"Either also index lowercased synonyms in addEnzyme_, or correct the @note to state that the toLowercase guarantee applies only to canonical names. Implementation fix is source/ABI safe (internal); doc fix is also safe."
CHEM-14,B2,CHEMISTRY,medium,surprising-default,none,src/openms/include/OpenMS/CHEMISTRY/ISOTOPEDISTRIBUTION/IsotopeDistribution.h,IsotopeDistribution::IsotopeDistribution(),"Default-constructed IsotopeDistribution is not empty: it contains one peak (0,1), so size()==1","Document the seeded (mass=0, prob=1) peak in the constructor doxygen so callers do not treat a default-constructed instance as empty. Changing the ctor to start empty would be behavior-breaking; keep ABI and just fix the docs (or add a static factory making the intent explicit)."
CHEM-17,B2,CHEMISTRY,medium,hidden-side-effect,none,src/openms/include/OpenMS/CHEMISTRY/ISOTOPEDISTRIBUTION/IsotopeDistribution.h,IsotopeDistribution::merge,"merge() silently re-sorts by mass and trims both tails (and intensities) by min_prob, beyond ""merging into bins""","Document that merge() sorts by mass and discards isotopes with probability < min_prob at both tails plus per-bin, so callers do not assume probability is conserved. Doc-only fix is ABI-safe."
CHEM-19,B2,CHEMISTRY,medium,misleading-name,source-compatible,src/openms/include/OpenMS/CHEMISTRY/ISOTOPEDISTRIBUTION/IsotopeDistribution.h,IsotopeDistribution::insert,"insert(mass, intensity) always appends (push_back), never inserts in mass order","Rename intent in docs to clarify it appends (or provide an append() alias), and note that the caller must sortByMass() afterward if order matters. Adding a clearly-named append() is additive; renaming would break ABI, so prefer doc + alias."
CHEM-20,B2,CHEMISTRY,medium,unit-or-index,none,src/openms/include/OpenMS/CHEMISTRY/ISOTOPEDISTRIBUTION/CoarseIsotopePatternGenerator.h,CoarseIsotopePatternGenerator::approximateFromPeptideWeight,approximateFromPeptideWeight scales m/z spacing by charge but the input `mass` is taken as-is (not divided by charge),"Clarify in the doxygen that `mass` is used verbatim as the monoisotopic m/z and the caller is responsible for any charge division of the base mass; only the inter-peak spacing is divided by charge. Doc-only, ABI-safe."
CHEM-22,B2,CHEMISTRY,medium,lifetime-side-effect (one-shot consume; documented),none,src/openms/include/OpenMS/CHEMISTRY/ISOTOPEDISTRIBUTION/IsoSpecWrapper.h,IsoSpecWrapper::run / IsoSpec*Wrapper::run,run() invalidates the wrapper object as a side effect; a second call is undefined,"The constraint is documented (good), but the name is still surprising; consider rvalue-ref-qualifying run() (`run() &&`) in a future ABI break so the compiler enforces single-use, or rename to runAndConsume(). For now keep the prominent doc note. Doc is ABI-safe; ref-qualifier is breaking."
CHEM-25,B2,CHEMISTRY,medium,hidden-side-effect,source-compatible,src/openms/include/OpenMS/CHEMISTRY/MASSDECOMPOSITION/IMS/IMSIsotopeDistribution.h,IMSIsotopeDistribution::SIZE / ABUNDANCES_SUM_ERROR,Behavior-controlling parameters are public mutable static (global) members shared by all instances,"ABI-safe: document loudly that these are process-global, must be initialized before first use, and are not thread-safe to mutate. Longer term (breaking): make them per-instance members with accessors. Flag abi as source-compatible for any move to instance members."
CHEM-27,B2,CHEMISTRY,medium,param-order-or-bool,none,src/openms/include/OpenMS/CHEMISTRY/MASSDECOMPOSITION/MassDecompositionAlgorithm.h,MassDecompositionAlgorithm::getDecompositions,"getDecompositions takes its output vector first and the input mass second, opposite to the sibling RealMassDecomposer API",ABI-safe: document the out-param-first order and whether decomps is cleared (impl should clear it). Additive: offer a return-by-value overload `std::vector<MassDecomposition> getDecompositions(double weight)` matching the sibling convention; deprecate the out-param form. abi none for the additive overload.
CHEM-30,B2,CHEMISTRY,medium,misleading-name,none,src/openms/include/OpenMS/CHEMISTRY/TheoreticalSpectrumGenerator.h,TheoreticalSpectrumGenerator::generateSpectrum,"generateSpectrum documents 'c- and z-ions' for ECD/ETD but emits c, z+1 and z+2 ions (no z-ions)","Fix the doc comment to say 'c-ions and z+1/z+2 radical ions' (the chemically correct ExD products). No ABI change. If true z-ions are also intended, additionally set add_z_ions=true; that is a behavior change and should be opt-in."
CHEM-31,B2,CHEMISTRY,medium,misleading-name,none,src/openms/include/OpenMS/CHEMISTRY/SpectrumAnnotator.h,SpectrumAnnotator::addPeakAnnotationsToPeptideHit,'addPeakAnnotationsToPeptideHit' overwrites existing PeakAnnotations rather than adding to them,"Either rename intent in docs to 'sets/replaces the PeakAnnotations', or make it truly additive by appending to ph.getPeakAnnotations() before setting. Safest additive fix: update the doc to say it replaces existing annotations; consider an overload/flag to append."
CHEM-33,B2,CHEMISTRY,medium,hidden-side-effect,none,src/openms/include/OpenMS/CHEMISTRY/Tagger.h,Tagger::getTag,getTag appends to 'tags' and then sorts/dedups the caller's pre-existing entries too,"Document the append+dedup behavior explicitly, or change the doc/contract to clear first. If preserving ABI, at minimum amend the doc to '@param[in,out] tags: new tags are appended; the combined list is sorted and de-duplicated'."
CHEM-34,B2,CHEMISTRY,medium,silent-failure,none,src/openms/include/OpenMS/CHEMISTRY/NucleicAcidSpectrumGenerator.h,NucleicAcidSpectrumGenerator::getMultipleSpectra,getMultipleSpectra infers polarity from only the smallest charge and never validates the documented 'all positive or all negative' precondition,Add the same sign-consistency check getSpectrum uses and throw IllegalArgument on mixed signs. Body-only change; no ABI impact.
CHEM-35,B2,CHEMISTRY,medium,hidden-side-effect,none,src/openms/include/OpenMS/CHEMISTRY/NucleicAcidSpectrumGenerator.h,NucleicAcidSpectrumGenerator::getSpectrum,getSpectrum silently swaps min_charge/max_charge when |max|<|min| and appends to (does not clear) the output spectrum,Document the append-not-clear contract (consistent with the AA TSG note) and the silent min/max swap and charge cap; or throw on inverted/out-of-range charges. Prefer a doc clarification to avoid ABI/behavior breaks.
CHEM-37,B2,CHEMISTRY,medium,hidden-side-effect,none,src/openms/include/OpenMS/CHEMISTRY/TheoreticalSpectrumGenerator.h,TheoreticalSpectrumGenerator::getPrefixAndSuffixIonsMZ,getPrefixAndSuffixIonsMZ appends to the output vector (no clear) despite '@param[out] spectrum',"Document the append-and-sort behavior in the header, or clear() at entry. Doc clarification is ABI-safe; clearing would be a behavior change."
CHEM-38,B2,CHEMISTRY,medium,hidden-side-effect,none,src/openms/include/OpenMS/CHEMISTRY/SpectrumAnnotator.h,SpectrumAnnotator::addIonMatchStatistics,"addIonMatchStatistics also mutates the input spectrum (adds DataArrays and meta values), not just the PeptideIdentification","Document that 'spec' is modified (in/out) by this call, or operate on a copy if read-only input is intended. Doc/in-out annotation fix is ABI-safe."
CHEM-39,B2,CHEMISTRY,medium,ownership-lifetime,none,src/openms/include/OpenMS/CHEMISTRY/ProForma.h,ProForma::Modification::resolved_mod,Public raw pointer cached in the AST is silently invalidated by JSON round-trip and by value copies that don't re-resolve,"Document explicitly that resolved_mod is a transient, non-owning cache that is null until resolveModifications() is called and is dropped by (de)serialization, and that callers must call resolveModifications() after any deserialize/copy/edit. abi_impact none for doc; making it private with an accessor would be source-breaking."
CHEM-42,B2,CHEMISTRY,medium,silent-failure,source-compatible,src/openms/include/OpenMS/CHEMISTRY/MzPAF.h,MzPAF::fromPeakAnnotation,"fromPeakAnnotation() returns an empty result both for 'no annotations' and for 'not valid mzPAF', conflating the two",Consider returning std::optional<MzPAFPeakAnnotations> (or pairing with isMzPAFFormat) so callers can detect non-mzPAF input. Additive overload keeps ABI. abi_impact source-compatible if adding an overload.
CHEM-44,B2,CHEMISTRY,medium,silent-failure,source-compatible,src/openms/include/OpenMS/CHEMISTRY/IsoelectricPoint.h,IsoelectricPoint::computePI,"computePI returns an in-range pH boundary (0 or 14) when no zero-crossing exists, only logging a warning",Documented behavior; consider an overload returning std::optional<double> or a status flag so non-converged cases are detectable programmatically. abi_impact source-compatible if adding an overload.
META-16,B2,METADATA,medium,ownership-lifetime,source-compatible,src/openms/include/OpenMS/METADATA/MetaInfo.h,MetaInfo::getValue,getValue returns a const reference to the caller-supplied default; dangles for temporaries,"Either match MetaInfoInterface and add a by-value overload for the (name, default) / (index, default) forms, or at minimum document in the header that `default_value` must outlive the returned reference. ABI-safe additive fix: keep the existing reference overloads, add value-returning overloads or improve docs; the ideal fix (changing the return type to by-value) would be source/ABI breaking."
META-17,B2,METADATA,medium,const-correctness,none,src/openms/include/OpenMS/METADATA/MetaInfo.h,MetaInfo::begin / MetaInfo::end (non-const),"Non-const begin()/end() hand out mutable iterators into a sorted flat_map, letting callers silently break the key-ordering invariant","Prefer not exposing mutable key access at all. Lowest-risk additive options: document the invariant hazard (already partially done) more strongly, or provide a value-only mutable accessor. Removing the mutable begin()/end() would be source-breaking, so flag the ideal fix but keep it documented."
META-18,B2,METADATA,medium,other,source-compatible,src/openms/include/OpenMS/METADATA/MetaInfoDescription.h,MetaInfoDescription::operator<,"operator< is not a strict weak ordering consistent with operator==, breaking ordered-container use","Make operator< a true total order consistent with operator== (compare the same fields == compares, in a fixed order), ideally via a defaulted `operator<=>` over the same members; <compare> is already included (MetaInfoDescription.h:11). Body-only change, ABI-compatible."
META-19,B2,METADATA,medium,misleading-name,none,src/openms/include/OpenMS/METADATA/CVTermList.h,CVTermList::setCVTerms,setCVTerms appends instead of replacing existing terms,"Make setCVTerms clear cv_terms_ before adding (matching 'set' semantics), or if accumulation is intended, deprecate-and-add a clearly named overload (e.g. appendCVTerms) and document setCVTerms as additive. A pure clear-then-add fix is behavior-changing but source/ABI compatible; choose based on existing callers."
META-24,B2,METADATA,medium,silent-failure,source-compatible,src/openms/include/OpenMS/METADATA/CVTermList.h,CVTermList::addCVTerm,"addCVTerm silently keys terms by accession, storing accession-less terms under an empty key",Either throw/log on empty accession (behavior change) or document explicitly that addCVTerm requires a non-empty accession and that the accession is used as the map key. A throwing change is source-compatible at the type level; prefer documenting plus an opt-in validating overload.
META-26,B2,METADATA,medium,inconsistent-convention,none,src/openms/include/OpenMS/METADATA/Precursor.h,Precursor::getDriftTimeWindowLowerOffset,"Drift-time lower offset is ADDED to get the window start, but the m/z lower offset is SUBTRACTED","Treat this as a documentation/contract bug: the drift-time lower-offset doc should compute the window start as 'getDriftTime() - getDriftTimeWindowLowerOffset()' to match the m/z convention (or, if the asymmetry is intentional, prominently document why the sign differs). No signature change needed; this is a source-compatible doc fix. Verify against existing callers in the codebase before changing the documented arithmetic."
META-27,B2,METADATA,medium,silent-failure,source-compatible,src/openms/include/OpenMS/METADATA/Precursor.h,Precursor::getUnchargedMass,getUnchargedMass() silently fabricates charge 2 when charge is unknown (0),"Keep the existing method for ABI stability but make the guess explicit at the call site: add an overload/parameter like getUnchargedMass(int default_charge) or a separate hasKnownCharge() check, and document the silent z=2 fallback in the brief (not only mid-sentence). At minimum simplify the ternary to 'int c = (charge_ == 0) ? 2 : charge_;'. All additive/source-compatible."
META-29,B2,METADATA,medium,return-value,breaking,src/openms/include/OpenMS/METADATA/SpectrumSettings.h,SpectrumSettings::getDataProcessing,"const getDataProcessing() returns a NEW vector by value (a copy), unlike its sibling const getters","Cannot change return type without ABI break; document clearly that the const overload returns a freshly-built copy (not a reference) and is not a cheap accessor, so callers in hot loops cache the result. The const-correctness of constifying is reasonable; the surprise is the silent copy and the type asymmetry — call those out in the doc."
META-30,B2,METADATA,medium,misleading-name,none,src/openms/include/OpenMS/METADATA/Acquisition.h,Acquisition::getIdentifier / setIdentifier,'identifier' is documented as an index/number but typed and accessed as a free-form string,"Source-compatible doc fix: describe the field consistently as a free-text/native acquisition identifier (string), and drop the 'index/number' wording or state that it is not guaranteed numeric. No signature change."
META-34,B2,METADATA,medium,silent-failure,none,src/openms/source/METADATA/DocumentIdentifier.cpp,DocumentIdentifier::operator==,"operator== only compares the id_ field, silently ignoring loaded file path and type","Either document explicitly that equality is id-only, or extend it to compare file_path_ and file_type_. Behavioral change; widening the comparison risks breaking callers that rely on id-only semantics, so prefer documenting the current behavior plus an explicit equalsFull() helper."
META-35,B2,METADATA,medium,hidden-side-effect,none,src/openms/include/OpenMS/METADATA/DocumentIdentifier.h,DocumentIdentifier::setLoadedFileType,setLoadedFileType opens and reads the file from disk instead of recording a passed-in type,"Document the I/O side effect in the header, and add an overload taking a FileTypes::Type directly (e.g. setLoadedFileType(FileTypes::Type)) for callers that already know the type. Additive overload; no ABI break."
META-37,B2,METADATA,medium,inconsistent-convention,none,src/openms/include/OpenMS/METADATA/IdentifierMSRunMapper.h,IdentifierMSRunMapper::getIdentifier / getMSRunPaths,"Reverse-direction lookups handle 'not found' inconsistently: one throws, the sibling returns empty","Keep the behaviors (both are individually documented) but make the asymmetry explicit in adjacent docs, or add a throwing getMSRunPaths variant / non-throwing tryGetIdentifier for parity (the latter already exists). Documentation/additive; no ABI break."
META-38,B2,METADATA,medium,surprising-throw,none,src/openms/include/OpenMS/METADATA/AnnotatedMSRun.h,AnnotatedMSRun::begin / cbegin (const),const begin()/cbegin() throw if spectra and peptide-id counts disagree,Document that iteration requires matching sizes and that begin() validates the invariant; consider validating in the setters (or providing a resize/sync helper) so the throw surfaces at mutation time rather than at iteration time. Doc + optional behavioral change; no ABI break.
META-39,B2,METADATA,medium,hidden-side-effect,none,src/openms/include/OpenMS/METADATA/ExperimentalDesign.h,ExperimentalDesign::setMSFileSection,setMSFileSection silently reorders the input rows via sort_(),Document in the header that the section is sorted into canonical order on set. Documentation-only; no ABI impact.
META-40,B2,METADATA,medium,asymmetric-api,none,src/openms/include/OpenMS/METADATA/ExperimentalDesign.h,ExperimentalDesign::setSampleSection,Two-arg constructor validates the design (isValid_) but the equivalent set* sequence skips validation,Document that setters do not validate (or call isValid_() from setMSFileSection for parity). Prefer documentation plus an optional validate() entry point to avoid breaking existing incremental-build callers. No ABI break for the doc route.
META-44,B2,METADATA,medium,hidden-side-effect,none,src/openms/include/OpenMS/METADATA/ProteinHit.h,ProteinHit::operator=(const MetaInfoInterface&),"Assignment from MetaInfoInterface overwrites only meta values, silently leaving score/accession/sequence/coverage intact",Expand the header doc to state it assigns ONLY meta values and leaves hit fields unchanged; consider renaming to assignMetaInfo() in a future major version. abi_impact none for doc fix.
META-47,B2,METADATA,medium,surprising-throw,none,src/openms/include/OpenMS/METADATA/PeptideHit.h,PeptideHit::getTargetDecoyType / isDecoy,getTargetDecoyType() (and isDecoy()) throws on an unrecognized 'target_decoy' meta value string,"Document the throw on getTargetDecoyType()/isDecoy(), or make isDecoy()/getTargetDecoyType() return UNKNOWN for unrecognized values instead of throwing. abi_impact none for doc; behavior change is source-compatible."
META-48,B2,METADATA,medium,silent-failure,none,src/openms/include/OpenMS/METADATA/ProteinModificationSummary.h,ProteinModificationSummary::operator==,"Equality compares modification keys by raw pointer identity, not by modification value","Document that comparison/ordering relies on ResidueModification pointer identity (valid only when mods come from the shared ModificationsDB singleton), or compare via getFullId() like the ProteinHit hash does. abi_impact none for doc fix."
META-49,B2,METADATA,medium,asymmetric-api,source-compatible,src/openms/include/OpenMS/METADATA/PeptideIdentification.h,PeptideIdentification::setExperimentLabel,"setExperimentLabel("""") silently no-ops, so it cannot clear a previously set label (unlike sibling setBaseName)","Make setExperimentLabel("""") remove the meta value to mirror setBaseName, or document the asymmetry. abi_impact source-compatible (behavior change) / none for doc."
META-50,B2,METADATA,medium,surprising-throw,none,src/openms/include/OpenMS/METADATA/ID/IdentifiedSequence.h,IdentifiedSequence::allParentsAreDecoys,Boolean predicate allParentsAreDecoys() throws on empty parent set instead of returning a bool,"Document the throw-on-empty contract prominently in the header, or add a defaulted parameter / overload that returns a chosen value for the empty case (e.g. `allParentsAreDecoys(bool value_if_empty)`). Changing the existing behavior to return a bool would be source-compatible but semantically breaking for current callers relying on the throw."
META-52,B2,METADATA,medium,implicit-conversion,breaking,src/openms/include/OpenMS/METADATA/ID/MetaData.h,IteratorWrapper::operator uintptr_t,IteratorWrapper implicitly converts to an integer pointer value,"Mark the conversion `explicit` (source-compatible for legitimate hashing call sites that can add a cast; flags accidental integer uses). If a hash is the only need, provide a named hash functor / std::hash specialization instead of an implicit conversion."
META-53,B2,METADATA,medium,inconsistent-convention,source-compatible,src/openms/include/OpenMS/METADATA/ID/Observation.h,Observation::merge,"Observation::merge unconditionally overwrites rt/mz, unlike sibling merge() methods that conflict-check","Document that Observation::merge overwrites position from `other`, or align it with the sibling pattern (keep existing non-NaN value, take other's only when unset, throw on genuine conflict). Behavior change would be source-compatible but observably different."
META-54,B2,METADATA,medium,param-order-or-bool,source-compatible,src/openms/include/OpenMS/METADATA/ID/IdentifiedMolecule.h,IdentifiedMolecule::getFormula,Untyped Size fragment_type is reinterpreted as two different enums and is silently ignored for compounds,Document in the header that fragment_type is interpreted per-molecule-type (Residue::ResidueType vs NASequence::NASFragmentType) and that it (and charge) are ignored for compounds. Ideal additive fix: typed overloads or an enum wrapper; ABI-safe if added alongside.
META-55,B2,METADATA,medium,silent-failure,none,src/openms/include/OpenMS/METADATA/ID/ScoredProcessingResult.h,ScoredProcessingResult::getScore,getScore returns NaN paired with a success flag the caller must check,"This is documented, so keep as-is for ABI; ensure header doc emphasizes that the bool must be checked and the double is NaN on miss. Consider an std::optional<double>-returning overload as an additive, clearer API."
CHEM-46,B2,CHEMISTRY,medium,silent-failure,none,src/openms/include/OpenMS/CHEMISTRY/ResidueDB.h,ResidueDB::getResidue,"Two getResidue() overloads have opposite failure modes: by-name throws, by-one-letter-code silently returns nullptr","Document the divergence prominently in the header (string throws; char returns nullptr). Ideally make the char overload's contract explicit by renaming/aliasing (e.g. add getResidueOrNull(char) and a throwing getResidue(char)). Do not silently change the throwing behavior of the char overload, as callers rely on the nullptr-return — but at minimum the header must warn that this overload returns nullptr on miss."
CHEM-47,B2,CHEMISTRY,medium,silent-failure,none,src/openms/include/OpenMS/CHEMISTRY/AASequence.h,AASequence::getMonoWeight / AASequence::getFormula,getMonoWeight()/getFormula() accept any ResidueType but silently return the Internal mass/formula for several legal enum values,"Throw Exception::InvalidValue (or NotImplemented) in the default branch instead of returning the Internal value, or implement the missing types. At minimum document in the header which ResidueType values are actually supported by these methods."
CHEM-48,B2,CHEMISTRY,medium,silent-failure,source-compatible,src/openms/include/OpenMS/CHEMISTRY/Residue.h,Residue::getMonoWeight / Residue::getAverageWeight / Residue::getFormula,Residue weight/formula getters silently return the Full value for legal ResidueType values that hit the default branch,"Throw on unsupported ResidueType in the default branch (and remove the cerr writes), or implement the missing types. If behavior cannot change for ABI reasons, document the supported-type subset in the header."
CHEM-49,B2,CHEMISTRY,medium,hidden-side-effect,none,src/openms/include/OpenMS/CHEMISTRY/ResidueDB.h,ResidueDB::getResidues,getResidues() writes to std::cout when the requested residue set is empty/unknown,"Remove the cout (or route to OPENMS_LOG_WARN). Consider documenting that an unknown set yields an empty set so callers validate against getResidueSets(). The cout removal is behavior-only, ABI-safe."
CHEM-52,B2,CHEMISTRY,medium,silent-failure,none,src/openms/include/OpenMS/CHEMISTRY/Residue.h,Residue::getModificationName,getModificationName() returns the empty string for user-defined modifications even when one is set,"Document that this returns the short Id (empty for user-defined mods) and that callers should use getModification()->getFullId()/toString() to get a name for user-defined mods; or add a getModificationFullId()/getModificationToString() helper. Doc/additive fix, ABI-safe."
CHEM-53,B2,CHEMISTRY,medium,misleading-name,none,src/openms/include/OpenMS/CHEMISTRY/AASequence.h,AASequence::getPrefix / AASequence::getSuffix,"The 'index' parameter of getPrefix/getSuffix is actually a length/count, not a position","Rename the parameter to 'length'/'num' in the header signature and docs (doc/param-name change, ABI-safe). Optionally add clearer aliases. Do not change semantics."
CHEM-57,B2,CHEMISTRY,medium,inconsistent-edge-case,none,src/openms/include/OpenMS/CHEMISTRY/NASequence.h,NASequence::getPrefix,"getPrefix(length)/getSuffix(length) throw IndexOverflow when length == size(), so you cannot request the whole sequence","Change the guard to `length > seq_.size()` so a length equal to the sequence size returns the full sequence (matching length semantics and AASequence::getPrefix conventions). Document the off-by-one behavior if kept. This is a behavior change, so guard with care/tests."
CHEM-61,B2,CHEMISTRY,medium,misleading-documentation,none,src/openms/include/OpenMS/CHEMISTRY/ModificationsDB.h,ModificationsDB::getModification,"Doc says ""the first one is returned"" on multiple matches, but the LAST match is actually returned","Fix the doc to say ""an arbitrary (currently the last) match is returned"", or make the tie-break deterministic and consistent across getModification()/searchModificationsFast(). Pure doc/comment fix is ABI-safe; making it deterministically ""first"" is source-compatible."
CHEM-62,B2,CHEMISTRY,medium,documentation-contract-contradiction,none,src/openms/include/OpenMS/CHEMISTRY/ModificationsDB.h,ModificationsDB::findModificationIndex,Self-contradictory contract: documents returning numeric_limits<Size>::max() AND throwing on the same condition; actually always throws,"Remove the contradictory ""return numeric_limits<Size>::max()"" sentence from the doc (the method throws). ABI-safe doc fix."
CHEM-64,B2,CHEMISTRY,medium,silent-failure,source-compatible,src/openms/include/OpenMS/CHEMISTRY/ModificationDefinitionsSet.h,ModificationDefinitionsSet::isCompatible,isCompatible() ignores the set's own max_mods_per_peptide limit,"Document that isCompatible ignores the max-per-peptide cap, or add the count check against max_mods_per_peptide_ (behavior change; gate behind a new overload/flag to stay source-compatible)."
CHEM-66,B2,CHEMISTRY,medium,inconsistent-convention,source-compatible,src/openms/include/OpenMS/CHEMISTRY/ModificationDefinition.h,ModificationDefinition::operator== / operator< / std::hash,operator== compares by mod pointer identity while operator< (and the set) order by modification name — equality and ordering disagree,"Make operator== consistent with operator< (compare by FullId, or compare the modification by value), and update std::hash to hash the FullId rather than the pointer. This is a behavioral change; prefer doing it deliberately with tests, since current callers may rely on pointer identity. Source-compatible signature-wise."
CHEM-67,B2,CHEMISTRY,medium,ownership-lifetime,none,src/openms/include/OpenMS/CHEMISTRY/ModificationDefinition.h,"ModificationDefinition::ModificationDefinition(const ResidueModification&, bool, UInt)","Constructor stores the address of the passed-by-reference ResidueModification (borrowed pointer), creating a dangling risk","Document loudly that the referenced ResidueModification must outlive the definition (ideally must be a ModificationsDB-owned pointer), or change to resolve/intern via ModificationsDB::searchModification() to a stable pointer. Doc fix is ABI-safe; interning is a behavior change."
CHEM-68,B2,CHEMISTRY,medium,param-order-or-bool,none,src/openms/include/OpenMS/CHEMISTRY/ModificationDefinitionsSet.h,ModificationDefinitionsSet::findMatches,Three adjacent same-typed bool flags whose doc order (consider_variable before consider_fixed) is the reverse of the signature order,"Reorder the @param lines to match the signature, and consider an enum/struct-of-options overload to make call sites self-documenting. Doc reorder is ABI-safe; an options overload is source-compatible/additive."
FORM-1,B3,FORMAT,medium,hidden-side-effect,none,src/openms/include/OpenMS/FORMAT/Base64.h,Base64::encode,"encode() mutates its input vector in place (endian-swaps it), and the doc note claiming the input is 'empty' afterwards is false","ABI-safe: fix the doc note to state the truth (input is byte-order-mutated on big-endian or BIGENDIAN target, otherwise unchanged; it is NOT emptied). Ideally add a `const std::vector<FromType>&` overload that copies before swapping (source-compatible additive change). Long term, take input by const-ref and do the swap on an internal copy; that is a breaking signature change (abi_impact breaking) but removes the surprise entirely."
FORM-2,B3,FORMAT,medium,hidden-side-effect,none,src/openms/include/OpenMS/FORMAT/Base64.h,Base64::encodeIntegers,encodeIntegers() endian-swaps the caller's input vector in place; @note again claims it becomes 'empty' but it never does,"Same as encode(): correct the doc note and, ideally, add a const-ref overload (source-compatible). A const-ref-only signature is the clean fix but is ABI-breaking."
FORM-3,B3,FORMAT,medium,silent-failure,source-compatible,src/openms/include/OpenMS/FORMAT/MSNumpressCoder.h,MSNumpressCoder::encodeNP / encodeNPRaw,"Encoding failures (exceptions, error-tolerance violations) are swallowed; caller gets an empty/unmodified string with no error signal",ABI-safe: at minimum route the std::cerr diagnostics through OPENMS_LOG_ERROR so failures are visible in normal logging. Ideally add an overload returning bool (or throwing) on encode failure (source-compatible additive). Changing the existing void signatures to throw is ABI source-compatible but a behavioral break for callers relying on the empty-string contract.
FORM-5,B3,FORMAT,medium,param-order-or-bool,breaking,src/openms/include/OpenMS/FORMAT/ZlibCompression.h,ZlibCompression::compressString,compressString takes its INPUT by non-const reference; the header itself admits 'the reference is read-only despite the non-const type',"Change the parameter to `const std::string&` and use `str.data()` (legal and non-mutating since C++11). This is source-compatible (callers passing lvalues still compile) but technically an ABI/mangling change for this symbol (`Ss` vs `RKSs`), so it is a breaking ABI change for the exported function and should be staged accordingly. The non-const overload's existence is the real surprise."
FORM-6,B3,FORMAT,medium,surprising-throw,none,src/openms/include/OpenMS/FORMAT/MSNUMPRESS/MSNumpress.h,ms::numpress::MSNumpress::decodeLinear / decodePic / decodeSlof / encode* / decode*,Decode/encode routines throw a bare `const char*` (not a std::exception) on corrupt input,This is vendored third-party (pwiz/ms-numpress) code; keep the upstream signature for sync but the surprise is real. Document prominently in the OpenMS wrapper that direct callers must use catch(...) / catch(const char*). The MSNumpressCoder wrapper already converts to Exception::ConversionError — steer public callers to that wrapper. Doc-only / no ABI change.
FORM-11,B3,FORMAT,medium,inconsistent-convention,none,src/openms/source/FORMAT/CsvFile.cpp,"CsvFile::load / CsvFile::CsvFile(const std::string&, char, bool, Int)","CsvFile constructor and load() disagree on line trimming (one trims, the other does not)","Make both call sites pass the same `trim_lines` value (and ideally expose it as a documented parameter). Pick one behavior, document it, and route the constructor through `load()` so they cannot drift. ABI-safe: changing the constant in the constructor body is purely an implementation change."
FORM-13,B3,FORMAT,medium,silent-failure,none,src/openms/source/FORMAT/CsvFile.cpp,CsvFile::getRow,"getRow blindly strips first+last char of every field when itemenclosed_ is set, corrupting unquoted/empty fields",Guard the strip: only remove enclosing characters when the field actually begins and ends with the configured quote char and has length >= 2; otherwise leave it or signal an error. ABI-safe (implementation-only fix inside the .cpp).
FORM-14,B3,FORMAT,medium,surprising-throw,source-compatible,src/openms/source/FORMAT/SVOutStream.cpp,SVOutStream::operator<<(std::string),Stream insertion operator<< throws on an embedded newline instead of setting the stream fail state,"This is a deliberate contract, but it surprises ostream users. Document the throw prominently at the class level (currently only on the operators), and consider an opt-in mode that substitutes/escapes newlines (like the separator replacement) instead of throwing. ABI-safe to add such a mode additively."
FORM-18,B3,FORMAT,medium,silent-failure,source-compatible,src/openms/include/OpenMS/FORMAT/FileHandler.h,FileHandler::computeFileHash,computeFileHash returns empty string on a missing/unreadable file instead of signaling failure,"Throw Exception::FileNotFound when the file cannot be opened (consistent with the rest of FileHandler). If ABI/behavior compatibility with existing callers tolerating """" is a concern, at minimum document the empty-string-on-failure contract in the header. The throw is source-compatible (callers currently cannot meaningfully use """")."
FORM-19,B3,FORMAT,medium,misleading-name,breaking,src/openms/include/OpenMS/FORMAT/ControlledVocabulary.h,ControlledVocabulary::CVTerm::isHigherBetterScore,"isHigherBetterScore is a static method taking a CVTerm by value, and returns true for ANY (even non-score) term by default","Rename to something honest like hasLowerBetterOrder() / defaultsToHigherBetter(), and make it a const member taking no argument (or accept by const-ref to avoid the by-value copy). At minimum, change the signature to 'bool isHigherBetterScore() const' (uses *this) and pass-by-const-ref if kept static. Renaming is breaking; an additive const overload plus a [[deprecated]] alias preserves ABI."
FORM-26,B3,FORMAT,medium,implicit-conversion,source-compatible,src/openms/include/OpenMS/FORMAT/CachedMzML.h,CachedmzML::CachedmzML(const std::string&),"Single-argument constructor is non-explicit, allowing implicit string-to-CachedmzML conversion (with heavy disk I/O)","Mark the constructor `explicit` (source-compatible for all well-formed call sites that intentionally construct; only breaks accidental implicit conversions, which is the point)."
FORM-28,B3,FORMAT,medium,param-order-or-bool,none,src/openms/include/OpenMS/FORMAT/MzMLFile.h,"MzMLFile::transform(filename, consumer, map, ...)",transform() has two adjacent same-typed bool flags whose meaning is invisible at the call site,Consider a strongly-typed flags/enum parameter in a new additive overload; at minimum keep the doc's @param ordering exact. ABI-safe additive change.
FORM-32,B3,FORMAT,medium,asymmetric-api,source-compatible,src/openms/include/OpenMS/FORMAT/DTAFile.h,DTAFile::store / DTAFile::load,"load/store use different proton masses, so a load->store->load round-trip is lossy",Source/ABI-compatible: change the two literal `1.0` values in store() to `Constants::PROTON_MASS_U` to match load(). Header-only inline template change; recompiles dependents but no API signature change.
FORM-36,B3,FORMAT,medium,hidden-side-effect,breaking,src/openms/include/OpenMS/FORMAT/ChromeleonFile.h,ChromeleonFile::removeCommasAndParseDouble,const parse helper takes its argument by non-const reference and mutates it in place,"Take the argument by value (`double removeCommasAndParseDouble(std::string number) const`) or by const-ref and copy internally, so the caller's string is not clobbered. If ABI stability forbids changing the signature, at minimum change the Doxygen tag to '@param[in,out]' to warn callers. The by-value fix is source-compatible for typical call sites passing temporaries but is an ABI break (mangled signature change)."
FORM-48,B3,FORMAT,medium,return-value,none,src/openms/include/OpenMS/FORMAT/SequestInfile.h,SequestInfile::setEnzyme,"""setEnzyme"" setter returns an inverted error code (0 = success, non-zero = enzyme NOT found)","Document the return value explicitly (0 == success / set; non-zero == unknown enzyme), and ideally invert it to a `bool` success or throw on an unknown enzyme. ABI-safe interim fix: add a Doxygen note clarifying the inverted semantics. A cleaner additive fix is a new `bool trySetEnzyme(const std::string&)` returning true on success; deprecate the surprising return."
FORM-49,B3,FORMAT,medium,hidden-side-effect,breaking,src/openms/include/OpenMS/FORMAT/SequestInfile.h,SequestInfile::addEnzymeInfo,"""addEnzymeInfo"" mutates and shrinks the vector the caller passes in","Take the parameter by value or `const&` and work on a local copy so the caller's vector is not clobbered. ABI-break if the signature changes; ABI-safe interim fix is to document that the argument is consumed/modified, or add an overload `addEnzymeInfo(const std::vector<std::string>&)`."
FORM-52,B3,FORMAT,medium,param-order-or-bool,none,src/openms/include/OpenMS/FORMAT/MascotXMLFile.h,MascotXMLFile::load,Output parameters that load() clears and overwrites are documented as @param[in],Change the Doxygen direction tags to `@param[out]` and state that load() clears the outputs first (so callers do not pass data expecting an append/merge). Documentation-only fix; fully ABI-safe.
FORM-54,B3,FORMAT,medium,misleading-name,none,src/openms/include/OpenMS/FORMAT/InspectInfile.h,InspectInfile::getBlind / getMulticharge,"Boolean-sounding ""blind""/""multicharge"" flags are tri-state UInt with an undocumented 2 = ""not set"" sentinel","Document the tri-state on the public getters/setters (or expose named constants), since callers cannot see the private member comments. Documentation-only fix is ABI-safe; a cleaner additive option is an `isBlindSet()`-style query."
FORM-58,B3,FORMAT,medium,silent-failure,none,src/openms/include/OpenMS/FORMAT/OMSSACSVFile.h,OMSSACSVFile::load,protein_identification out-parameter is documented as populated but is entirely ignored,"Either populate protein_identification (search engine/score type/identifier, as the sibling InspectOutfile/SequestOutfile parsers do) or document explicitly that the parameter is currently unused and reserved. Behavior fix is source-compatible; a doc-only fix is abi none. Marking the param [[maybe_unused]] and updating the doc is the minimal honest fix."
FORM-62,B3,FORMAT,medium,silent-failure,none,src/openms/include/OpenMS/FORMAT/XQuestResultXMLFile.h,XQuestResultXMLFile::getNumberOfHits / getMinScore / getMaxScore,'Returns ... in the file' getters actually return cached state from the last load() and return sentinels if load() was never called,Document that these return statistics of the LAST loaded file and are only valid after load(); initialize min_score_/max_score_ in the constructor to a defined sentinel (e.g. NaN) so a pre-load call is detectable instead of returning indeterminate memory. Initializing members is abi none.
FORM-67,B3,FORMAT,medium,return-value,none,src/openms/include/OpenMS/FORMAT/MzTabBase.h,MzTabBoolean::get,"Boolean getter returns Int and encodes null as -1, so `if (x.get())` treats null as true","Document loudly that get() may return -1 (null) and callers must check isNull() first, or add a `bool getBool() const` / `std::optional<bool> value() const` accessor. Changing the existing return type would be ABI-breaking; the additive accessor is the safe fix."
FORM-68,B3,FORMAT,medium,misleading-name,none,src/openms/include/OpenMS/FORMAT/MzTabBase.h,MzTabSpectraRef::setSpecRefFile,setSpecRefFile is a byte-for-byte duplicate of setSpecRef (does not set any file),"Deprecate setSpecRefFile (it is a confusing alias) and point callers to setSpecRef; or, if a file-setting overload was intended, implement it to set ms_run_/a path. Removal is source-breaking; mark `[[deprecated]]` first."
FORM-74,B3,FORMAT,medium,surprising-throw,none,src/openms/include/OpenMS/FORMAT/MzTab.h,MzTabModification::getModOrSubstIdentifier,"Getter asserts !isNull(), so it can abort (debug) / mislead (release) on a null modification",Drop the assert from these getters (let callers check isNull()) or document the precondition; align the get/set name pair (getModificationIdentifier vs setModificationIdentifier). Removing the assert is a behavior fix with no ABI change; renaming would need a deprecated alias.
FORM-75,B3,FORMAT,medium,silent-failure,none,src/openms/include/OpenMS/FORMAT/MRMFile.h,MRMFile::loadMzML,Documented 'tmp' (temporary directory for cached data) parameter is silently ignored,"Either honor the parameter (cache to tmp like SwathFile does) or update the doc to state it is currently unused/reserved. If it is genuinely dead, an additive deprecation comment is the ABI-safe step; removing the parameter is source-breaking, so keep the signature but document the no-op."
FORM-76,B3,FORMAT,medium,silent-failure,none,src/openms/include/OpenMS/FORMAT/MRMFeatureQCFile.h,MRMFeatureQCFile::store,store() silently writes no file at all when the selected QC vector is empty,"Write at least the header row (current code already builds headers from the first element, so guard only that part), or document the early-return contract explicitly. ABI-safe: behavior/doc change only."
FORM-77,B3,FORMAT,medium,param-order-or-bool,none,src/openms/include/OpenMS/FORMAT/MRMFeatureQCFile.h,MRMFeatureQCFile::load,Bare bool is_component_group selects which half of MRMFeatureQC is (re)loaded; a single load leaves the other half untouched,"Prefer named methods loadComponentQCs()/loadComponentGroupQCs() (additive overloads, ABI-safe) or an enum instead of bool. At minimum document that each call populates only one half. Splitting is additive; removing the bool overload is source-breaking."
FORM-78,B3,FORMAT,medium,silent-failure,none,src/openms/include/OpenMS/FORMAT/AbsoluteQuantitationMethodFile.h,AbsoluteQuantitationMethodFile::load,"load() only WARNS (does not throw) when required columns are missing, then silently emits zero/empty-filled records","Throw Exception::ParseError (as documented) when required columns are absent, or downgrade the header's exception contract to match the warn-and-default behavior. Behavior/doc change, ABI-safe."
FORM-79,B3,FORMAT,medium,surprising-throw,none,src/openms/include/OpenMS/FORMAT/AbsoluteQuantitationMethodFile.h,AbsoluteQuantitationMethodFile::parseLine_ (via load),"Numeric parsing uses std::stod/std::stoi, so a non-empty garbage cell throws std::invalid_argument, not the documented Exception::ParseError",Wrap conversions and rethrow as Exception::ParseError to honor the documented contract (matches OpenMS convention). ABI-safe (implementation-only).
FORM-80,B3,FORMAT,medium,param-order-or-bool,none,src/openms/include/OpenMS/FORMAT/MSstatsFile.h,MSstatsFile::storeLFQ,Bare bool 'is_isotope_label_type' is unreadable at call sites and is a boolean despite its noun-like name,"Prefer an enum {Light, Heavy} (additive overload to keep ABI) or rename to 'use_heavy_label'. The default-less bool wedged between string params is the swap hazard; an overload is ABI-safe, signature change is source-breaking."
FORM-81,B3,FORMAT,medium,asymmetric-api,breaking,src/openms/include/OpenMS/FORMAT/MRMFeaturePickerFile.h,MRMFeaturePickerFile (public CsvFile inheritance),"MRMFeaturePickerFile publicly inherits CsvFile (exposing load/store/addRow), inconsistent with sibling File adapters that inherit privately","Change to 'private CsvFile' for consistency and encapsulation. This is source-breaking for any code relying on the exposed CsvFile API, so flag as the ideal fix while acknowledging ABI/source impact; an additive doc note is the conservative interim step."
FORM-82,B3,FORMAT,medium,silent-failure,none,src/openms/include/OpenMS/FORMAT/SwathFile.h,SwathFile::loadSqMass,loadSqMass takes an exp_meta out-parameter but never writes to it,"Either populate exp_meta from the sqMass RUN/metadata (additive, source- and ABI-compatible — same signature) so behavior matches siblings, or, if metadata genuinely cannot be recovered, drop the parameter from the public signature (ABI-breaking) and document the absence. At minimum, set exp_meta to a non-null empty ExperimentalSettings so callers do not dereference null."
FORM-84,B3,FORMAT,medium,misleading-name,source-compatible,src/openms/include/OpenMS/FORMAT/SqMassFile.h,SqMassFile::SqMassConfig::write_full_meta,Config field named/documented 'write_full_meta' also changes load() (read) behavior,"Rename/clarify the field (e.g. document it as 'controls full-meta on both write and read') or, ABI-safely, split read vs. write semantics so load() ignores write_full_meta and always reads whatever the file provides. Doc-only fix is source/ABI-compatible; behavioral split is source-compatible."
FORM-86,B3,FORMAT,medium,surprising-default,none,src/openms/include/OpenMS/FORMAT/TransformationXMLFile.h,TransformationXMLFile::load,load() by default fits a model as a side effect of reading the file,"Keep the parameter (ABI) but strengthen the header doc to state that the default triggers a model fit, so the side effect is discoverable at the declaration. Optionally flip guidance toward fit_model=false for pure round-trip reads. Doc-only fix is source/ABI-compatible."
FORM-87,B3,FORMAT,medium,silent-failure,none,src/openms/include/OpenMS/FORMAT/OMSFile.h,OMSFile::load,load() appends/merges into the passed object instead of constructing/replacing it,"Document the append/merge semantics explicitly in the header (replace 'construct' with 'load into / append to'), or clear the target at the top of each load() for replace semantics. If round-trip-into-fresh-object is the only tested path, an additive doc fix is ABI-safe; clearing would change behavior for callers who currently rely on merge."
FORM-89,B3,FORMAT,medium,hidden-side-effect,none,src/openms/include/OpenMS/FORMAT/OSWFile.h,OSWFile::getRunID,"const getter opens a second connection in READWRITE_OR_CREATE mode, which can create a file","Pass SqlOpenMode::READ_ONLY explicitly in getRunID() (and other read-only helpers) so a missing file errors instead of being silently created. Implementation-only change, ABI-safe."
FORM-93,B3,FORMAT,medium,asymmetric-api,source-compatible,src/openms/include/OpenMS/FORMAT/ConsensusMapArrowIO.h,ConsensusMapArrowIO::importFeaturesFromArrow / importPSMsFromArrow,importFeaturesFromArrow APPENDS to the ConsensusMap instead of clearing it (unlike importFromParquet),"Either clear cmap at the top of importFeaturesFromArrow (and importPSMsFromArrow operates on the just-cleared map) to match importFromParquet, or document the append semantics explicitly in the header. Behavior change is source-compatible (no signature change); if append is intentional for chunked reads, at minimum amend the Doxygen to say 'appends to cmap'."
FORM-95,B3,FORMAT,medium,inconsistent-convention,source-compatible,src/openms/include/OpenMS/FORMAT/ProteinGroupArrowExport.h,ProteinGroupArrowExport::exportToArrow,Two overloads of exportToArrow return opposite things for the 'no groups' case (nullptr vs empty-non-null table),"Make the ConsensusMap overload also return an empty-but-valid table for the no-groups case (matching the ident overload), reserving nullptr for genuine build errors; or document the divergence prominently. Source-compatible (return type unchanged)."
FORM-96,B3,FORMAT,medium,silent-failure,none,src/openms/include/OpenMS/FORMAT/ParquetFile.h,ParquetFile::getInt64 / getDouble / getBool vs getString / getStringList,String value accessors silently return empty on null while the numeric accessors in the same family force the caller to opt into null handling,Document the divergence explicitly on getString/getStringList and/or add an allow_null/has-value variant for strings to bring the family in line. Additive overloads keep ABI.
FORM-98,B3,FORMAT,medium,hidden-side-effect,none,src/openms/include/OpenMS/FORMAT/ParamXMLFile.h,ParamXMLFile::load,load() merges into the existing Param instead of clearing it first,"Document explicitly in the header that load() merges into (does not reset) the passed Param, or add `param.clear();` at the start of load() to match the conventional clear-then-fill semantics. If changing behavior is too risky for ABI, at minimum fix the doc; ideally add an overload or a bool clear-first parameter (defaulted to preserve current behavior)."
FORM-99,B3,FORMAT,medium,contract-mismatch,none,src/openms/include/OpenMS/FORMAT/ParamJSONFile.h,ParamJSONFile::load,"load() documented to return false on an unknown parameter, but actually throws ParseError (the false path is dead)","Reconcile the contract: either return false (no throw) on an unknown parameter as documented, or change the doc to state that an unknown parameter throws ParseError and that the function returns true on success / throws otherwise. Pure doc+impl-return fix; no signature change, so ABI-neutral."
FORM-103,B3,FORMAT,medium,surprising-undefined-behavior (crash before documented exception),none,src/openms/source/FORMAT/ParamJSONFile.cpp,ParamJSONFile::load,load() dereferences param.begin().getTrace().front() before any file/empty check — undefined behavior on an empty Param,"Guard against an empty trace (throw a clear InvalidValue/Precondition exception) and move the file-existence validation ahead of namespace derivation so the documented FileNotFound path is honored. Implementation-only fix, ABI-neutral."
FORM-105,B3,FORMAT,medium,surprising-default,source-compatible,src/openms/include/OpenMS/FORMAT/HDF5Connector.h,HDF5Connector::HDF5Connector,"Default constructor opens an existing HDF5 file READ-WRITE (must exist), not read-only","Additive/ABI-safe: add a third mode (e.g. an enum OpenMode{READ_ONLY, READ_WRITE, CREATE} parameter with a new overload, or a bool read_only) so callers can open existing files read-only. At minimum document loudly in the header that the default opens RDWR and requires write access. Do not silently change the existing default (would break write callers)."
FORM-112,B3,FORMAT,medium,silent-failure,none,src/openms/source/FORMAT/GNPSMGFFile.cpp,GNPSMGFFile::store,store() never checks the output stream and silently produces nothing on an unwritable path,"Add 'if (!output_file) throw Exception::UnableToCreateFile(...);' right after opening, matching MzQCFile. Additive, no signature change."
FORM-114,B3,FORMAT,medium,inconsistent-convention,none,src/openms/source/FORMAT/GNPSMetaValueFile.cpp,GNPSMetaValueFile::store,GNPS TSV writer does not verify the output stream opened (inconsistent with MzQCFile),"Add a '!outstr' check throwing Exception::UnableToCreateFile after opening, in both GNPS TSV/TXT writers, to match MzQCFile. Additive."
FORM-116,B3,FORMAT,medium,hidden-side-effect,source-compatible,src/openms/include/OpenMS/FORMAT/QcMLFile.h,QcMLFile::collectSetParameter,collectSetParameter appends to 'ret' without clearing and silently inserts empty map entries for unknown set/run names,"Clear 'ret' at entry to match sibling getters, and replace operator[] with find()/at() to avoid mutating the maps on lookup (then the method can be made const). Behavior-only fix; source/ABI compatible."
FORM-117,B3,FORMAT,medium,param-order-or-bool,source-compatible,src/openms/include/OpenMS/FORMAT/MzQCFile.h,MzQCFile::store,"store() leads with two adjacent same-typed path strings (input_file, output_file) that are trivially swappable, and the class doc promises load+store but only store exists",Cannot reorder without breaking ABI; at minimum fix the brief to say 'store' only (or add a load()). Consider a future typed wrapper for in/out paths. Doc fix is non-breaking.
FORM-118,B3,FORMAT,medium,ownership-lifetime,none,src/openms/include/OpenMS/FORMAT/UnimodXMLFile.h,UnimodXMLFile::load,load()'s 'modifications' is documented '@param[in]' but is the OUTPUT and yields caller-owned raw pointers,"Change the doc to '@param[out]' and document ownership (caller must delete, or prefer unique_ptr in a new overload). Doc-only fix is non-breaking; switching to smart pointers would be source-breaking and should be additive."
FORM-119,B3,FORMAT,medium,hidden-side-effect,none,src/openms/include/OpenMS/FORMAT/DATAACCESS/MSDataSqlConsumer.h,MSDataSqlConsumer::consumeSpectrum / consumeChromatogram,consumeSpectrum/consumeChromatogram silently wipe the caller's spectrum/chromatogram data (undocumented),"Document the mutation in the header (mirror MSDataCachedConsumer's `@note May delete data...`), e.g. add `@param[in,out] s ... @note Clears the data arrays of the passed spectrum after buffering`. Pure doc fix; ABI-neutral. Ideal (breaking) fix would be to operate on a copy like MSDataWritingConsumer, but that changes observable behavior."
FORM-123,B3,FORMAT,medium,misleading-name,none,src/openms/include/OpenMS/FORMAT/DATAACCESS/SiriusFragmentAnnotation.h,SiriusFragmentAnnotation::extractAnnotationsFromSiriusFile,Doc-comment describes the `decoy` flag's true/false branches exactly backwards from what the code does,"Fix the doc-comment to match behavior: decoy=true -> ./decoys/ (PASSATUTTO decoys), decoy=false -> ./spectra/ (targets). Documentation-only change; no ABI impact."
FORM-128,B3,FORMAT,medium,surprising-default,source-compatible,src/openms/include/OpenMS/FORMAT/DATAACCESS/MSChromatogramParquetConsumer.h,MSChromatogramParquetConsumer (class),Chromatogram data is always written lossy (MSNumpress); there is no lossless option exposed,"Either expose a compression-mode constructor argument (additive, ABI-safe via new overload) or document that output is always lossy MSNumpress and the schemes 0/1 are not produced by this writer. Prefer documenting now; additive overload is the ideal fix."
FORM-130,B3,FORMAT,medium,param-order-or-bool,source-compatible,src/openms/include/OpenMS/FORMAT/DATAACCESS/MobilogramParquetConsumer.h,MobilogramParquetConsumer::consumeMobilogram,"Six defaulted, mostly same-typed (Int64/string) parameters are easily transposed at the call site",Consider an options/struct parameter (e.g. MobilogramRecordInfo) to make call sites self-documenting; additive overload keeps ABI. At minimum the existing per-param docs help. Mark as source-compatible if an overload is added.
FORM-133,B3,FORMAT,medium,silent-failure,none,src/openms/include/OpenMS/FORMAT/HANDLERS/XMLHandler.h,XMLHandler::cvParamToValue,cvParamToValue signals conversion/lookup failure only via a sentinel DataValue::EMPTY,"Keep the EMPTY-sentinel for ABI stability but make the contract explicit in the docs that callers MUST test the result against DataValue::EMPTY, and consider an additive overload that takes a `bool& ok` out-param or throws on hard conversion errors. Documenting/adding overload is source-compatible."
FORM-134,B3,FORMAT,medium,silent-failure,none,src/openms/include/OpenMS/FORMAT/HANDLERS/XMLHandler.h,XMLHandler::asInt_ / asUInt_ / asDouble_ / asFloat_ / asBool_,as*_ conversion helpers swallow ConversionError and return 0/false on bad input,"These are protected helpers, but they participate in load correctness. Document that they return a default on failure and rely on error() routing; for stricter formats prefer the attributeAs*_ paths (which fatalError on missing). If behavior change is acceptable, route through fatalError for required numeric fields. Doc clarification is non-breaking; behavior change is source-compatible at most."
FORM-135,B3,FORMAT,medium,return-value,source-compatible,src/openms/include/OpenMS/FORMAT/HANDLERS/XMLHandler.h,XMLHandler::optionalAttributeAsString_,Two optionalAttributeAsString_ overloads disagree on what the bool return means,"Make both overloads consistent (return `val != nullptr`, i.e. presence only, matching the documented contract) and treat empty-value handling separately. Changing the XMLCh* overload to return presence is source-compatible (same signature); callers relying on the empty-string distinction should be audited."
FORM-138,B3,FORMAT,medium,silent-failure,none,src/openms/include/OpenMS/FORMAT/HANDLERS/XMLHandler.h,XMLHandler::warning,warning() is silently downgraded to DEBUG-level logging in release builds,Document on the header declaration that warning() is suppressed to DEBUG in release builds so callers do not assume their warnings are user-visible; or gate the suppression behind an option rather than build type. Doc/behavioral; non-breaking to document.
FORM-139,B3,FORMAT,medium,hidden-side-effect,breaking,src/openms/include/OpenMS/FORMAT/HANDLERS/AcqusHandler.h,AcqusHandler::getParam,getParam() is the only non-const accessor and silently inserts an empty entry for unknown keys,"Change the body to use params_.find()/at() and mark the method const (ABI-breaking signature change because const-qualification mangles into the symbol). If ABI must be preserved, at minimum switch the lookup to find() to stop the silent insertion (source-compatible, fixes the const-correctness violation in spirit) and document that unknown keys return """"."
FORM-140,B3,FORMAT,medium,pass-by-value-vs-const-ref / overload-naming,breaking,src/openms/include/OpenMS/FORMAT/HANDLERS/CachedMzMLHandler.h,CachedMzMLHandler::writeMetadata,writeMetadata() takes the (large) MSExperiment BY VALUE while its sibling writeMetadata_x() takes it by const-ref,"Keep the by-value overload for ABI but document the copy cost; recommend writeMetadata_x for hot paths and consider eventually deprecating the by-value overload. A true fix (take const& and build the stripped copy internally) changes the signature/mangling and is ABI-breaking, so do it additively or at a major version."
FORM-141,B3,FORMAT,medium,misleading-diagnostic,none,src/openms/include/OpenMS/FORMAT/HANDLERS/MzMLSqliteHandler.h,MzMLSqliteHandler::readSpectra,"readSpectra/readChromatograms APPEND to the output vector and then throw if it was non-empty, instead of clearing it","Clear the output vector at the start of readSpectra/readChromatograms (and have prepareSpectra_/prepareChroms_ not assume an empty input), or document that the vector must be empty on entry. Adding exp.clear() is source-compatible and ABI-safe; it only changes behavior for the already-broken reuse case."
FORM-146,B3,FORMAT,medium,inconsistent-convention,none,src/openms/source/FORMAT/OPTIONS/PeakFileOptions.cpp,PeakFileOptions::setRTRange,setRTRange flips has_rt_range_ on emptiness; sibling range setters always set true,"Pick one convention across all four setters. The least-surprising, ABI-safe fix is to make setMZRange/setIntensityRange/setPrecursorMZRange match setRTRange's empty-check (so an empty range never registers as a filter) OR make setRTRange unconditional like the others; either is a source/binary-compatible body-only change. Document the chosen semantics on all four setters."
FORM-147,B3,FORMAT,medium,silent-failure,none,src/openms/source/FORMAT/VALIDATORS/XMLValidator.cpp,XMLValidator::isValid,isValid swallows all parse exceptions and can return true on a parse that never completed; leaks parser on throw,"Move `delete(parser)` out of the try (or use unique_ptr) so it is not leaked on throw, and on catch either set valid_=false or rethrow as ParseError so a failed parse cannot masquerade as a valid file. Body-only change; ABI-safe."
ANID-2,B4a,ANALYSIS,medium,return-value,source-compatible,src/openms/include/OpenMS/ANALYSIS/ID/ConsensusIDAlgorithmSimilarity.h,ConsensusIDAlgorithmSimilarity::getSimilarity_,"Documented [0,1] similarity contract is not enforced; PEPMatrix can exceed 1","Either clamp the result to [0,1] in PEPMatrix (and document that getSimilarity_ implementers must return [0,1]) or relax the base-class doc to say 'a non-negative similarity, normally in [0,1]'. Clamping is source-compatible."
ANID-5,B4a,ANALYSIS,medium,inconsistent-convention,none,src/openms/include/OpenMS/ANALYSIS/ID/PeptideProteinResolution.h,PeptideProteinResolution::resolve,"resolve() treats LOWER protein-group probability as best, while resolveConnectedComponent()/buildGraph() treat HIGHER as best","Document the score-space/orientation explicitly in the header for BOTH methods (e.g. '@note resolve() interprets group probability as a q-value/PEP where lower is better; resolveConnectedComponent() interprets it as a posterior where higher is better'), and ideally make them consistent. If they intentionally operate in different score spaces, the parameter/doc must state it. Additive fix (doc + maybe a clarifying enum) keeps ABI; unifying the comparison would be source-compatible behavior change."
ANID-6,B4a,ANALYSIS,medium,surprising-throw,none,src/openms/include/OpenMS/ANALYSIS/ID/PeptideProteinResolution.h,PeptideProteinResolution::run,run() unconditionally dereferences inferred_protein_id[0]; crashes/UB on empty vector,Add an empty-check throwing Exception::InvalidValue/Precondition at the top of run() (source-compatible) and document '@note inferred_protein_id must contain at least one run (index 0 is used)'. ABI-neutral.
ANID-9,B4a,ANALYSIS,medium,misleading-name,source-compatible,src/openms/include/OpenMS/ANALYSIS/ID/IDBoostGraph.h,IDBoostGraph::getComponent,getComponent(0) silently returns the whole un-split graph instead of component 0,"Make the precondition explicit: either throw if ccs_ is empty (mirroring applyFunctorOnCCs), or document that index 0 aliases the unsplit graph. Additive fix: add an assertion/throw when num_vertices(g)!=0 advising the caller to call computeConnectedComponents() first. ABI-safe."
ANID-16,B4a,ANALYSIS,medium,param-order-or-bool,none,src/openms/include/OpenMS/ANALYSIS/ID/BayesianProteinInferenceAlgorithm.h,BayesianProteinInferenceAlgorithm::inferPosteriorProbabilities,greedy_group_resolution is a bare positional bool that the maintainer notes should be a Param,"Move greedy_group_resolution into the Param defaults_ (matching BasicProteinInferenceAlgorithm's `greedy_group_resolution` key) for convention consistency; if ABI must hold, keep the overload but document that true *mutates/removes* peptide-protein associations in the input data. Param migration is source-breaking for the signature; doc fix is ABI-safe."
ANID-17,B4a,ANALYSIS,medium,surprising-default,none,src/openms/include/OpenMS/ANALYSIS/ID/IDBoostGraph.h,IDBoostGraph::resolveGraphPeptideCentric,resolveGraphPeptideCentric defaults to destructively editing the underlying ID data structures,"Keep the default for backward compatibility but make the data-mutating effect prominent in the one-line brief (currently only in the @param). If a future ABI break is acceptable, consider defaulting to graph-only. Doc fix is ABI-safe."
ANID-18,B4a,ANALYSIS,medium,misleading-name,none,src/openms/include/OpenMS/ANALYSIS/ID/FalseDiscoveryRate.h,"FalseDiscoveryRate::apply(PeptideIdentificationList&, bool)","const apply() rewrites every score, replaces score type, truncates hits, and re-sorts the input in place","Document loudly in the header that this mutates scores, score type, ordering AND drops non-best hits unless use_all_hits is set; ideally rename to annotateFDR/applyInPlace. Additive-safe fix: expand the Doxygen @param[in,out] note to mention hit truncation and re-sort. abi-neutral."
ANID-19,B4a,ANALYSIS,medium,silent-failure,none,src/openms/include/OpenMS/ANALYSIS/ID/FalseDiscoveryRate.h,"FalseDiscoveryRate::apply(PeptideIdentificationList&, PeptideIdentificationList&)",Two-run apply() silently returns doing nothing if either run is empty,Emit a warning (matching the single-run overload) or throw on empty input. Source-compatible behavior change.
ANID-21,B4a,ANALYSIS,medium,return-value,source-compatible,src/openms/include/OpenMS/ANALYSIS/ID/IDScoreSwitcherAlgorithm.h,"IDScoreSwitcherAlgorithm::determineScoreNameOrientationAndType(const ConsensusMap&, ...)",Unassigned-peptide fallback inspects only the first unassigned ID due to an unconditional return inside the loop,"Remove the stray trailing `return;` so the loop continues scanning unassigned IDs, matching the assigned-ID loop. Source-compatible bugfix; header-inline."
ANID-22,B4a,ANALYSIS,medium,silent-failure,none,src/openms/include/OpenMS/ANALYSIS/ID/IDScoreSwitcherAlgorithm.h,"IDScoreSwitcherAlgorithm::switchScores(ConsensusMap&, ...) / switchScores(PeptideIdentificationList&, ...)","Early-return 'already correct' check only inspects the first feature/first ID, so heterogeneous maps get partially switched or skipped","Document the single-ID assumption explicitly in the header (the determine* methods already carry such @note; switchScores does not), or scan all IDs. Doc-only is abi-neutral."
ANID-23,B4a,ANALYSIS,medium,misleading-name,none,src/openms/include/OpenMS/ANALYSIS/ID/IDDecoyProbability.h,IDDecoyProbability::apply(PeptideIdentificationList&),Single-arg apply() rewrites the in/out IDs in place but is undocumented and visually mirrors the out/in/in 3-arg overload,"Add a Doxygen @param[in,out] note to the single-arg overload describing that scores are replaced in place. Doc-only, abi-neutral."
ANID-25,B4a,ANALYSIS,medium,param-order-or-bool,source-compatible,src/openms/include/OpenMS/ANALYSIS/ID/FalseDiscoveryRate.h,"FalseDiscoveryRate::applyBasic(PeptideIdentificationList&, bool, int, std::string, bool)",applyBasic requires the caller to pass higher_score_better explicitly even though every other path reads it from the IDs,"Add an overload (or default-derive) that reads orientation from ids[0].isHigherScoreBetter(); keep the existing signature for ABI. Additive, source-compatible."
ANID-26,B4a,ANALYSIS,medium,unit-or-index,none,src/openms/include/OpenMS/ANALYSIS/ID/PrecursorPurity.h,PrecursorPurity::computePrecursorPurity,precursor_mass_tolerance is silently doubled internally,"Document the 2x factor in the header (and the rationale, presumably +/- around center), or drop the *2 and have callers pass the full window. ABI-safe: doc-only change is non-breaking; changing the numeric behavior is source-compatible but alters results, so prefer documenting first."
ANID-27,B4a,ANALYSIS,medium,silent-failure,source-compatible,src/openms/include/OpenMS/ANALYSIS/ID/PrecursorPurity.h,PrecursorPurity::computeSingleScanPrecursorPurities,Empty precursor spectrum silently yields perfect purity 1.0 instead of failing,"Return a sentinel/NaN or 0.0 for empty precursor spectra, or document that an empty precursor scan yields 1.0. ABI-safe doc change; a value change is source-compatible but alters downstream filtering."
ANID-28,B4a,ANALYSIS,medium,silent-failure,none,src/openms/include/OpenMS/ANALYSIS/ID/PrecursorPurity.h,PrecursorPurity::computePrecursorPurities,"Whole-run result discarded (empty map) on any malformed spectrum, not just zeroed for that spectrum","Document the empty-map abort conditions in the header, or signal failure via exception/return flag instead of an empty map a caller may mistake for 'no MS2 spectra'. ABI-safe doc change."
ANID-30,B4a,ANALYSIS,medium,silent-failure,none,src/openms/include/OpenMS/ANALYSIS/ID/PrecursorPurity.h,PrecursorPurity::computePrecursorPurities,Only the first precursor of each MS2 spectrum is scored; additional precursors silently ignored,"Document that only the first precursor is considered, or aggregate over all precursors. ABI-safe doc change."
ANID-35,B4a,ANALYSIS,medium,hidden-side-effect,source-compatible,src/openms/include/OpenMS/ANALYSIS/ID/NeighborSeq.h,NeighborSeq::isNeighborPeptide,`is...` predicate is a non-const mutator: it increments internal per-peptide neighbor counters on every call,Rename to something verb-like that signals the side effect (e.g. countNeighborsFor()/registerCandidate()) or split into a const pure predicate plus an explicit stat-recording call. Additive: add a renamed alias and deprecate the old name; keep behavior. abi_impact source-compatible if you add an alias rather than rename in place.
ANID-37,B4a,ANALYSIS,medium,silent-failure,source-compatible,src/openms/include/OpenMS/ANALYSIS/ID/FragmentIndex.h,FragmentIndex::querySpectrum,"void query silently no-ops (logs only) on unbuilt index, wrong precursor count, or SNES+varmods misuse — caller cannot tell failure from 'no matches'","Return a status/bool from querySpectrum (additive overload) or throw Exception::IllegalArgument / Precondition for the genuine misuse cases (unbuilt index, SNES+varmods via wrong overload). At minimum document in the header that sms is left unchanged on these paths so callers must not treat empty as 'searched, found nothing'. Additive overload is source-compatible."
ANID-38,B4a,ANALYSIS,medium,asymmetric-api,none,src/openms/include/OpenMS/ANALYSIS/ID/FragmentIndex.h,FragmentIndex::querySpectrum,"`@param[out] sms` is actually accumulate/in-out: results are appended (operator+=), not assigned","Either clear sms at function entry (true out-param) or change the doc annotation to `@param[in,out]` and rename the doc to make accumulation explicit. Clearing is the least-surprising fix but is a behavior change for any code relying on accumulation; doc-only fix is non-breaking."
ANID-39,B4a,ANALYSIS,medium,const-correctness,breaking,src/openms/include/OpenMS/ANALYSIS/ID/FragmentIndex.h,FragmentIndex::query / FragmentIndex::querySpectrum,"Read-only query methods are non-const, forcing callers to hold a non-const index and breaking the documented 'read-only concurrent query' contract","Make query()/querySpectrum() const (mark any reused scratch like the thread_local byte table `mutable`). This is source-compatible for callers and removes the const-poisoning. abi_impact: changing const-ness mangles the symbol, so it is technically ABI-breaking; schedule for the next ABI bump."
ANID-42,B4a,ANALYSIS,medium,silent-failure,none,src/openms/include/OpenMS/ANALYSIS/ID/SimpleSearchEngineAlgorithm.h,SimpleSearchEngineAlgorithm::search (FDR:PSM param),Setting FDR:PSM but leaving decoys disabled silently skips FDR filtering and still returns EXECUTION_OK,"Return ExitCodes::ILLEGAL_PARAMETERS (config internally inconsistent — that enum value exists for exactly this) when FDR:PSM>0 and decoys are off, instead of a silent warn+OK. Additive use of an existing exit code; behavior change but caught at run start."
ANID-45,B4a,ANALYSIS,medium,silent-failure,source-compatible,src/openms/include/OpenMS/ANALYSIS/ID/HyperScore.h,HyperScore::compute,Returns 0.0 (a valid score) on empty/invalid input and prints to std::cout,"ABI-safe: replace std::cout with OPENMS_LOG_WARN/ERROR and document the 0.0 sentinel explicitly in the header. Ideal: throw Exception::InvalidValue (or Precondition) for the IonNames-missing / size-mismatch cases since those are programming errors, not 'no match'; that is source-compatible (adds throws) but behavior-breaking for callers relying on the sentinel."
ANID-46,B4a,ANALYSIS,medium,silent-failure,none,src/openms/include/OpenMS/ANALYSIS/ID/MorpheusScore.h,MorpheusScore::Result::err,err / err_ppm return magic sentinel 1e10 when there are no matches,"ABI-safe: document the 1e10 sentinel in the header field comments, or use std::numeric_limits<float>::quiet_NaN() / infinity() which a caller is more likely to detect. The matches==0 case is already detectable via the matches field, so callers should guard on it; note that explicitly."
ANID-50,B4a,ANALYSIS,medium,other,source-compatible,src/openms/include/OpenMS/ANALYSIS/ID/OpenSearchModificationAnalysis.h,OpenSearchModificationAnalysis::FuzzyDoubleComparator,Public map comparator is not a strict-weak-ordering (UB when used as std::map key),"ABI-safe: document the non-total-ordering hazard and the dependence on insertion order. Ideal fix (source-compatible): order by bucket index, i.e. compare std::llround(a/epsilon) < std::llround(b/epsilon), which is a true strict-weak-ordering with fuzzy bucketing. This preserves the public type but removes the UB."
ANID-56,B4a,ANALYSIS,medium,silent-failure,none,src/openms/include/OpenMS/ANALYSIS/ID/IonIdentityMolecularNetworking.h,IonIdentityMolecularNetworking::writeSupplementaryPairTable,writeSupplementaryPairTable returns silently (writes nothing) if annotateConsensusMap was not run first,Throw (e.g. Exception::Precondition/IllegalArgument) or log a clear error instead of returning silently when IIMN_ROW_ID is absent. Behavior change but signature unchanged — source/ABI compatible; gate behind no flag since the silent path is a misuse.
ANID-57,B4a,ANALYSIS,medium,unit-or-index,none,src/openms/include/OpenMS/ANALYSIS/ID/MetaboliteSpectralMatching.h,MetaboliteSpectralMatching::run / computeHyperScore,"Precursor 'mass' accessors actually hold m/z, and fragment tolerance unit string is 'Da' while the param/getters say mass — mass-vs-m/z is conflated","Document-only: clarify in the getters whether the stored value is neutral mass or precursor m/z (the pipeline indexes by m/z). If they truly hold m/z, rename in docs to '(m/z, Th)' or provide getObservedPrecursorMZ() aliases additively. No ABI impact for the doc fix."
ANID-60,B4a,ANALYSIS,medium,surprising-throw,none,src/openms/source/ANALYSIS/ID/FIAMSDataProcessor.cpp,FIAMSDataProcessor::mergeAlongTime,mergeAlongTime indexes with `mzs_.size() - 1` on an unsigned size; an empty band vector underflows and reads out of bounds,"Guard with `if (mzs_.size() < 2) return output;` or change the bound to `i + 1 < mzs_.size()`. Pure implementation fix, no ABI impact."
ANID-61,B4a,ANALYSIS,medium,return-value,breaking,src/openms/include/OpenMS/ANALYSIS/ID/FIAMSDataProcessor.h,FIAMSDataProcessor::run,"run() returns bool meaning 'spectrum came from cache', not success/failure as the verb and signature imply",Rename the documented meaning at call sites is impossible without ABI change; minimally the header should keep stressing this (it does). Ideal additive fix: provide `bool wasLoadedFromCache() const` state or rename to `runReturningCacheHit`/return an enum in a new overload. ABI: changing the return type is breaking; doc-only clarification is none.
ANID-62,B4a,ANALYSIS,medium,hidden-side-effect,none,src/openms/include/OpenMS/ANALYSIS/ID/FIAMSDataProcessor.h,FIAMSDataProcessor::run,run() always writes a *_signal_to_noise_*.mzML to disk regardless of the store_progress=false setting,"Move the signal_to_noise store inside the `store_progress` guard (or add a dedicated parameter). This is an implementation fix, no ABI impact. If existing pipelines rely on the SN file always being written, gate it on a new param defaulting to the current behavior."
ANID-73,B4a,ANALYSIS,medium,missing-precondition,source-compatible,src/openms/include/OpenMS/ANALYSIS/XLMS/OPXLHelper.h,OPXLHelper::PeptideIDScoreComparator,"Comparator silently treats empty-hit PeptideIdentifications as never-less, breaking strict-weak-ordering","Document the precondition that all PeptideIdentifications must have at least one hit before this comparator is used in a sort, or define a total order that pushes empty-hit IDs consistently to one end. Doc-only fix is non-breaking; behavior change is source-compatible."
ANSW-4,B4b,ANALYSIS,medium,surprising-default,none,src/openms/include/OpenMS/ANALYSIS/OPENSWATH/SwathQC.h,SwathQC::setNrMS1Spectra,"setNrMS1Spectra(0) means 'inspect ALL spectra', not 'expect zero spectra'","Behavior is load-bearing (used by the static getChargeDistribution path), so keep it but make the sentinel explicit: document the 0 meaning in the @brief and ideally add a named helper like sampleAllSpectra() that forwards to setNrMS1Spectra(0). Source-compatible/additive."
ANSW-7,B4b,ANALYSIS,medium,param-order-or-bool,breaking,src/openms/include/OpenMS/ANALYSIS/OPENSWATH/MasstraceCorrelator.h,MasstraceCorrelator::matchMassTraces_,Boolean flag 'padEnds' is declared as 'double' with default 'true',"Change the type to 'bool padEnds = true'. This is a protected method, so the blast radius is internal; still ABI-breaking for the mangled signature. If strict ABI must be preserved on this protected symbol, at minimum fix the type in a coordinated change. Prefer the bool fix."
ANSW-8,B4b,ANALYSIS,medium,silent-failure,none,src/openms/include/OpenMS/ANALYSIS/OPENSWATH/MasstraceCorrelator.h,MasstraceCorrelator::scoreHullpoints,'max_lag' parameter is silently ignored,"Either honor max_lag inside the function (bound the xcorr lag search), or remove the parameter. Since removal is ABI-breaking for a public method, the low-risk fix is to keep documenting it as unused but consider deprecating; ideal fix is to actually use it or drop it."
ANSW-9,B4b,ANALYSIS,medium,ownership-lifetime,none,src/openms/include/OpenMS/ANALYSIS/OPENSWATH/SpectrumAddition.h,SpectrumAddition::addUpSpectra,"Single-element input is returned as an alias to the caller's spectrum, not a fresh summed spectrum","For the size()==1 case, deep-copy into a new Spectrum (and honor sampling_rate / filter_zeros) before returning, so the result is always independently owned and consistently processed. Source-only change; no ABI impact."
ANSW-10,B4b,ANALYSIS,medium,dead-code-unhandled-edge-case,none,src/openms/include/OpenMS/ANALYSIS/QUANTITATION/ConfidenceScoring.h,ConfidenceScoring::scoreMap / getAssayRT_,Missing-RT assays throw instead of being skipped; the -1.0 'missing value' guard in scoreMap is dead,"Make getAssayRT_ actually return the documented missing sentinel: 'if (!assay.hasRetentionTime()) return -1.0;' before reading the RT, matching the guard in scoreMap(). Source-only; both are non-public/inline so no external ABI impact."
ANSW-13,B4b,ANALYSIS,medium,silent-failure,source-compatible,src/openms/include/OpenMS/ANALYSIS/OPENSWATH/MRMFeatureFilter.h,MRMFeatureFilter::calculateIonRatio,"calculateIonRatio returns a non-ratio (numerator alone, or 0.0) instead of signaling a missing denominator","Document and ideally return std::numeric_limits<double>::quiet_NaN() (or throw) when the denominator value is missing, instead of returning the numerator or 0.0. Callers (e.g. FilterFeatureMap line 164) compare the result against ion_ratio_l/ion_ratio_u bounds; a silent 0.0 or numerator-only value can pass/fail QC incorrectly. ABI: changing the return value on the missing-data path is source-compatible (signature unchanged) but a behavioral change, so guard behind a documented note or a new overload if strict back-compat is needed."
ANSW-16,B4b,ANALYSIS,medium,inconsistent-convention,none,src/openms/include/OpenMS/ANALYSIS/OPENSWATH/MRMFeatureFinderScoring.h,MRMFeatureFinderScoring::prepareProteinPeptideMaps_,Public API method carries a trailing-underscore (private) name and must be called by external users,"Add a public, non-underscored alias (e.g. prepareProteinPeptideMaps) that forwards to the existing one, and document the underscored form as deprecated. Purely additive, ABI-safe. Renaming outright would break callers."
ANSW-17,B4b,ANALYSIS,medium,documentation-mismatch,none,src/openms/include/OpenMS/ANALYSIS/OPENSWATH/ChromatogramExtractor.h,ChromatogramExtractor::extractChromatograms,"""bartlett"" filter is advertised and accepted but throws NotImplemented at extraction time","Source-compatible fix: update the ChromatogramExtractor.h class doc and the two @param descriptions to state tophat is the only implemented filter (matching ChromatogramExtractorAlgorithm.h), and make getFilterNr_ reject ""bartlett"" with a clear ""not implemented"" message at validation time so failure is immediate and explicit rather than mid-extraction. No ABI change."
ANSW-18,B4b,ANALYSIS,medium,surprising-default,source-compatible,src/openms/include/OpenMS/ANALYSIS/OPENSWATH/ChromatogramExtractorAlgorithm.h,ChromatogramExtractorAlgorithm::ExtractionCoordinates::ion_mobility,"Default ion_mobility = 0.0 is treated as a real IM extraction target, not ""no IM""","Source-compatible: change the in-class default to a negative sentinel (e.g. `double ion_mobility = -1.0;`) so the documented/used 'IM off' sentinel matches the default, and document that negative means 'no IM'. Changing only the default initializer is source-compatible (no signature change); review call sites that explicitly set 0.0 expecting IM-at-zero. Lowest-risk alternative: document the sentinel convention prominently on the member."
ANSW-21,B4b,ANALYSIS,medium,surprising-throw,none,src/openms/source/ANALYSIS/OPENSWATH/OpenSwathGeneInference.cpp,OpenSwathGeneInference::infer / OpenSwathPeptideInference::infer / OpenSwathProteinInference::infer,"The level-specific wrappers throw if config.level does not match the class, instead of inferring at the class's level","Make the wrappers authoritative: copy config and force cfg.level to the class level before delegating (additive, source-compatible behavior change that removes a surprising throw), or document prominently that config.level is a required, redundant precondition. Forcing the level is the least-surprising fix and is ABI-safe."
ANSW-22,B4b,ANALYSIS,medium,silent-failure,none,src/openms/source/ANALYSIS/OPENSWATH/LevelContextInference.cpp,LevelContextInference::infer (non-finite score handling),Rows with non-finite score silently get NaN p/q/PEP while an all-NaN distribution throws,"Document the NaN-on-non-finite-score behavior in the header @return text so callers know to check std::isfinite on returned q-values. Doc-only, ABI-safe."
ANSW-24,B4b,ANALYSIS,medium,hidden-side-effect,none,src/openms/include/OpenMS/ANALYSIS/OPENSWATH/DATAACCESS/SpectrumAccessQuadMZTransforming.h,SpectrumAccessQuadMZTransforming::getSpectrumById,"getSpectrumById mutates the m/z values of the spectrum buffer in place, corrupting cached spectra of an in-memory backing store","Deep-copy the m/z array before transforming (allocate a fresh BinaryDataArray, copy then transform), so the call is idempotent and side-effect-free regardless of backing store. This is an internal .cpp fix with no ABI change."
ANSW-28,B4b,ANALYSIS,medium,surprising-throw,source-compatible,src/openms/include/OpenMS/ANALYSIS/OPENSWATH/DATAACCESS/MRMFeatureAccessOpenMS.h,MRMFeatureOpenMS::getMetaValue,getMetaValue returns double and throws ConversionError for non-numeric meta values,"Document that name must reference a numeric meta value and that a missing/non-numeric value throws. Note this method is an override of IMRMFeature::getMetaValue but the header omits the `override` keyword (line 104), which masks the interface contract; add `override`. The `override` add is source-compatible and ABI-neutral."
ANSW-30,B4b,ANALYSIS,medium,silent-failure,none,src/openms/source/ANALYSIS/MRM/ReactionMonitoringTransition.cpp,ReactionMonitoringTransition::getPrediction,getPrediction() guards against the wrong member (checks hasPrecursorCVTerms instead of hasPrediction); dereferences a null prediction_ in release,"Change the precondition predicate to hasPrediction() (one-token fix). ABI-neutral, source-compatible. Optionally throw a real Exception instead of a precondition so a missing Prediction signals in release builds too."
ANSW-31,B4b,ANALYSIS,medium,silent-failure,none,src/openms/source/ANALYSIS/TARGETED/TargetedExperiment.cpp,TargetedExperiment::getProteinByRef,getProteinByRef/getPeptideByRef/getCompoundByRef silently insert and dereference a null pointer for an unknown ref in release builds,"Use find() and throw Exception::ElementNotFound (or return after checking contains()) on a missing ref instead of operator[]; mark the cache map members truly const-lookup-safe. Additive/behavioral fix, ABI-neutral (no signature change)."
ANSW-32,B4b,ANALYSIS,medium,hidden-side-effect,source-compatible,src/openms/include/OpenMS/ANALYSIS/TARGETED/TargetedExperiment.h,TargetedExperiment::hasProtein / hasPeptide / hasCompound / getProteinByRef,const 'has*'/'get*ByRef' lookups lazily rebuild and mutate internal reference maps (non-thread-safe surprise on a const object),Document the lazy-cache side effect on these const accessors; for thread safety guard the rebuild with a mutex or build the maps eagerly in the setters/adders. ABI-neutral if implemented internally.
ANSW-35,B4b,ANALYSIS,medium,release-only-precondition-nullptr-deref,none,src/openms/include/OpenMS/ANALYSIS/MRM/ReactionMonitoringTransition.h,ReactionMonitoringTransition::getPrecursorCVTermList / getProductMZ accessors family,getPrecursorCVTermList() dereferences a possibly-null precursor_cv_terms_ guarded only by a precondition that is a no-op in release builds,"For these pointer-backed getters, throw a real Exception (e.g. Exception::InvalidValue / Precondition) when the backing object is absent so release builds fail loudly instead of corrupting memory. Behavioral hardening, ABI-neutral."
ANSW-36,B4b,ANALYSIS,medium,silent-failure,none,src/openms/include/OpenMS/ANALYSIS/TARGETED/TargetedExperiment.h,TargetedExperiment::operator+= / operator+,"operator+= concatenates proteins/peptides/transitions without de-duplicating refs, producing a merged experiment that can fail containsInvalidReferences() (duplicate ids)","Document that operator+/+= performs naive concatenation and does NOT deduplicate (caller must ensure disjoint ids), or add an opt-in de-duplicating merge. Doc fix is ABI-neutral; behavioral merge change should be additive (new method)."
ANSW-39,B4b,ANALYSIS,medium,misleading-name,none,src/openms/include/OpenMS/ANALYSIS/TARGETED/MetaboTargetedTargetDecoy.h,MetaboTargetedTargetDecoy::generateMissingDecoysByMassShift,mass_to_add documented as 'maximum number of transitions per assay' but is a Da mass shift,Fix the Doxygen for mass_to_add to 'mass (Da) added to target product m/z to form the shifted decoy fragment (e.g. CH2 = 14.0157)'. Documentation-only; no ABI impact.
ANSW-43,B4b,ANALYSIS,medium,silent-failure,none,src/openms/include/OpenMS/ANALYSIS/OPENSWATH/MRMFeatureFilter.h,MRMFeatureFilter::checkMetaValue,"checkMetaValue returns true (""in range"") when the metaValue is absent","Document in @return that an absent key returns true and that callers must consult key_exists; or (behavior change, flag honestly) return false when key_exists is false. Doc fix is source/ABI-safe; behavior change is breaking for current callers that rely on pass-through."
ANSW-48,B4b,ANALYSIS,medium,silent-failure,none,src/openms/include/OpenMS/ANALYSIS/TARGETED/TargetedExperimentHelper.h,TargetedExperimentHelper::PeptideCompound::getChargeState / TraMLProduct::getChargeState,"getChargeState() silently returns 0 when charge was never set (release builds), so '0' is ambiguous between 'unset' and a genuine value","Document in the header that the return value is meaningless unless hasCharge() is true (it partly does for the analyte). For a stronger fix, throw in release when charge_set_ is false; that is a behavior change but ABI-safe (inline body). Keep hasCharge() as the documented guard."
ANSW-50,B4b,ANALYSIS,medium,hidden-side-effect,none,src/openms/source/ANALYSIS/TARGETED/TargetedExperiment.cpp,TargetedExperiment::hasProtein / hasPeptide / hasCompound / getProteinByRef (const),"const lookup methods lazily build and mutate internal reference maps (rebuilt wholesale on any add*, never invalidated on direct vector mutation)","Document that const lookups are not thread-safe due to lazy cache init, or build the map eagerly / guard with a mutex. ABI-safe (internal). At minimum add a header note next to has*/get*ByRef."
ANSW-51,B4b,ANALYSIS,medium,silent-failure,none,src/openms/source/ANALYSIS/TARGETED/TargetedExperiment.cpp,TargetedExperiment::operator+= / operator+,"operator+= concatenates all lists without de-duplicating ids, so merging can silently create duplicate (invalid) protein/peptide/transition references","Document that '+' is a concatenation (multiset union), not a de-duplicating merge, and that the result may contain duplicate ids; point callers to containsInvalidReferences(). ABI-safe doc fix. A de-duplicating merge would be a behavior change and should be opt-in."
ANSW-52,B4b,ANALYSIS,medium,silent-failure,source-compatible,src/openms/include/OpenMS/ANALYSIS/MRM/ReactionMonitoringTransition.h,ReactionMonitoringTransition::getProductMZ / setProductMZ,Product m/z (and precursor m/z) default to a silent sentinel (0.0) that getProductMZ()/getPrecursorMZ() returns with no 'isSet' indicator,Document the 0.0 sentinel on getPrecursorMZ()/getProductMZ() and note the divergent sentinel (0.0 vs DBL_MAX) versus IncludeExcludeTarget. Optionally add additive hasPrecursorMZ()/hasProductMZ() helpers. ABI-safe.
ANSW-53,B4b,ANALYSIS,medium,misleading-name,breaking,src/openms/include/OpenMS/ANALYSIS/OPENSWATH/OpenSwathScores.h,OpenSwath_Scores::calculate_lda_prescore / calculate_swath_lda_prescore / calculate_lda_single_transition,LDA prescore member functions ignore *this and score only the argument,"Make these `static` (additive, source-compatible: existing `obj.calculate_lda_prescore(x)` calls still compile) so the receiver-independence is explicit at the call site, and/or rename the parameter to make clear it is the sole operand. Ideal fix: `static double calculate_lda_prescore(const OpenSwath_Scores& scores);`."
ANSW-54,B4b,ANALYSIS,medium,silent-failure,none,src/openms/source/ANALYSIS/OPENSWATH/MRMScoring.cpp,MRMScoring::calcXcorrCoelutionScore / calcXcorrShapeScore / calcMIScore (and siblings),Score functions return 0 (a 'perfect coelution' value) on degenerate matrices in release builds,"Either document that callers must guarantee >=2 transitions, or replace the assert-only guard with a real runtime throw (Exception) for these public-facing score entry points, mirroring what calcSNScore already half-does. At minimum return a clearly-degenerate sentinel (NaN) rather than the 'perfect' value 0."
ANSW-60,B4b,ANALYSIS,medium,return-value,none,src/openms/include/OpenMS/ANALYSIS/OPENSWATH/DIAScoring.h,DIAScoring::dia_ms1_massdiff_score,"On no-signal the ppm_score out-param is set to a plausible-looking finite ppm value, not a sentinel","Keep behavior but ensure all callers branch on the bool; consider [[nodiscard]] on the return to force callers to handle the false case (additive, source-compatible). Alternatively document more loudly that ppm_score on failure is a worst-case bound, not a measurement."
ANSW-61,B4b,ANALYSIS,medium,misleading-name,none,src/openms/include/OpenMS/ANALYSIS/OPENSWATH/MRMAssay.h,MRMAssay::detectingTransitions / restrictTransitions / uisTransitions (and *Light variants),Doxygen tags exp as @param[in] (input) but the methods overwrite it in place,"ABI-neutral: fix the Doxygen to '@param[in,out] exp ... modified in place; transition list is replaced' on all of detectingTransitions/restrictTransitions/uisTransitions/reannotateTransitions and their Light variants, matching the (already in-place) behavior. No signature change needed; this is a docs-only fix that removes the surprise."
ANSW-63,B4b,ANALYSIS,medium,silent-failure,none,src/openms/include/OpenMS/ANALYSIS/OPENSWATH/MRMDecoy.h,MRMDecoy::shufflePeptide / shufflePeptideLight,"Returns a decoy that may still exceed identity_threshold (or be identical to target) after max_attempts, with no signal",Additive (ABI-safe): keep the signature but document that the identity bound is best-effort and not guaranteed when max_attempts is exhausted. Optionally add an overload/out-param returning the achieved identity or a bool 'converged' so callers can detect failure. Do not silently change the existing return.
ANSW-64,B4b,ANALYSIS,medium,silent-failure,none,src/openms/include/OpenMS/ANALYSIS/OPENSWATH/MRMIonSeries.h,MRMIonSeries::annotateIon / getIon,"On no match returns sentinel (""unannotated"", -1.0) instead of signaling failure; -1 is a valid-looking m/z","ABI-neutral docs fix: document the sentinel return ('returns {""unannotated"", -1.0} if no ion is within mz_threshold; callers must check the string before using the m/z'). Longer term (source-compatible additive) consider an overload returning std::optional. Keep existing signature for ABI."
ANSW-65,B4b,ANALYSIS,medium,silent-failure,none,src/openms/include/OpenMS/ANALYSIS/OPENSWATH/MRMDecoy.h,MRMDecoy::AASequenceIdentity,Out-of-bounds read when the two sequences differ in length (length check is debug-only assert),"Document the equal-length precondition in the header, and/or replace the debug-only OPENMS_PRECONDITION with a hard check (throw IllegalArgument or clamp to min length) so release builds do not read OOB. The header signature is unchanged (ABI-safe)."
ANSW-70,B4b,ANALYSIS,medium,surprising-default,none,src/openms/include/OpenMS/ANALYSIS/OPENSWATH/OpenSwathOSWParquetWriter.h,OpenSwathOSWParquetWriter::write,write() to an existing .oswpq archive deletes prior runs by default despite docs promising append,"Document on write() that for archive outputs the default overwrites/replaces the archive, and that setPreserveExisting(true) is required for the append behavior the class doc describes; or flip the default to preserve+append for consistency with the documented directory behavior. ABI-safe doc change; the default flip is source-compatible but alters runtime semantics."
ANSW-71,B4b,ANALYSIS,medium,asymmetric-api,source-compatible,src/openms/include/OpenMS/ANALYSIS/OPENSWATH/OpenSwathOSWParquetReader.h,OpenSwathOSWParquetReader::fetchPeakGroupFeatures / fetchTransitionFeatures / fetchUnscoredData,fetch* methods ignore the path loaded by the constructor/load() and require the path to be re-supplied,"Add overloads (or default the argument to empty and fall back to oswpq_dir_ when empty) so fetch* honor the loaded path, matching the documented ergonomics. Additive zero-path overloads are source-compatible; otherwise a doc fix."
ANSW-72,B4b,ANALYSIS,medium,param-order-or-bool,none,src/openms/include/OpenMS/ANALYSIS/OPENSWATH/OpenSwathOSWWriter.h,OpenSwathOSWWriter::prepareRows / prepareRowsInto / prepareLine,pep and transition parameters are documented as inputs but are completely ignored,Either remove the dead parameters (source-breaking; provide deprecated forwarding overloads) or document them clearly as currently ignored / reserved. Minimal ABI-safe fix: header note that pep/transition are unused.
ANSW-75,B4b,ANALYSIS,medium,surprising-throw,none,src/openms/include/OpenMS/ANALYSIS/OPENSWATH/OpenSwathMatrixExporter.h,OpenSwathMatrixExporter::buildMatrix / writeMatrix,Matrix exporter throws on empty input while its sibling exporters explicitly allow empty exports,"Document in OpenSwathMatrixExporter.h that empty input throws (and why), making the inconsistency with the other exporters explicit; or align behavior to emit a header-only/empty matrix. Doc-only fix is ABI-safe."
ANSW-76,B4b,ANALYSIS,medium,hidden-side-effect,breaking,src/openms/include/OpenMS/ANALYSIS/OPENSWATH/TargetedSpectraExtractor.h,TargetedSpectraExtractor::targetedMatching,targetedMatching silently overrides the user-configured 'top_matches_to_report' parameter (and is non-const/non-reentrant because of it),"Refactor matchSpectrum to take an explicit 'max_matches' argument (defaulting to top_matches_to_report_) so targetedMatching can pass 1 locally without touching the member; then targetedMatching/untargetedMatching can be const. Additive, ABI-safe path: add a const overload of matchSpectrum(input, cmp, matches, n) and call it; keep the member untouched."
ANSW-78,B4b,ANALYSIS,medium,asymmetric-api,source-compatible,src/openms/include/OpenMS/ANALYSIS/OPENSWATH/OpenSwathHelper.h,OpenSwathHelper::selectSwathTransitions,selectSwathTransitions appends to its '@param[out]' output instead of clearing it first,"Clear the output experiment at function entry (transitions/peptides/proteins/compounds) to match the '@param[out]' contract and the rest of the module. If existing callers rely on accumulation this is a behavior change; the safe documented fix is to state '@param[in,out] ... appended to' in the header. Prefer clearing."
ANSW-79,B4b,ANALYSIS,medium,documentation-contract-gap,none,src/openms/include/OpenMS/ANALYSIS/OPENSWATH/OpenSwathHelper.h,OpenSwathHelper::sampleExperiment,"sampleExperiment silently drops all decoys and throws if fewer than 3 candidates remain, neither of which is documented","Document both behaviors in the header (@note decoys are excluded; @throws IllegalArgument if fewer than 3 non-decoy candidates). Doc-only change, ABI-neutral. Optionally expose decoy inclusion as a parameter."
ANSW-81,B4b,ANALYSIS,medium,asymmetric-api,none,src/openms/include/OpenMS/ANALYSIS/OPENSWATH/TransitionTSVFile.h,TransitionTSVFile::convertTSVToTargetedExperiment,convertTSVToTargetedExperiment (TargetedExperiment overload) appends transitions to a non-empty output but overwrites peptides/proteins/compounds,Clear targeted_exp at the start of convertTSVToTargetedExperiment (both overloads) to match the Parquet reader and the '@param[out]' contract. Behavioral change for any caller relying on accumulation; document explicitly either way. ABI-neutral.
ANAL-3,B4c,ANALYSIS,medium,silent-failure,none,src/openms/include/OpenMS/ANALYSIS/MAPMATCHING/FeatureGroupingAlgorithm.h,"FeatureGroupingAlgorithm::group(const std::vector<ConsensusMap>&, ConsensusMap&)",Default ConsensusMap group() silently lossily converts to FeatureMap instead of grouping consensus features,The header comment understates the loss. Document explicitly in the public doxygen that the fallback flattens consensus sub-features (lossy) rather than 'forwarding'. Behavior change (throwing) would be breaking; a doc clarification is source-compatible.
ANAL-4,B4c,ANALYSIS,medium,hidden-side-effect,source-compatible,src/openms/include/OpenMS/ANALYSIS/MAPMATCHING/FeatureDistance.h,FeatureDistance::operator(),Distance functor operator() mutates internal state (norm_factor) and is therefore not const / not thread-safe,"Compute the per-call ppm norm factor as a local variable passed into distance_() instead of writing it back into params_mz_; then mark operator() const. The local-variable refactor is source-compatible, but flipping the member function to const changes its mangled name (ABI-breaking), so for strict ABI either keep non-const and just remove the mutation, or add a new const overload."
ANAL-7,B4c,ANALYSIS,medium,inconsistent-convention,none,src/openms/source/ANALYSIS/MAPMATCHING/MapAlignmentTransformer.cpp,"MapAlignmentTransformer::transformRetentionTimes(PeakMap&, const TransformationDescription&, bool)","Chromatogram original-RT meta value uses lowercase key ""original_rt"" instead of the documented ""original_RT""","Standardize the chromatogram-level key to ""original_RT"" to match the documentation and the rest of the data structures (a scalar original_RT on the chromatogram, in addition to or instead of the per-point vector). Because external files may already contain the lowercase per-point key, the safe additive fix is to also write/read the documented ""original_RT"" key (or correct the docs to state chromatograms use a different convention). Source-compatible; only the persisted meta-value key name changes."
ANAL-8,B4c,ANALYSIS,medium,silent-failure,none,src/openms/source/ANALYSIS/MAPMATCHING/MapAlignmentEvaluationAlgorithmPrecision.cpp,MapAlignmentEvaluationAlgorithmPrecision::evaluate,"evaluate() divides by the ground-truth size with no guard, returning NaN/inf instead of signaling when no valid GT consensus features exist","Add an explicit guard before the division: if cons_map_gt.empty(), either throw Exception::InvalidParameter/MissingInformation, or document and set out to a defined sentinel. Purely additive (an early check), fully ABI-safe."
ANAL-11,B4c,ANALYSIS,medium,param-order-or-bool,none,src/openms/include/OpenMS/ANALYSIS/MAPMATCHING/MapAlignmentEvaluationAlgorithm.h,MapAlignmentEvaluationAlgorithm::evaluate / isSameHandle,"Three consecutive same-kind numeric tolerance params (rt_dev, mz_dev, int_dev) plus a trailing out-double are trivially swappable at call sites","Prefer returning the score as the function result (double evaluate(...)) and/or grouping tolerances into a small struct; at minimum keep the parameter names accurate (fix 'conensus_map_in'). Changing the signature is source-breaking, so the pragmatic fix is documentation plus an additive overload returning the score; flagging the swappable-param hazard honestly."
ANAL-14,B4c,ANALYSIS,medium,misleading-name,source-compatible,src/openms/include/OpenMS/ANALYSIS/MAPMATCHING/TransformationModel.h,TransformationModel::checkDatumRange,checkDatumRange is named like a validator but silently truncates the value and is non-const,ABI-risky to rename. Document clearly that it CLAMPS (rename ideal: clampDatumToRange). Mark const (it uses no members) — that is source-compatible. Elevate the truncation log above INFO so silent clamping is visible.
ANAL-17,B4c,ANALYSIS,medium,silent-failure,none,src/openms/include/OpenMS/ANALYSIS/MAPMATCHING/ConsensusMapNormalizerAlgorithmThreshold.h,ConsensusMapNormalizerAlgorithmThreshold::computeCorrelation,Silently returns all-1.0 'no normalization' vector when any single map has no surviving ratios,Document the sentinel prominently (partially done via @warning) and consider an additive overload returning a success flag or an std::optional/bool out-param so callers can detect the 'unnormalized' fallback. Header doc-only change is ABI-safe; the new overload is additive.
ANAL-18,B4c,ANALYSIS,medium,ambiguous-return-value,none,src/openms/include/OpenMS/ANALYSIS/MAPMATCHING/ConsensusMapNormalizerAlgorithmMedian.h,ConsensusMapNormalizerAlgorithmMedian::computeMedians,"Returns 0 as a failure sentinel that collides with a valid map index, and fills medians with all-1.0 on failure","Document the 0-with-all-1.0-medians fallback in the header @return, and prefer an additive overload that reports failure explicitly (bool return or out-status). Doc change is ABI-safe; new overload additive."
ANAL-21,B4c,ANALYSIS,medium,surprising-throw,none,src/openms/include/OpenMS/ANALYSIS/MAPMATCHING/ConsensusMapNormalizerAlgorithmQuantile.h,ConsensusMapNormalizerAlgorithmQuantile::resample,resample dereferences data_in.front()/back() with no empty-input guard; empty source + nonzero points is undefined behavior,Add a precondition guard (throw Exception::InvalidValue or early-return for empty data_in) and document it. Body-only fix; ABI-safe.
ANAL-22,B4c,ANALYSIS,medium,other,none,src/openms/include/OpenMS/ANALYSIS/MAPMATCHING/ConsensusMapNormalizerAlgorithmQuantile.h,ConsensusMapNormalizerAlgorithmQuantile::resample / extractIntensityVectors / setNormalizedIntensityValues,Internal pipeline helpers are exposed as public statics with stateful lock-step preconditions that are easy to violate,Document these as internal helpers (or move to a detail namespace in a future major version). Minimum: keep header warnings (already present) and avoid promoting them as general-purpose. ABI-safe doc-only now; relocation is breaking.
ANAL-24,B4c,ANALYSIS,medium,misleading-name,none,src/openms/include/OpenMS/ANALYSIS/QUANTITATION/IsobaricChannelExtractor.h,IsobaricChannelExtractor::extractSingleSpec,"channel_qc out-param doc mislabels both pair members (m/z delta vs m/z, peak count vs channel index)","Fix the Doxygen to say '.first = signed m/z delta (expected - observed), .second = peak count within the search window'. Additively, consider a named struct (like the existing ChannelQC) instead of std::pair<double,unsigned> so the member meanings are self-documenting; the std::pair signature change would be ABI-breaking, so only the doc fix is safe now."
ANAL-25,B4c,ANALYSIS,medium,hidden-side-effect,source-compatible,src/openms/include/OpenMS/ANALYSIS/QUANTITATION/IsobaricChannelExtractor.h,IsobaricChannelExtractor::printStats,'printStats' takes its stats by non-const ref and reorders/mutates the caller's data while only printing,"Either copy each delta vector before computing the median (so the caller's data is untouched), or rename to make the mutation explicit (e.g. summarizeAndConsumeStats). At minimum document on printStats(ChannelQCSet&) that it sorts the passed deltas in place, as is already done for printStatsWithMissing. Taking a copy is source/ABI compatible."
ANAL-26,B4c,ANALYSIS,medium,hidden-side-effect,none,src/openms/include/OpenMS/ANALYSIS/QUANTITATION/IsobaricChannelExtractor.h,IsobaricChannelExtractor::extractChannels,"extractChannels silently rewrites the stored 'select_activation' member, making repeat calls non-idempotent","Expand 'auto' into a local variable instead of overwriting the member, so the object stays in sync with its Param and calls are idempotent. Source- and ABI-compatible (internal change only)."
ANAL-27,B4c,ANALYSIS,medium,silent-failure,source-compatible,src/openms/include/OpenMS/ANALYSIS/QUANTITATION/IsobaricIsotopeCorrector.h,IsobaricIsotopeCorrector::correctIsotopicImpurities,Static correction requires out-map pre-sized to in-map; the only guard is a debug-only precondition,Replace the debug-only precondition with an always-on size check that throws Exception::InvalidParameter (or copy/resize consensus_map_out from consensus_map_in internally as quantify() does). Document that consensus_map_out must already have the same size as consensus_map_in. The throw is source/ABI compatible.
ANAL-30,B4c,ANALYSIS,medium,inconsistent-convention,none,src/openms/include/OpenMS/ANALYSIS/QUANTITATION/ItraqConstants.h,ItraqConstants::getIsotopeMatrixAsStringList / updateIsotopeMatrixFromStringList,"Doc says the IsotopeMatrices vector holds 'the two matrices (4plex, 8plex)', but the code requires three and indexes by itraq_type","Fix the @param documentation to say the vector is indexed by ITRAQ_TYPES and must contain SIZE_OF_ITRAQ_TYPES (currently 3: 4plex, 8plex, TMT-6plex) entries. Doc-only change; no ABI impact."
ANAL-34,B4c,ANALYSIS,medium,silent-failure,none,src/openms/include/OpenMS/ANALYSIS/QUANTITATION/AbsoluteQuantitation.h,AbsoluteQuantitation::applyCalibration,applyCalibration silently clamps negative back-calculated concentration to 0.0,"Document the clamp in the header, and consider returning the raw value (or flagging below-LLOQ) so callers can detect out-of-range readings. Doc-only addition is source- and ABI-compatible; changing the clamp behavior is a behavior change to gate behind a parameter."
ANAL-35,B4c,ANALYSIS,medium,misleading-name,none,src/openms/include/OpenMS/ANALYSIS/QUANTITATION/IsotopeLabelingMDVs.h,IsotopeLabelingMDVs::isotopicCorrection / isotopicCorrections,correction_matrix_agent documented as @param[out] but is a const input; supplied correction_matrix silently ignored when an agent is given,"Fix the Doxygen to '@param[in]' for correction_matrix_agent, and document that a non-NOT_SELECTED agent overrides the supplied correction_matrix (or, ideally, validate/throw if both a non-identity matrix and a known agent are supplied). Doc fix is source- and ABI-compatible."
ANAL-36,B4c,ANALYSIS,medium,asymmetric-api,none,src/openms/include/OpenMS/ANALYSIS/QUANTITATION/KDTreeFeatureMaps.h,KDTreeFeatureMaps::getNeighborhood vs queryRegion,Sibling range queries disagree on whether the result vector is appended or cleared,"Make the convention uniform (clear-then-fill is the least-surprising default), or rename to encode the behavior (e.g. appendNeighborhood). At minimum, raise the discrepancy to the top of each method's brief. Renaming/behavior change affects callers; the additive safe step is to clearly document and add a clear-first variant."
ANAL-38,B4c,ANALYSIS,medium,silent-failure,none,src/openms/include/OpenMS/ANALYSIS/QUANTITATION/AbsoluteQuantitation.h,AbsoluteQuantitation::calculateBias,calculateBias divides by actual_concentration with no zero guard,Guard against actual_concentration == 0 (throw the documented exception or return NaN with a documented contract) and correct the header @exception note. Adding a guard is source- and ABI-compatible.
ANAL-39,B4c,ANALYSIS,medium,silent-failure,none,src/openms/include/OpenMS/ANALYSIS/QUANTITATION/IsotopeLabelingMDVs.h,IsotopeLabelingMDVs::calculateMDV,NORM_SUM normalization of 'intensity' lacks the zero-sum guard present in every sibling branch,Add the same 'if (sum != 0.0)' guard to the NORM_SUM intensity branch for consistency. Source- and ABI-compatible bug fix.
ANAL-41,B4c,ANALYSIS,medium,unit-or-index,none,src/openms/include/OpenMS/ANALYSIS/NUXL/NuXLMarkerIonExtractor.h,NuXLMarkerIonExtractor::extractMarkerIons,"extractMarkerIons returns normalized (relative) intensities, not the spectrum's actual intensities","Rename to extractNormalizedMarkerIons or document in the header that returned intensities are Normalizer-relative (and against which normalization mode). Additively, expose an overload/flag that returns raw intensities. ABI: a doc/comment fix is non-breaking; adding an overload is source-compatible."
ANAL-45,B4c,ANALYSIS,medium,param-order-or-bool,source-compatible,src/openms/include/OpenMS/ANALYSIS/NUXL/NuXLDeisotoper.h,NuXLDeisotoper::deisotopeAndSingleCharge,16-parameter function with 9 same-typed bool/unsigned flags is unreadable and trivially mis-ordered at call sites,Introduce a parameter/options struct (additive overload) so flags are named at the call site; keep the existing signature for ABI. ABI: adding a struct overload is source-compatible.
ANAL-48,B4c,ANALYSIS,medium,silent-failure,source-compatible,src/openms/include/OpenMS/ANALYSIS/NUXL/NuXLReport.h,NuXLProteinReport::getCrossLinkEfficiency,"getCrossLinkEfficiency filters cross-links by comparing the integer meta value NuXL:isXL against the string ""false""","Compare consistently with the integer form: `static_cast<int>(ph.getMetaValue(""NuXL:isXL"")) == 0`. Behavior fix, source-compatible. ABI: source-compatible."
ANAL-49,B4c,ANALYSIS,medium,silent-failure,source-compatible,src/openms/include/OpenMS/ANALYSIS/NUXL/NuXLAnnotatedHit.h,NuXLAnnotatedHit::best_localization_position,"On a tie, best_localization_position stores the LAST tied residue, not the first or a documented winner",Document the tie semantics on the field and ideally expose all tied positions (best_localization already lowercases all ties); downstream protein reporting should not assume a unique site. ABI: adding fields/docs is source-compatible.
ANAL-52,B4c,ANALYSIS,medium,hidden-side-effect,none,src/openms/include/OpenMS/ANALYSIS/NUXL/NuXLParameterParsing.h,NuXLParameterParsing::getTargetNucleotideToFragmentAdducts,getTargetNucleotideToFragmentAdducts registers N-/C-terminal modifications in the global ModificationsDB,Document the ModificationsDB registration in the header (@note registers each adduct as N-/C-terminal mods in the global ModificationsDB). Preferred additive fix: split out a registerFragmentAdductModifications(...) call so the getter stays pure; keep the combined behavior available for existing callers during deprecation.
ANAL-53,B4c,ANALYSIS,medium,silent-failure,none,src/openms/include/OpenMS/ANALYSIS/NUXL/NuXLPresets.h,NuXLPresets::getAllPresetsNames,getAllPresetsNames returns an empty list (not an error) when the presets file is missing or unparseable,"Document the failure-returns-empty behavior in the header, or add an overload/out-param signalling load success vs an empty preset set. (Note: the sibling getPresets does throw std::runtime_error on a missing/unparseable file, so the two functions handle the same error inconsistently — an additional inconsistent-convention smell worth aligning.) Additive overload keeps ABI stable."
ANAL-57,B4c,ANALYSIS,medium,misleading-name,none,src/openms/include/OpenMS/ANALYSIS/TOPDOWN/SpectralDeconvolution.h,SpectralDeconvolution::setTargetDecoyType,Doc enumerates four decoy types (charge/noise/isotope dummy) that do not match the actual 3-value TargetDecoyType enum,"Fix the SpectralDeconvolution::setTargetDecoyType Doxygen to match the actual 3-value enum (target/noise_decoy/signal_decoy) and reconcile the two conflicting class comments. Doc-only change, no ABI impact."
ANAL-59,B4c,ANALYSIS,medium,silent-failure,none,src/openms/include/OpenMS/ANALYSIS/TOPDOWN/PeakGroup.h,PeakGroup::getMzRange,"getMzRange returns an inverted sentinel {-1, -10} when the charge has no peaks instead of signaling absence","Document the {-1,-10} sentinel in the header, or return std::optional / a boolean-validity flag. Doc-only is non-breaking; changing the return type is ABI-breaking, so prefer an additional `bool hasMzRange(int)` helper plus a doc note."
ANAL-66,B4c,ANALYSIS,medium,silent-failure,source-compatible,src/openms/include/OpenMS/ANALYSIS/TOPDOWN/FLASHHelperClasses.h,FLASHHelperClasses::PrecalculatedAveragine::getMaxIsotopeIndex,getMaxIsotopeIndex returns an uninitialized member when setMaxIsotopeIndex was never called,"Initialize the member: 'Size max_isotope_index_ = 0;' (additive, no ABI break for an in-class default initializer on a non-virtual data member with unchanged layout). This turns undefined behavior into a defined (if conservative) default and removes the documented landmine."
FEAT-8,B5,FEATUREFINDER,medium,misleading-name,none,src/openms/source/FEATUREFINDER/EmgModel.cpp,EmgModel::getCenter,"EmgModel::getCenter() returns statistics_.mean(), not the EMG peak position (which is governed by retention_)","Either compute and return the actual EMG apex (e.g. argmax of the sampled interpolation, or the analytic mode) or, if statistics_.mean() is intentionally the reference center, fix the doc and rename intent. Returning the apex is the behaviour callers expect from getCenter on a skewed peak. ABI: changing the return value is source-compatible (same signature); a doc-only fix is none."
FEAT-9,B5,FEATUREFINDER,medium,inconsistent-convention,none,src/openms/source/FEATUREFINDER/EmgModel.cpp,EmgModel::setSamples,"EmgModel::setSamples() does not normalize to unit integral and ignores scaling_, unlike GaussModel/BiGaussModel","Document explicitly that EmgModel is non-normalized and that setScalingFactor() is a no-op for it, or apply the same scaling_/normalization the sibling models use. At minimum the silent no-op of the inherited setScalingFactor() on this subclass should be called out. ABI: additive/doc fix is none; applying scaling changes numeric output (source-compatible)."
FEAT-12,B5,FEATUREFINDER,medium,silent-failure,source-compatible,src/openms/source/FEATUREFINDER/EmgScoring.cpp,EmgScoring::elutionModelFit / calcElutionFitScore,Fit-failure sentinel -1 collides with a legitimate worst-case Pearson correlation score,"Use a distinct out-of-range sentinel (e.g. NaN, or a documented value < -1) for the failure/too-few-points path, or return a status alongside the score, and document the contract. Behaviour/return-value change only; source-compatible."
FEAT-14,B5,FEATUREFINDER,medium,hidden-side-effect,none,src/openms/include/OpenMS/FEATUREFINDER/EmgFitter1D.h,EmgFitter1D::symmetric_,fit1d() silently skips Levenberg-Marquardt optimization when an internal symmetric_ flag is set by initial-parameter estimation,"Document this fallback in fit1d()'s contract (degenerate input -> no LM optimization, returns correlation of the initial-guess model), and consider signalling it via the returned quality or a log warning. Doc/behaviour clarification; source-compatible."
FEAT-16,B5,FEATUREFINDER,medium,api-asymmetry,source-compatible,src/openms/include/OpenMS/FEATUREFINDER/IsotopeModel.h,IsotopeModel::setSamples(const EmpiricalFormula&) vs InterpolationModel::setSamples(),Inherited no-arg setSamples() throws NotImplemented while the model also exposes a working setSamples(formula) overload,"Either override the no-arg setSamples() in IsotopeModel to call setSamples(getFormula()) (restoring the sibling contract), or document clearly on the class/overload that only setSamples(formula) builds the IsotopeModel and the inherited no-arg form throws. Adding an override is source-compatible and ABI-additive."
FEAT-17,B5,FEATUREFINDER,medium,hidden-side-effect,none,src/openms/source/FEATUREFINDER/ElutionModelFitter.cpp,ElutionModelFitter::fitElutionModels,fitElutionModels() can clear the entire FeatureMap and overwrites each feature's intensity in place,Document on the public fitElutionModels() declaration that it mutates feature intensities in place (raw value moved to meta 'raw_intensity') and that the FeatureMap is cleared when no model is valid. Doc-only change; ABI-safe.
FEAT-19,B5,FEATUREFINDER,medium,silent-failure,source-compatible,src/openms/include/OpenMS/FEATUREFINDER/FeatureFinderAlgorithmMetaboIdent.h,FeatureFinderAlgorithmMetaboIdent::getMSData,"getMSData() returns an EMPTY map after a successful run(), contradicting its 'empty if run was not executed' doc","Fix the doc to state that getMSData() is empty BOTH before run() and after run() (the data is consumed/freed). If callers need the post-processing data, do not reset ms_data_ in run(), or add an explicit note. Doc-only change is source/ABI-compatible; keeping the data would be a behavioral change."
FEAT-21,B5,FEATUREFINDER,medium,param-order-or-bool,none,src/openms/include/OpenMS/FEATUREFINDER/FeatureFinderAlgorithmMetaboIdent.h,FeatureFinderAlgorithmMetaboIdent::run,run() has no MS-data parameter; the required spectra must be injected via setMSData() first or run() silently returns unchanged,"Document the mandatory setMSData()-before-run() contract on run() itself, and consider signalling the empty-input case (log already exists at runtime). Doc-only change is ABI-safe; adding an overload run(PeakMap&&, ...) would be additive."
FEAT-23,B5,FEATUREFINDER,medium,surprising-throw,none,src/openms/include/OpenMS/FEATUREFINDER/FeatureFinderAlgorithmPickedHelperStructs.h,FeatureFinderAlgorithmPickedHelperStructs::MassTraces::computeIntensityProfile,"computeIntensityProfile() dereferences begin() unconditionally -> UB on an empty MassTraces, while sibling queries throw a documented Precondition","Add an empty-guard at the top of computeIntensityProfile() (early return on empty, or throw Exception::Precondition to match siblings) and document it in the header. Behavior/doc change; ABI-safe."
FEAT-27,B5,FEATUREFINDER,medium,silent-failure,source-compatible,src/openms/include/OpenMS/FEATUREFINDER/FeatureFinderAlgorithmMetaboIdent.h,FeatureFinderAlgorithmMetaboIdent::FeatureFinderMetaboIdentCompound,"Constructing a compound that violates the documented contract is silently dropped at run() time, not reported to the caller","Provide feedback to the caller (e.g. return/collect the count or list of dropped targets from run(), or add a validate() method on the compound). Adding a getter/return path is additive and ABI-safe; the current behavior should at least be cross-referenced from run()'s doc."
FEAT-30,B5,FEATUREFINDER,medium,hidden-side-effect,none,src/openms/include/OpenMS/FEATUREFINDER/FeatureFinderIdentificationAlgorithm.h,FeatureFinderIdentificationAlgorithm::setMSData,setMSData silently discards all non-MS1 spectra from the stored data,"Document the MS1-only filtering explicitly in both setMSData overload briefs (the algorithm only operates on MS1, so the behavior is intentional but surprising). Doc-only change, no ABI impact."
FEAT-31,B5,FEATUREFINDER,medium,ownership-lifetime,none,src/openms/source/FEATUREFINDER/FFIDAlgoExternalIDHandler.cpp,Internal::FFIDAlgoExternalIDHandler::addExternalPeptide,"addExternalPeptide stores a raw pointer to the caller's peptide and truncates its hits, with no lifetime warning","Document both the in-place mutation (sort + truncate to best hit) and the pointer-retention/lifetime contract in the header, mirroring the existing addPeptideToMap_ caveat. Doc-only; no ABI change."
FEAT-36,B5,FEATUREFINDER,medium,misleading-name,breaking,src/openms/include/OpenMS/FEATUREFINDER/Biosaur2Algorithm.h,Biosaur2Algorithm::Hill::ion_mobility_median / PeptideFeature::ion_mobility,"Field named *_median actually stores an intensity-weighted MEAN, not a median","Rename to ion_mobility_weighted_mean (and PeptideFeature already exposes ion_mobility, which is fine). Renaming a public struct member is source-breaking; if ABI/source stability is required, keep the field but fix the name in a future major version and meanwhile correct the doc to drop 'median' from the primary description. The drift_time_median field really is a median, so the inconsistency is doubly surprising."
FEAT-37,B5,FEATUREFINDER,medium,silent-failure,none,src/openms/include/OpenMS/FEATUREFINDER/ElutionPeakDetection.h,ElutionPeakDetection::computeMassTraceSNR,"computeMassTraceSNR divides by noise area with no zero guard, returning +inf/NaN for a clean trace","Add the same `if (noise_area > 0.0)` guard as computeApexSNR so the two SNR methods behave consistently (additive, ABI-safe). Document the value returned when noise is zero."
FEAT-41,B5,FEATUREFINDER,medium,inconsistent-convention,none,src/openms/include/OpenMS/FEATUREFINDER/FeatureFindingMetabo.h,FeatureHypothesis::getFWHM / getChromatograms vs getCentroidMZ / getCentroidRT,Empty-hypothesis handling is inconsistent across getters: throw vs return 0.0 vs undefined-behavior deref,"Pick one contract and apply it uniformly. At minimum add an empty guard to getChromatograms() to avoid UB (additive, ABI-safe), and document whether empty-hypothesis getters throw or return a sentinel."
FEAT-43,B5,FEATUREFINDER,medium,misleading-name,breaking,src/openms/include/OpenMS/FEATUREFINDER/MultiplexDeltaMassesGenerator.h,MultiplexDeltaMassesGenerator::getLabelShort / getLabelLong,Non-const 'getLabel*' lookups MUTATE the internal map and silently return empty string for unknown labels,"Make both methods const and use map::at() (throwing Exception::ElementNotFound on miss) or map::find() returning a clearly-documented empty sentinel without insertion. Const-correctness fix changes the method signature's const-qualifier (mangled name), so do it additively if ABI matters: add 'getLabelShort(...) const' overloads using find(), keep the old ones [[deprecated]]."
FEAT-45,B5,FEATUREFINDER,medium,asymmetric-api,breaking,src/openms/include/OpenMS/FEATUREFINDER/MultiplexDeltaMassesGenerator.h,MultiplexDeltaMassesGenerator::getSamplesLabelsList,Non-const getSamplesLabelsList() returns a copy by value while the const overload returns a reference,"Return a non-const reference from the non-const overload, or remove it in favour of the const ref overload. Either is an ABI change to the symbol's return type; introduce a new ref-returning accessor and deprecate the value one if ABI stability is required."
FEAT-51,B5,FEATUREFINDER,medium,const-correctness,breaking,src/openms/include/OpenMS/FEATUREFINDER/MultiplexFilteringProfile.h,MultiplexFilteringProfile::MultiplexFilteringProfile,"Constructor takes exp_profile by non-const reference and documents it @param[in,out], but only reads it","Change the parameter to `const MSExperiment& exp_profile` and the doc to @param[in]. This is source-compatible for callers passing lvalues (const-ref binds more, not less), but changes the mangled constructor signature (ABI). If ABI must be frozen, at minimum fix the @param[in,out] doc to @param[in]."
FEAT-52,B5,FEATUREFINDER,medium,param-order-or-bool,none,src/openms/include/OpenMS/FEATUREFINDER/MultiplexFilteredPeak.h,MultiplexFilteredPeak::MultiplexFilteredPeak,"Constructor argument order (mz, rt, mz_idx, rt_idx) is reversed relative to the class's own addSatellite/checkSatellite (rt_idx, mz_idx)","Cannot reorder the ctor without breaking ABI; instead document the order explicitly in the header and consider a named factory or strong index types (e.g. RTIndex/MZIndex strong typedefs, which this module already includes boost strong_typedef for) so the axes cannot be transposed. Flagging the consistent order as the ideal fix."
PROC-3,B5,PROCESSING,medium,asymmetric-api,source-compatible,src/openms/include/OpenMS/PROCESSING/CENTROIDING/PeakPickerIterative.h,PeakPickerIterative::pick,"pick() leaves 'output' untouched (not cleared) when input has <3 points, but fully overwrites it otherwise — inconsistent output contract","Move 'output.clear(true)' (or copySpectrumMeta) above the size check so 'output' is always reset, matching the normal path. Header-only inline change; ABI: source-compatible (behavior change only)."
PROC-5,B5,PROCESSING,medium,silent-failure,none,src/openms/include/OpenMS/PROCESSING/CENTROIDING/PeakPickerIM.h,PeakPickerIM::pickIMCluster / pickIMElutionProfiles / pickIMTraces,"All three pickIM* methods silently no-op (return without modifying the spectrum) when the input has no IM data, instead of signaling that nothing was done","Either make the no-IM-data case throw (matching the documented MissingInformation contract) or remove the @throws claim and document the silent-no-op behavior. All methods return void, so callers cannot detect the no-op; consider returning bool. ABI: doc fix = none; throwing or return-type change = source/behavior breaking."
PROC-6,B5,PROCESSING,medium,hidden-side-effect,none,src/openms/include/OpenMS/PROCESSING/CENTROIDING/PeakPickerIM.h,PeakPickerIM::pickIMCluster,"pickIMCluster silently discards all StringDataArrays and IntegerDataArrays and all-but-one FloatDataArray, beyond just averaging peaks","Document in the public header that all non-IM data arrays are dropped (the .cpp explains why, the header does not). Doc-only; ABI: none."
PROC-10,B5,PROCESSING,medium,silent-failure,none,src/openms/source/PROCESSING/SMOOTHING/GaussFilter.cpp,GaussFilter::filter,"filter() silently leaves data unmodified when the Gaussian is too narrow, despite documenting that it throws","Either throw Exception::IllegalArgument in the !found_signal path (matching the documented contract) or update the header to remove the false @exception promise and document that the spectrum is left unchanged on failure. Additive/ABI-safe fix: correct the documentation and optionally make the warning unconditional; behavior-changing fix (throwing) would be source-breaking for callers relying on silent no-op, so flag it but prefer doc correction plus a settable strict mode."
PROC-11,B5,PROCESSING,medium,asymmetric-api,none,src/openms/source/PROCESSING/SMOOTHING/LowessSmoothing.cpp,LowessSmoothing::smoothData,"Output vector is appended-to (push_back) in the normal path but assigned in the degenerate path, so it is not cleared","Add 'smoothed_output.clear();' (and optionally reserve(input_size)) at the top of smoothData so both paths consistently overwrite. ABI-safe, body-only change."
PROC-13,B5,PROCESSING,medium,silent-failure,none,src/openms/include/OpenMS/PROCESSING/SMOOTHING/SavitzkyGolayFilter.h,SavitzkyGolayFilter::filter,filter() is a silent no-op when the spectrum has fewer points than the frame size,"Document that spectra shorter than frame_size are returned unchanged, and optionally emit a ProgressLogger/LOG warning. ABI-safe (doc + optional warning). A stricter throw would be source-breaking, so flag but do not force it."
PROC-17,B5,PROCESSING,medium,misleading-name,none,src/openms/include/OpenMS/PROCESSING/SCALING/RankScaler.h,RankScaler::filterSpectrum,'Scaler' overwrites intensities with integer ranks rather than scaling them,Document precisely in the (currently sparse) class doc that intensities are replaced by descending dense ranks (1 = weakest). Renaming to RankTransformer would be clearer but is ABI-breaking; prefer the doc fix plus noting the highest-rank == n_distinct convention.
PROC-18,B5,PROCESSING,medium,silent-failure,source-compatible,src/openms/include/OpenMS/PROCESSING/SCALING/SqrtScaler.h,SqrtScaler::filterSpectrum,Negative intensities are silently clamped to 0 and a warning is written to std::cerr,Route the warning through OPENMS_LOG_WARN (consistent with the rest of OpenMS) and document the clamp-to-zero behavior in the header. ABI-safe inline-body change.
PROC-19,B5,PROCESSING,medium,hidden-side-effect,none,src/openms/include/OpenMS/PROCESSING/FILTERING/WindowMower.h,WindowMower::filterPeakSpectrumForTopNInJumpingWindow,"Last-window peak count is scaled by window-fill fraction and can round to zero, dropping all peaks at the spectrum tail","Document the fractional last-window behavior in the header, and consider std::max<Size>(1, ...) so a non-empty final window keeps at least one peak. ABI-safe inline-body change."
PROC-20,B5,PROCESSING,medium,return-value,source-compatible,src/openms/include/OpenMS/PROCESSING/FILTERING/WindowMower.h,WindowMower::filterPeakSpectrumForTopNInJumpingWindow,"Retained peaks are matched back by full-peak equality (std::find), conflating duplicate peaks","Track selected indices directly through the window loop instead of value-matching, or document the duplicate-peak ambiguity. ABI-safe inline-body change."
PROC-21,B5,PROCESSING,medium,silent-failure,source-compatible,src/openms/include/OpenMS/PROCESSING/SCALING/Normalizer.h,Normalizer::filterSpectrum,'to_one'/'to_TIC' divide by a divisor that can be zero or negative without guarding,"Guard divisor <= 0 (skip or throw with a clear message) before the division loop, and document behavior for all-zero/negative spectra. ABI-safe inline-body change."
PROC-22,B5,PROCESSING,medium,inconsistent-convention,none,src/openms/include/OpenMS/PROCESSING/SPECTRAMERGING/SpectraMerger.h,SpectraMerger::average,average() reads Gaussian-named parameters even when average_type is 'tophat',Read precursor_mass_tol/max_charge from the active method's namespace (or document that average_gaussian:precursor_mass_tol governs tophat too). Behavioral/source change; keep default value so existing configs are unaffected.
PROC-26,B5,PROCESSING,medium,surprising-throw,source-compatible,src/openms/include/OpenMS/PROCESSING/NOISEESTIMATION/SignalToNoiseEstimator.h,SignalToNoiseEstimator::estimate_,"estimate_() divides by element count without an emptiness guard: on an empty range it divides by zero, producing NaN/inf rather than a defined result","Guard the empty range (return {0,0} or throw a documented exception) before dividing. Source-compatible; ABI unchanged. computeSTN_ callers already special-case empty windows, so a defined empty-range result is the least surprising behavior."
PROC-27,B5,PROCESSING,medium,surprising-default,none,src/openms/include/OpenMS/PROCESSING/CALIBRATION/PrecursorCorrection.h,PrecursorCorrection::correctToNearestFeature,"Default rt_tolerance_s and mz_tolerance are both 0.0, so the default-argument call silently corrects (almost) nothing","Either drop the defaults (force callers to choose tolerances) or pick non-zero sensible defaults, and document that 0 means 'no match'. Removing defaults is source-breaking for default-arg callers; safest is to document the no-op behavior. ABI of the symbol itself is unaffected by default-arg changes."
PROC-28,B5,PROCESSING,medium,silent-failure,source-compatible,src/openms/include/OpenMS/PROCESSING/NOISEESTIMATION/SignalToNoiseEstimatorMedianRapid.h,SignalToNoiseEstimatorMedianRapid::NoiseEstimator::get_noise_value,"get_noise_value() clamps noise to a minimum of 1.0 and its window lookups are guarded only by assert(), so out-of-range m/z is UB in release and a floor of 1.0 is silently imposed","Replace asserts with real bounds handling (clamp window_nr to [0, size-1] or throw) so release builds are safe; document the 1.0 floor in the function brief, not just a note. Source-compatible; these are header-inline so changing them is an ABI consideration only for inlined call sites (recompile suffices)."
PROC-34,B5,PROCESSING,medium,surprising-default,none,src/openms/include/OpenMS/PROCESSING/FEATURE/FeatureOverlapFilter.h,"FeatureOverlapFilter::filter(FeatureMap&, FeatureComparator, FeatureOverlapCallback, bool)","Legacy filter() defaults to TRACE_LEVEL overlap, contradicting the enum's documented CONVEX_HULL default","Align the documented default: either change the enum comment to reflect TRACE_LEVEL being the de-facto default of the legacy entry point, or flip the bool default to false (behavior-changing). Safest additive fix is to clarify the docs; if behavior should change, do it in a minor release. ABI of the signature itself is unchanged."
MATH-2,B6,MATH,medium,silent-failure,source-compatible,src/openms/include/OpenMS/MATH/MISC/EmgGradientDescent.h,EmgGradientDescent::estimateEmgParameters,Returns iteration count with no failure signal; on early numerical break the out-params can be left as DBL_MAX,Return a bool/enum success flag (or set out-params to NaN on failure and document it) so callers can detect divergence. Adding a separate `bool` overload or out-param is ABI-additive; changing the return type is breaking.
MATH-3,B6,MATH,medium,hidden-side-effect,none,src/openms/include/OpenMS/MATH/MISC/EmgGradientDescent.h,EmgGradientDescent::estimateEmgParameters,const estimator writes diagnostic text to std::cout even when print_debug == 0,Gate these prints behind `print_debug_` (or route to OPENMS_LOG_*). ABI-safe; pure implementation change.
MATH-4,B6,MATH,medium,surprising-default,source-compatible,src/openms/include/OpenMS/MATH/MISC/EmgGradientDescent.h,EmgGradientDescent::fitEMGPeakModel,"left_pos/right_pos use 0.0 as a magic ""unset"" sentinel, so a legitimate position of 0.0 silently means ""whole peak""","Document that 0.0 means ""unbounded on that side"", or switch the sentinel to NaN / std::optional<double> so position 0.0 is a valid bound. Adding an overload taking std::optional is ABI-additive; changing the signature is source-breaking."
MATH-5,B6,MATH,medium,silent-failure,source-compatible,src/openms/include/OpenMS/MATH/MISC/BSplineSmoothingSpline.h,BSplineSmoothingSpline (constructor) / num_interior_knots(),"Invalid/unsorted input does not throw and is not reported by k; failure is only observable via ok(), and num_interior_knots()/rss() return defaults that look like a valid degenerate fit","Either throw IllegalArgument like CubicSpline2d for consistency, or have the numeric getters throw/return NaN when !ok(). At minimum document that k!=3 is ignored. Returning NaN from getters when !ok_ is ABI-safe."
MATH-8,B6,MATH,medium,misleading-name,source-compatible,src/openms/include/OpenMS/MATH/STATISTICS/Histogram.h,Math::Histogram::maxValue / minValue,"maxValue()/minValue() return the largest/smallest BIN COUNT, not the max/min data value or bin position",Add clearer additive accessors `maxBinCount()`/`minBinCount()` and deprecate maxValue()/minValue(). Renaming directly would break ABI; the additive aliases are source-compatible.
MATH-9,B6,MATH,medium,hidden-side-effect,source-compatible,src/openms/include/OpenMS/MATH/StatisticFunctions.h,Math::quantile1st / quantile3rd / median,Read-only-looking quantile/median helpers SORT the caller's range in place by default (default sorted=false),"Document the in-place sort prominently in each brief (currently only the @param mentions it), and consider an overload taking a const range that copies internally. Behavior is long-standing; keep the default but make the side effect obvious. Additive overload is ABI-safe."
MATH-10,B6,MATH,medium,inconsistent-convention,source-compatible,src/openms/include/OpenMS/MATH/StatisticFunctions.h,Math::quantile1st / quantile3rd,"quantile1st/quantile3rd use a different (sub-median) definition than the sibling quantile(begin,end,q)","Document that quantile1st/3rd are hinge-style and differ from quantile(...,q); or reimplement them in terms of quantile() for one consistent definition. Reimplementation changes numeric output (source-compatible signature)."
MATH-11,B6,MATH,medium,unit-or-index,none,src/openms/include/OpenMS/MATH/STATISTICS/BasicStatistics.h,Math::BasicStatistics::update (single-range overload),"update(probabilities) computes mean/variance over implicit coordinates 0,1,2,... not over the probability values themselves","Document loudly that the single-range overload treats the input as weights over positions 0..n-1 (a histogram/pmf), not as raw samples; or rename to updateFromPMF(). Doc/additive rename is ABI-safe."
MATH-15,B6,MATH,medium,silent-failure,source-compatible,src/openms/include/OpenMS/MATH/MathFunctions.h,Math::quantile (sorted-vector overload),"Free-function quantile(x, q) silently clamps out-of-range q instead of signaling, unlike the iterator overload which throws","Make the two overloads consistent (both throw, or both clamp-and-document). Aligning error behavior is source-compatible at the signature level."
MATH-16,B6,MATH,medium,misleading-name,none,src/openms/include/OpenMS/MATH/STATISTICS/GaussFitter.h,GaussFitter::GaussFitResult::log_eval_no_normalize,log_eval_no_normalize doc claims it returns scaled 'intensities' (PDF*A) but it returns an UN-scaled log-density that ignores A,"Fix the Doxygen block to state it returns the natural-log density of the *normalized* Gaussian (A is ignored), and that it is NOT log(eval()). Rename ideally to log_pdf or logDensityNormalized; that rename is ABI-breaking (additive deprecated alias is safe). The doc-only fix is fully compatible."
MATH-19,B6,MATH,medium,silent-failure,source-compatible,src/openms/include/OpenMS/MATH/STATISTICS/PosteriorErrorProbabilityModel.h,PosteriorErrorProbabilityModel::computeProbability,"computeProbability silently applies a hidden score offset and returns garbage if fit() was not run, instead of signaling",Track a 'fitted_' flag and throw Exception::Precondition (or return NaN documented as such) when computeProbability is called before a successful fit. The implicit +fabs(smallest_score_)+0.001 transform should be documented at the method (not just the @note). A flag member is ABI-breaking; a thrown precondition using existing members is source-compatible.
MATH-21,B6,MATH,medium,misleading-name,none,src/openms/include/OpenMS/MATH/STATISTICS/PosteriorErrorProbabilityModel.h,PosteriorErrorProbabilityModel::fillDensities,"fillDensities fills the 'incorrect' density with the Gaussian model, not the Gumbel, regardless of which fit() was run",Document at the declaration that fillDensities/fillLogDensities always use the Gaussian negative model and that the Gumbel densities require fillLogDensitiesGumbel; or branch on the actual fitted model. Doc-only fix is fully compatible.
ML-2,B6,ML,medium,surprising-throw,none,src/openms/include/OpenMS/ML/CLUSTERING/SingleLinkage.h,SingleLinkage::operator(),threshold documented as silently ignored actually throws NotImplemented when < 1,"Reconcile doc and behavior: either implement threshold support, or document that threshold<1 throws NotImplemented (not 'will not be used'). Additive/doc-only fix is ABI-safe; the throw itself is already shipped behavior."
ML-4,B6,ML,medium,unit-or-index,none,src/openms/include/OpenMS/ML/CLUSTERING/ClusterAnalyzer.h,ClusterAnalyzer::cohesion,"'cohesion' returns average intra-cluster DISTANCE (lower = tighter), opposite of expected cohesion score",Document explicitly that 'cohesion' here is the mean intra-cluster distance (smaller = more cohesive) and that singletons are assigned the global mean distance. Renaming (e.g. meanIntraClusterDistance) would be the ideal fix but is source-breaking; prefer the doc clarification for ABI stability.
ML-5,B6,ML,medium,asymmetric-api,none,src/openms/include/OpenMS/ML/CLUSTERING/ClusterAnalyzer.h,"ClusterAnalyzer::cut(const Size, const std::vector<BinaryTreeNode>&, std::vector<std::vector<Size>>&)","cut(...Size clusters) appends to the output without clearing, unlike the sibling cut(...subtrees) overload","Add `clusters.clear();` at the start of the Size-vector cut() to match the subtree overload, or document that clusters must be passed empty. Adding the clear() is a behavioral fix but ABI-stable (signature unchanged)."
ML-8,B6,ML,medium,return-value,none,src/openms/include/OpenMS/ML/CLUSTERING/ClusterAnalyzer.h,ClusterAnalyzer::averageSilhouetteWidth,"averageSilhouetteWidth divides each step's sum by the fixed total element count, not by the number of contributing points","Either document that the per-step value is normalized by total element count (not by contributing points) or divide by the count of contributing points. Behavior change would alter outputs/tests, so confirm intended semantics before changing; at minimum clarify in the header."
ML-9,B6,ML,medium,silent-failure,none,src/openms/include/OpenMS/ML/CLUSTERING/ClusteringGrid.h,ClusteringGrid::isNonEmptyCell,isNonEmptyCell documents two exceptions it never throws,"Fix the documentation to match behavior (remove the @throw clauses) — this is a doc-only, ABI-safe change. If validation is actually desired, add it in a new method or a clearly versioned change; do not change the existing return semantics silently."
ML-12,B6,ML,medium,misleading-name,source-compatible,src/openms/include/OpenMS/ML/CLUSTERING/GridBasedCluster.h,GridBasedCluster::operator< / operator> / operator==,"Cluster comparison/equality use only the y-coordinate of the centre, not the cluster","Document explicitly that these operators order by centre-y only (they exist to sort clusters vertically), and rename or supply a content-equality predicate; replace the GridBasedCluster-keyed map in extendClustersY with an index-keyed structure. The operator-as-y-sort is by design but the unqualified operator== is the dangerous part — at minimum compare the full centre. Changing the comparison is source-compatible but behavior-changing, so gate it carefully."
ML-15,B6,ML,medium,misleading-name,breaking,src/openms/include/OpenMS/ML/CLUSTERING/ClusteringGrid.h,ClusteringGrid::getGridSpacingX / getGridSpacingY,"'GridSpacing' is actually a vector of cell-boundary coordinates, not a spacing/step","Document (and ideally rename in future) these as grid cell boundary coordinates, not spacings. Adding clarifying Doxygen is ABI-safe; renaming the public methods/params would be breaking."
ML-16,B6,ML,medium,misleading-name,none,src/openms/source/ML/RANSAC/RANSACModelQuadratic.cpp,RansacModelQuadratic::rm_rsq_impl,"rm_rsq() on the quadratic model returns chi-squared (RSS), not R-squared","Make the quadratic model actually return an R-squared (compute 1 - RSS/TSS from the points) to honor the documented contract, OR rename the base-class method and doc to a neutral 'goodness'/score and document the per-model semantics. Given OpenMS ABI policy: the additive/safe fix is to correct rm_rsq_impl to return a true R-squared (behavior fix, header signature unchanged). If a behavior change is too risky, at minimum fix the base-class Doxygen to stop promising R-squared. The current implementation is only referenced from dead DEBUG_RANSAC code, so a behavior fix has minimal blast radius."
ML-17,B6,ML,medium,surprising-default,none,src/openms/include/OpenMS/ML/RANSAC/RANSAC.h,RANSAC::RANSAC,"RANSAC default constructor seeds the RNG from wall-clock time, making results non-deterministic by default","Prefer a fixed default seed (e.g. 0 or a documented constant) for reproducibility, requiring callers to opt into time-seeding via setSeed(time(nullptr)); this is source/ABI-compatible (only the default value changes). At minimum, document prominently in the class/constructor Doxygen that the default seed is wall-clock-based and results are non-deterministic unless setSeed() is called."
ML-18,B6,ML,medium,silent-failure,none,src/openms/include/OpenMS/ML/REGRESSION/LinearRegressionWithoutIntercept.h,LinearRegressionWithoutIntercept::getSlope,getSlope() silently returns NaN when fewer than 2 observations were added,"Document the NaN sentinel in the getSlope() Doxygen and/or add a 'bool isValid() const' (or 'size_t getN() const') accessor so callers can test before reading; an additive accessor is fully ABI-compatible. Ideally throw Exception::UnableToFit when n_<2 or sum_xx_==0, but that is a behavior change -- flag it as the ideal fix."
ML-19,B6,ML,medium,hidden-side-effect,none,src/openms/source/ML/REGRESSION/LinearRegression.cpp,LinearRegression::computeRegression / computeRegressionWeighted,"On a failed/singular fit, computeRegression mutates slope_/intercept_/chi_squared_ before (or without) throwing, leaving the object in a misleading state","Compute into locals and only commit to members after the success check; throw before mutating any member. This is an internal-implementation fix with no header/ABI change. At minimum, reset members to a sentinel on failure so a caller that swallows the exception cannot misread stale fit values."
ML-20,B6,ML,medium,silent-failure,source-compatible,src/openms/source/ML/ROCCURVE/ROCCurve.cpp,ROCCurve::AUC,AUC() returns 0.5 and prints to cerr instead of signaling an unusable dataset,"Return a NaN or throw on an unusable set, or at minimum guard the truePos==0 || falsePos==0 cases (the only ones the cerr text claims to detect) instead of dividing by zero. Additive/source-compatible: keep the signature, change the degenerate return to std::numeric_limits<double>::quiet_NaN() and document it; or throw InvalidValue."
ML-23,B6,ML,medium,surprising-default,breaking,src/openms/include/OpenMS/ML/NNLS/NonNegativeLeastSquaresSolver.h,NonNegativeLeastSquaresSolver::solve,Non-const Matrix/vector solve overload clobbers A and b; the 'solve' name and overload set do not warn at the call site,Consider renaming the destructive overloads (e.g. solveInPlace) so the call site reflects the side effect; at minimum keep the strong doc. Renaming is source-compatible-ish but ABI-breaking; the conservative fix is documentation already present plus a note in the class brief.
ML-25,B6,ML,medium,param-order-or-bool,none,src/openms/include/OpenMS/ML/GRIDSEARCH/GridSearch.h,GridSearch::evaluate,"evaluate() maximizes the evaluator and uses startValue as a hard lower bound, opposite to the loss-minimizing CrossValidation sibling","Document that evaluate() returns the argmax and that startValue is an exclusive lower bound (use -inf to always pick a maximum). Header-only template; doc-only fix, source/ABI compatible."
COMP-7,B6,COMPARISON,medium,asymmetric-api,none,src/openms/source/COMPARISON/SpectraSTSimilarityScore.cpp,"SpectraSTSimilarityScore::operator()(const BinnedSpectrum&, const BinnedSpectrum&)",BinnedSpectrum operator() returns un-normalized dot while PeakSpectrum overload returns normalized dot,"Document explicitly that the BinnedSpectrum overload assumes pre-normalized bins (as produced by transform()), and rename or annotate to make the precondition obvious; or normalize inside the BinnedSpectrum overload for symmetry. Doc/impl change; normalizing would change returned values (source-compatible behavior change)."
COMP-8,B6,COMPARISON,medium,return-value,none,src/openms/source/COMPARISON/SpectrumPrecursorComparator.cpp,"SpectrumPrecursorComparator::operator()(const PeakSpectrum&, const PeakSpectrum&)","Precursor comparator returns a Da-valued 'window - |delta|', not a normalized similarity","Document the score space explicitly (returns window-minus-distance in Da, max == window) or normalize by window to give [0,1]. Doc fix is ABI-neutral; normalization changes returned values (source-compatible behavior change)."
COMP-9,B6,COMPARISON,medium,silent-failure,source-compatible,src/openms/source/COMPARISON/SpectrumPrecursorComparator.cpp,"SpectrumPrecursorComparator::operator()(const PeakSpectrum&, const PeakSpectrum&)","Missing precursor silently treated as m/z 0, producing a meaningless comparison","Document the no-precursor behavior, or throw/return a clear sentinel when a precursor is absent. ABI-neutral; throwing would be a source-compatible behavior change."
COMP-11,B6,COMPARISON,medium,hidden-side-effect,none,src/openms/include/OpenMS/COMPARISON/SpectrumCheapDPCorr.h,"SpectrumCheapDPCorr::operator()(const PeakSpectrum&, const PeakSpectrum&)",const comparison operator mutates internal consensus/peak-map state and resets the weighting factor,Document the side effects on lastconsensus()/getPeakMap() and the one-shot nature of setFactor() prominently in the header; ideally provide an overload that returns the consensus explicitly rather than via mutable state. Doc fix ABI-neutral; API redesign would be breaking.
COMP-12,B6,COMPARISON,medium,hidden-side-effect,none,src/openms/include/OpenMS/COMPARISON/SpectrumCheapDPCorr.h,SpectrumCheapDPCorr::setFactor,"setFactor only affects the next single comparison, then auto-resets to 0.5","Rename or clearly document as a one-shot setting (e.g. setFactorForNextCall), or make the factor persistent. Doc fix ABI-neutral; rename is source-compatible if old name retained."
COMP-14,B6,COMPARISON,medium,surprising-default,none,src/openms/include/OpenMS/COMPARISON/SpectrumAlignment.h,SpectrumAlignment::getSpectrumAlignment,is_relative_tolerance silently switches between symmetric DP alignment and asymmetric nearest-neighbor matching,The class doc does describe both methods; surface this on the method itself and consider distinct method names for the two semantics to avoid silent algorithm swaps. Doc-only; ABI-neutral.
COMP-15,B6,COMPARISON,medium,silent-failure,none,src/openms/source/COMPARISON/SpectrumCheapDPCorr.cpp,SpectrumCheapDPCorr::comparepeaks_ / int_cnt parameter,Invalid int_cnt value yields a -1 peak score silently folded into the returned similarity,"Validate int_cnt at parameter-set time (restrict to {0,1,2,3}) or throw on the invalid branch instead of returning -1. ABI-neutral implementation fix."
QC-4,B7,QC,medium,silent-failure,source-compatible,src/openms/include/OpenMS/QC/FragmentMassError.h,FragmentMassError::Statistics / getResults,"Zero-valued Statistics is pushed on no-data, indistinguishable from a real measurement of 0 ppm","Initialize Statistics fields to NaN (additive, source-compatible since the struct stays the same size/layout) or add a count/valid flag so callers can distinguish 'no data' from 'zero error'. Document the no-data behavior either way."
QC-6,B7,QC,medium,misleading-name,none,src/openms/source/QC/Contaminants.cpp,Contaminants::ContaminantsSummary::empty_features,"empty_features.first counts empty PeptideIdentifications, not features, and can exceed the total","Either rename/redefine the field to reflect 'features or PSMs without a usable sequence' and fix the doc, or count distinct features (break out of the inner loop after the first empty id, or use a per-feature flag). Implementation/doc change only; struct layout unchanged, no ABI impact."
QC-7,B7,QC,medium,silent-failure,none,src/openms/source/QC/IdentificationSummary.cpp,IdentificationSummary::compute,compute() returns NaN means or throws on empty/partial input with no documented contract,"Guard the divisions (return 0 or NaN deliberately and documented) and the front() calls (check empty()), and document the empty-input behavior. Pure implementation change, no ABI impact."
QC-9,B7,QC,medium,doc-contract-mismatch,none,src/openms/include/OpenMS/QC/PeptideMass.h,PeptideMass::compute,"Doc says 'all PeptideHits' get annotated, but only the first hit per PeptideIdentification is touched","Fix the doc to say 'first PeptideHit of each PeptideIdentification' (source-compatible), or loop over all hits if all were intended."
QC-10,B7,QC,medium,return-value,source-compatible,src/openms/include/OpenMS/QC/TIC.h,TIC::getResults,"TIC::getResults() is declared but never defined, and its type is inconsistent with compute()'s actual result",Remove the getResults() declaration from TIC.h (the metric is stateless by design). Removing an unimplemented member is effectively source-compatible since no caller can currently link against it.
QC-13,B7,QC,medium,surprising-default,source-compatible,src/openms/include/OpenMS/QC/PSMExplainedIonCurrent.h,PSMExplainedIonCurrent::compute,Default tolerance=20 is unit-blind: passing tolerance_unit=DA without tolerance gives a 20 Dalton match window,"Make the default depend on the unit (e.g. require an explicit tolerance when DA is chosen), or document that the 20 default is ppm-only and a Da tolerance must always be passed. Doc-only change is source-compatible."
QC-16,B7,QC,medium,asymmetric-api,source-compatible,src/openms/include/OpenMS/QC/Ms2IdentificationRate.h,Ms2IdentificationRate::compute,"compute() appends to the results vector with no reset; repeated calls accumulate, and getResults() has no clear()",Document the accumulating semantics on compute()/getResults() and/or add a public clear(). Additive (add clear()) is ABI-safe; doc clarification is source-compatible.
QC-20,B7,QC,medium,inconsistent-convention,source-compatible,src/openms/include/OpenMS/QC/MQEvidenceExporter.h,MQEvidence::exportFeatureMap / MQMsms::exportFeatureMap,Sibling exportFeatureMap() signatures disagree on whether MSExperiment is optional,"Make the two signatures consistent. Either require exp in both or default it in both. Adding a default to MQMsms is source-compatible; removing the default from MQEvidence would be a breaking source change, so prefer aligning toward the optional form."
SYST-2,B7,SYSTEM,medium,return-value,source-compatible,src/openms/include/OpenMS/SYSTEM/File.h,File::fileSize,"fileSize returns -1 on error but the return type is unsigned, so the sentinel becomes the maximum UInt64","Either return a signed Int64 (ABI-breaking) or, additively, document the exact sentinel value 'std::numeric_limits<UInt64>::max()' and add a named constant so callers compare correctly. At minimum, change the doc to say the sentinel is the maximum UInt64, not '-1'."
SYST-3,B7,SYSTEM,medium,silent-failure,none,src/openms/source/SYSTEM/SysInfo.cpp,SysInfo::MemUsage::delta / SysInfo::MemUsage::diff_str_,delta() never reports a memory decrease: the negative sign is computed then discarded,"Build the magnitude string first, then prepend the sign (use '+=' or compose 'sign + magnitude'). Internal helper fix; no API change."
SYST-8,B7,SYSTEM,medium,return-value,none,src/openms/include/OpenMS/SYSTEM/Network.h,Network::downloadFile,downloadFile returns void and the actual on-disk filename is unknowable to the caller (auto-renamed to .0/.1 on collision),"Additive, ABI-safe fix: add an overload `static std::string downloadFile(const std::string& url, const std::string& download_folder)` (or a new `downloadFileTo`) that returns the final on-disk path. Keep the existing void signature for compatibility. Document that the void overload's destination filename is non-deterministic under collisions."
SYST-9,B7,SYSTEM,medium,inconsistent-convention,none,src/openms/include/OpenMS/SYSTEM/JavaInfo.h,JavaInfo::canRun / PythonInfo::canRun,Sibling canRun() methods (explicitly cross-referenced as analogous) have incompatible signatures and error-reporting models,"Document the divergence prominently in both headers. For convergence without breaking ABI, add overloads so each class offers both the logging form and the error_msg form. Avoid changing the existing signatures (ABI break)."
APPL-1,B7,APPLICATIONS,medium,hidden-side-effect,none,src/openms/include/OpenMS/APPLICATIONS/TOPPBase.h,TOPPBase::getOutputDirOption,getOutputDirOption() creates the directory on disk as a side effect of a getter,"Document the directory-creation side effect in the header (and that it may throw if creation fails), or split into a pure getOutputDirOption() plus an explicit ensureOutputDir_()/createOutputDir_() helper. Documenting is source- and ABI-compatible; splitting is additive (add new method, keep old). At minimum the surprise must be in the declared contract."
APPL-3,B7,APPLICATIONS,medium,return-value,none,src/openms/include/OpenMS/APPLICATIONS/OpenSwathBase.h,TOPPOpenSwathBase::loadSwathFiles,loadSwathFiles returns bool 'success' but most real failures throw instead of returning false,"Clarify the header @return to state explicitly that the bool reflects only the window gap/overlap check and that other errors (load failures, mixed input types) are reported via exceptions. Documentation-only; ABI-neutral."
IONM-4,B7,IONMOBILITY,medium,silent-failure,none,src/openms/include/OpenMS/IMAGING/IonImage.h,IonImage::getIntensity,"Returns 0.0 for never-written pixels, indistinguishable from a true zero intensity","Behavior is documented and ABI-stable; keep getIntensity but make the mask coupling unmissable in docs and consider an additive helper like `std::optional<double> getIntensityIfPresent(x,y)`. Additive only; no ABI break."
CONC-2,B1,CONCEPT,low,unclear-documentation,none,src/openms/include/OpenMS/CONCEPT/Exception.h,Exception::BaseException::getMessage,"getName() returns the exception class name, getMessage() returns what(); the ctor's 'name' is the class label, not a human name",Clarify in the header docs that getName() yields the exception class identifier and getMessage() yields the fully-formatted what() string (not the verbatim constructor argument). ABI: doc-only.
CONC-3,B1,CONCEPT,low,const-correctness,source-compatible,src/openms/include/OpenMS/CONCEPT/Constants.h,OpenMS::Constants::EPSILON,"EPSILON is a mutable global 'constant' while its siblings (PI, E, ...) are const","If mutability is intentional, document it as a tunable global (and note thread-safety); otherwise make it `inline const double` (or `constexpr`) to match siblings. Marking it const is potentially source-breaking for any code that assigns to it, so prefer adding a setter or documenting; abi_impact reflects the const-ification."
CONC-5,B1,CONCEPT,low,surprising-throw,none,src/openms/include/OpenMS/CONCEPT/EnumHelpers.h,OpenMS::Helpers::indexOf,indexOf throws ElementNotFound instead of returning a not-found sentinel,"Document the throwing behavior in the header, and/or add a non-throwing companion (e.g. `tryIndexOf` returning std::optional<Size> or a sentinel) for callers doing membership-style lookups. ABI: additive overload is non-breaking."
CONC-6,B1,CONCEPT,low,other,source-compatible,src/openms/include/OpenMS/CONCEPT/EnumHelpers.h,OpenMS::Helpers::indexOf,"Header uses Size, std::find and Exception::ElementNotFound without including the headers that define them","Add the required includes (<algorithm>, <iterator>, OpenMS/CONCEPT/Types.h, OpenMS/CONCEPT/Exception.h) so the header is self-contained. ABI: source-compatible, additive includes only."
CONC-7,B1,CONCEPT,low,const-correctness,source-compatible,src/openms/include/OpenMS/CONCEPT/CommonEnums.h,OpenMS::DIM_NAMES / DIM_NAMES_SHORT / MZ_UNIT_NAMES,"Public enum-name lookup arrays are mutable global string_view arrays, not const",Declare these as `inline constexpr std::string_view[]` (or `static const`) so they are immutable. Const-ifying is essentially source-compatible (read accesses are unaffected) and prevents accidental global mutation.
CONC-8,B1,CONCEPT,low,hidden-side-effect,source-compatible,src/openms/include/OpenMS/CONCEPT/GlobalExceptionHandler.h,Exception::GlobalExceptionHandler setters (setName/setMessage/setLine/setFile/setFunction/set),Static setters mutate a process-wide singleton's last-exception state with no indication of global/thread scope,"Document the global, non-thread-safe, last-exception-wins semantics in the header; consider deprecating the public setters (they are primarily for BaseException's own bookkeeping). Also note `throw()` is a removed dynamic exception specification in C++17 and should be `noexcept`. ABI: doc + spec change are source-compatible."
CONC-10,B1,CONCEPT,low,const-correctness,none,src/openms/include/OpenMS/CONCEPT/ProgressLogger.h,ProgressLogger::setLogType,const setLogType deletes and reallocates the logger object,"Keep the const interface for ABI stability but document explicitly that setLogType reallocates current_logger_ and is not thread-safe / must be called before sharing the object across threads. Long term, prefer a non-const setter or a smart-pointer member to make the mutation visible at the call site."
CONC-11,B1,CONCEPT,low,hidden-side-effect,none,src/openms/include/OpenMS/CONCEPT/ProgressLogger.h,ProgressLogger::recursion_depth_ / startProgress,Nesting/recursion depth is a single static shared across ALL ProgressLogger instances and threads,Document that recursion_depth_ is global state intended only for single-threaded nested progress and must not be relied upon across instances/threads; or make it non-static (per-instance) which would be a behavior change. ABI: making it non-static or thread-local would change layout (breaking); the doc-only fix is ABI-safe.
CONC-12,B1,CONCEPT,low,misleading-name,source-compatible,src/openms/include/OpenMS/CONCEPT/LogStream.h,OpenMS::Logger::LogStream::operator->,"operator-> on a LogStream returns the buffer, not a self-like proxy","Document clearly that operator-> exposes the underlying LogStreamBuf (so '->' members are buffer members, distinct from same-named LogStream methods). Renaming/removing would break call sites, so prefer a doc clarification plus, optionally, an explicitly named accessor like 'buf()'."
CONC-13,B1,CONCEPT,low,const-correctness,none,src/openms/include/OpenMS/CONCEPT/LogStream.h,OpenMS::Logger::LogStream::getLevel,getLevel() (and rdbuf()) are non-const read-only accessors,"Add a 'std::string getLevel() const;' overload (and a const rdbuf()) as an additive, ABI-compatible change; keep the existing non-const one. Underlying level_ read is const-safe."
CONC-14,B1,CONCEPT,low,silent-failure,source-compatible,src/openms/include/OpenMS/CONCEPT/LogConfigHandler.h,LogConfigHandler::parse,parse() builds a Param but does NOT apply any logging configuration,"This is documented, so the surprise is mitigated; consider renaming intent in docs to 'parseToParam' or adding a convenience 'parseAndConfigure(StringList)' overload that does both, to reduce the easy mistake of calling parse() alone. ABI-safe additive overload."
CONC-15,B1,CONCEPT,low,naming-clarity,source-compatible,src/openms/include/OpenMS/CONCEPT/Colorizer.h,OpenMS::Colorizer::isTTY,isTTY returns false for every stream except the actual std::cout/std::cerr objects,"Behavior is documented, so the main fix is to make the name self-explanatory or rename to isStdConsoleTTY()/isConsoleStream() via a deprecated alias; at minimum keep the doc note prominent. ABI-safe to add an alias."
CONC-17,B1,CONCEPT,low,return-value,source-compatible,src/openms/include/OpenMS/CONCEPT/UniqueIdInterface.h,UniqueIdInterface::clearUniqueId / setUniqueId / ensureUniqueId,Mutator id methods return Size as a 0/1 'was-changed' flag rather than the id or void,Keep the methods (used widely) but document the return clearly; optionally add bool-returning aliases for the change-flag semantics. Do not silently repurpose the return. ABI-safe to leave as-is + doc.
CONC-19,B1,CONCEPT,low,hidden-side-effect,none,src/openms/include/OpenMS/CONCEPT/FuzzyStringComparator.h,FuzzyStringComparator::setAcceptableAbsolute,Setter silently takes the absolute value of a negative argument,Document that the input is normalized to its absolute value. Doc fix; ABI-safe.
CONC-20,B1,CONCEPT,low,other,source-compatible,src/openms/include/OpenMS/CONCEPT/FuzzyStringComparator.h,FuzzyStringComparator::FuzzyStringComparator(const FuzzyStringComparator&) / operator=,"Copy ctor and assignment are declared public but never defined, so copying link-fails instead of compile-failing",Replace the unimplemented declarations with '= delete' so misuse is caught at compile time with a clear message. Source-compatible for correct callers; turns latent link errors into immediate compile errors.
CONC-21,B1,CONCEPT,low,implicit-conversion,source-compatible,src/openms/include/OpenMS/CONCEPT/RAIICleanup.h,RAIICleanup::RAIICleanup(std::function<void()>),"Single-argument constructor is non-explicit, allowing implicit conversion from any callable to a scope-guard",Mark the constructor explicit. Source-compatible for the intended direct-init usage 'RAIICleanup x([]{...});'; only breaks (intended) implicit conversions.
CONC-22,B1,CONCEPT,low,other,none,src/openms/include/OpenMS/CONCEPT/VersionInfo.h,VersionInfo::VersionDetails::operator<,"operator< ignores the pre-release identifier's value, breaking strict-weak-ordering semantics callers expect","Document the intentional 'pre-release ties are order-equivalent' rule prominently on operator< and operator> (already partially noted), and warn that < equivalence does not imply ==. If full semver ordering is ever desired, add a separate comparator. Doc fix; ABI-safe."
DATA-2,B1,DATASTRUCTURES,low,silent-failure,none,src/openms/include/OpenMS/DATASTRUCTURES/ListUtils.h,ListUtils::getIndex,"getIndex returns -1 (signed) on 'not found', a sentinel easy to misuse as an index or to overflow for large vectors",Document the -1 sentinel at the call-relevant level and keep it (changing the return type would break ABI). Optionally add a `findIndex` returning `std::optional<Size>` for new code. Doc-only is ABI-safe.
DATA-3,B1,DATASTRUCTURES,low,misleading-name,none,src/openms/include/OpenMS/DATASTRUCTURES/ListUtilsIO.h,"operator<<(std::vector<std::string>&, const TString&)",operator<< on a vector<string> appends (push_back) rather than stream-formats — same token means 'append' here and 'format to stream' two lines above,Document the append-semantics clearly and scope its visibility (it currently lives in namespace OpenMS and matches any TString). Long term prefer an explicit named helper or `emplace_back` at call sites. Doc/visibility note is ABI-safe; removing the operator would be source-breaking.
DATA-4,B1,DATASTRUCTURES,low,inconsistent-convention,none,src/openms/include/OpenMS/DATASTRUCTURES/StringUtils.h,StringUtils::trimmed / toUppered / toLowered / substituted,"Mutator/'-ed' copy naming pairs are inconsistent: 'remove'/'reverse'/'simplify'/'quote' have no copy variant, while trim/toUpper/substitute do","Add the missing copying overloads (reversed, simplified, removed, etc.) as additive inline functions — purely additive, ABI-safe — so the convention is complete and predictable."
DATA-7,B1,DATASTRUCTURES,low,misleading-name,source-compatible,src/openms/include/OpenMS/DATASTRUCTURES/DataValue.h,"operator<(const DataValue&, const DataValue&) / operator>(const DataValue&, const DataValue&)",DataValue operator< / operator> order lists by size and ignore unit; inconsistent with operator==,"Document the size-based, unit-agnostic ordering in the header and warn against using DataValue as an ordered-container key. Source-compatible fix: make list ordering lexicographic, add a deterministic cross-type tiebreak, and factor unit into the order so it agrees with operator==."
DATA-10,B1,DATASTRUCTURES,low,misleading-doc,none,src/openms/include/OpenMS/DATASTRUCTURES/DataValue.h,DataValue::setUnit / DataValue::getUnit,setUnit/getUnit doc says 'String' / 'UO identifier' but the unit is an opaque int32_t the class never validates,"Fix the doc comment (remove 'String'), document that the value is a numeric CV/UO accession with -1 meaning 'no unit', and cross-reference getUnitType(). Doc-only, ABI-neutral."
DATA-11,B1,DATASTRUCTURES,low,missing-doc,none,src/openms/include/OpenMS/DATASTRUCTURES/DataValue.h,DataValue::toChar,"toChar() doc implies it always returns a pointer/NULL, but it throws for non-string non-empty types","Add an `@exception Exception::ConversionError is thrown for non-string, non-empty values` clause to the header doc (the sibling ParamValue::toChar has the same gap). Doc-only, ABI-neutral."
DATA-12,B1,DATASTRUCTURES,low,misleading-name,none,src/openms/include/OpenMS/DATASTRUCTURES/Param.h,"Param::update(const Param&, const bool)","update(p_outdated) copies values FROM the argument INTO *this, opposite of the usual 'a.update(b)' direction","Keep the API (well established) but make the direction unmissable in the brief (e.g. 'pulls still-valid values FROM the outdated arg INTO this; this is the new/current schema'). Consider an alias name like `mergeValidValuesFrom` as an additive, deprecated-aliased rename. Doc-first; ABI-neutral."
DATA-13,B1,DATASTRUCTURES,low,silent-failure,none,src/openms/include/OpenMS/DATASTRUCTURES/Param.h,Param::getSectionDescription,"getSectionDescription returns an empty string for a missing section, indistinguishable from a real empty description","Documented as-is, but flag the inconsistency: keep behavior for ABI safety and pair it with hasSection() in docs (e.g. 'use hasSection() to distinguish missing from empty'). Optionally add a throwing overload for consistency. Doc-first, ABI-neutral."
DATA-15,B1,DATASTRUCTURES,low,misleading-name,source-compatible,src/openms/include/OpenMS/DATASTRUCTURES/DRange.h,DRange::intersects / DRange::isIntersected / DBoundingBox::intersects,intersects() returns an enum on DRange but a bool on DBoundingBox; the bool 'does it intersect' query is named isIntersected() on DRange,Document the enum return prominently and that bool conversion lumps Intersects+Inside as 'true' (Disjoint==0). Consider adding a clearly-named DRange::classifyIntersection() returning the enum and making intersects()/isIntersected() consistently bool across DRange and DBoundingBox; keep old names as deprecated aliases for ABI.
DATA-16,B1,DATASTRUCTURES,low,hidden-side-effect,source-compatible,src/openms/include/OpenMS/DATASTRUCTURES/DPosition.h,DPosition::abs,abs() mutates the position in place rather than returning an absolute-value copy,"Document the in-place mutation in the brief comment ('Replaces each coordinate with its absolute value, in place'). Optionally add a const 'DPosition absCopy() const' for the non-mutating expectation. Rename to makeAbs()/absInPlace() with a deprecated alias if a cleaner API is desired (ABI: additive)."
DATA-17,B1,DATASTRUCTURES,low,doc-mismatch,none,src/openms/include/OpenMS/DATASTRUCTURES/DRange.h,DRange::extend,extend(PositionType) doc says invalid min/max are 'not fixed automatically' but the code does fix them to the center,Pure doc fix: correct the @param note to match the actual clamping-to-center behavior ('inverted ranges are collapsed to their center; min>max can never result'). No code/ABI change.
DATA-19,B1,DATASTRUCTURES,low,implicit-conversion,source-compatible,src/openms/include/OpenMS/DATASTRUCTURES/DPosition.h,DPosition::DPosition,Non-explicit single-arg constructor allows a scalar to implicitly become a DPosition with ALL coordinates set to that scalar,Marking explicit would be the ideal fix but is ABI/source-breaking given pervasive implicit use; instead document the fill-all-dimensions behavior prominently and add a static named factory like DPosition::filled(x) for clarity. Flag explicit as the ideal long-term fix (breaking).
DATA-20,B1,DATASTRUCTURES,low,surprising-default,none,src/openms/include/OpenMS/DATASTRUCTURES/DIntervalBase.h,DIntervalBase::DIntervalBase,"Default-constructed interval has min=+max_double and max=-max_double, violating the class's own documented min<=max invariant",Document explicitly that the default/empty state intentionally has inverted corners and that geometric accessors (width/height/center/diagonal) are only meaningful after at least one enlarge()/setMinMax(); soften the @invariant to exclude the empty sentinel. No ABI change.
DATA-21,B1,DATASTRUCTURES,low,return-value,none,src/openms/include/OpenMS/DATASTRUCTURES/DPosition.h,DPosition::operator*,"operator* between two DPositions is the dot product (returns a scalar), not an element-wise vector","Keep for ABI but make the brief comment say 'Inner (dot) product, returns a scalar' (it already says inner product, but the contrast with +/- being element-wise deserves a note). Consider a named dot() method as the discoverable form. No ABI change."
DATA-22,B1,DATASTRUCTURES,low,documented-behavior,source-compatible,src/openms/include/OpenMS/DATASTRUCTURES/DIntervalBase.h,DIntervalBase::assign,assign() across dimensions silently copies only the overlapping coordinates and leaves the rest untouched,Behavior is documented; clarify in the brief that higher dimensions are left unchanged (not zeroed) and take rhs by const reference to avoid the silent copy. Minor; consider renaming to assignCommonDims(). No hard ABI break needed.
DATA-23,B1,DATASTRUCTURES,low,return-value,none,src/openms/include/OpenMS/DATASTRUCTURES/DistanceMatrix.h,DistanceMatrix::operator(),"Non-const operator() returns a value copy, not a mutable reference; assignment through it is impossible","Document clearly that DistanceMatrix is write-only via setValue() (because writes must maintain min_element_), and consider removing the redundant non-const operator() overload (it adds no capability). ABI: removing an overload is breaking; safest additive fix is a doc note. Do NOT change it to return a reference (would bypass min_element_ tracking)."
DATA-28,B1,DATASTRUCTURES,low,misleading-name,source-compatible,src/openms/include/OpenMS/DATASTRUCTURES/ConstRefVector.h,ConstRefVector::operator< / operator> / operator<= / operator>=,"Relational operators compare container sizes, not element contents, while operator== compares elements","Rename to a clearly size-based comparator or make relational ops lexicographic to match ==. If ABI must hold, at minimum document that ordering is by size only. ABI: changing semantics is behavioral-breaking; doc + a new explicitly-named method (e.g. sizeLess) is the safe additive path."
DATA-29,B1,DATASTRUCTURES,low,implicit-conversion,source-compatible,src/openms/include/OpenMS/DATASTRUCTURES/ConstRefVector.h,ConstRefVector::ConstRefVector(ContainerType&),Single-argument non-explicit constructor enables implicit conversion from any container to a pointer-aliasing view,"Mark the single-argument constructors `explicit`. ABI: source-compatible in most code (implicit conversions are rare and usually unintended), low risk."
DATA-30,B1,DATASTRUCTURES,low,surprising-default,source-compatible,src/openms/include/OpenMS/DATASTRUCTURES/MatchedIterator.h,MatchedIterator::MatchedIterator(),Default-constructed MatchedIterator is NOT an end iterator (is_end_=false) despite holding singular iterators,"Either initialize the default ctor to is_end_(true) so a default iterator equals end(), or document loudly that a default-constructed iterator is singular and must be assigned before any use. ABI: changing the default flag is behavioral; the conservative additive fix is documentation, ideal fix is is_end_(true)."
DATA-31,B1,DATASTRUCTURES,low,misleading-name,none,src/openms/include/OpenMS/DATASTRUCTURES/FASTAContainer.h,FASTAContainer<TFI_File>::size,"size() returns entries read so far, not the number of entries in the FASTA file",Document is present but the name still actively misleads; consider an additive alias like entriesRead()/numCached() and deprecate reliance on size() as a total. ABI: additive method is non-breaking; renaming would break callers.
DATA-32,B1,DATASTRUCTURES,low,const-correctness,source-compatible,src/openms/include/OpenMS/DATASTRUCTURES/FASTAContainer.h,FASTAContainer<TFI_Vector>::empty,"empty() is const on the vector specialization but non-const on the file specialization, breaking the shared interface",Make the file specialization's empty() const (mark f_ access mutable if needed) to match the vector specialization. ABI: adding const is source-compatible for callers.
DATA-34,B1,DATASTRUCTURES,low,hidden-side-effect,source-compatible,src/openms/include/OpenMS/DATASTRUCTURES/DateTime.h,DateTime::setTime,"setTime marks a date-less DateTime as valid, so isValid() returns true for an object with no (valid) date","Document that isValid()/isNull() track assignment, not calendar validity; or only set valid=true when the date fields already form a valid date. Prefer the doc clarification (source-compatible) given the explicit intent to mimic Qt."
DATA-36,B1,DATASTRUCTURES,low,param-order-or-bool,source-compatible,src/openms/include/OpenMS/DATASTRUCTURES/DateTime.h,DateTime::getDate / DateTime::getTime,"getDate fills month,day,year (US order) while string output is yyyy-MM-dd — easily-swapped same-typed UInt out-params","Cannot change the parameter order without breaking source. Add a strongly-named struct-returning accessor (e.g. a small {year,month,day} struct) or at least emphasize the month-day-year order in the header doc to reduce swap bugs. Additive/doc fix is source-compatible."
DATA-37,B1,DATASTRUCTURES,low,inconsistent-convention,none,src/openms/include/OpenMS/DATASTRUCTURES/DateTime.h,DateTime::operator<,"operator< ignores the 'valid' flag that operator== includes, so ordering and equality disagree","Include fields_.valid in operator< (as the lowest-priority key) to make the ordering consistent with equality, or document the discrepancy. Adding valid to the tie is source-compatible and ABI-neutral."
DATA-39,B1,DATASTRUCTURES,low,const-correctness,breaking,src/openms/include/OpenMS/DATASTRUCTURES/Adduct.h,Adduct::operator+,"operator+ is non-const, so it cannot be applied to a const Adduct",Add `const` qualifier: `Adduct operator+(const Adduct& rhs) const;`. Adding const to a member is ABI-breaking on some platforms (mangled name changes); the safe additive path is to add a const overload while keeping the old one deprecated.
DATA-40,B1,DATASTRUCTURES,low,misleading-documentation,none,src/openms/include/OpenMS/DATASTRUCTURES/MassExplainer.h,MassExplainer::query,query() documented to return a negative value 'if no explanations found' but never can,"Fix the documentation to state it returns 0 when no explanations match (range is empty), removing the false negative-return contract. Pure doc change, no ABI impact."
DATA-42,B1,DATASTRUCTURES,low,inconsistent-convention,source-compatible,src/openms/include/OpenMS/DATASTRUCTURES/Adduct.h,Adduct::toAdductString (2-arg),Two overloads of toAdductString differ in static-ness for no reason; the 2-arg one needs an instance but uses none,Mark the 2-arg overload `static` as well. Changing a non-static member to static is technically an ABI/mangling change; the additive-safe path is to add a new static overload (e.g. with a defaulted mol_multiplier on the static 3-arg form) and deprecate the non-static one.
DATA-43,B1,DATASTRUCTURES,low,return-value,breaking,src/openms/include/OpenMS/DATASTRUCTURES/GridFeature.h,GridFeature::getID,"getID() narrows a Size feature index into a signed Int, silently wrapping for large maps","Change the return type to Size to match getFeatureIndex(), or document the narrowing. Return-type change is ABI-breaking; if stability is required, add `Size getIDSize() const` and deprecate getID(), and document the truncation on the old one."
DATA-46,B1,DATASTRUCTURES,low,incorrect-doc-comment,none,src/openms/include/OpenMS/DATASTRUCTURES/ChargePair.h,ChargePair::getCompomer,getCompomer() doc says it returns an 'Id' but it returns the Compomer object,"Fix the doc-comments to 'Returns the Compomer ...' / 'Set the Compomer ...'. Pure doc change, no ABI impact."
DATA-47,B1,DATASTRUCTURES,low,implicit-conversion,source-compatible,src/openms/include/OpenMS/DATASTRUCTURES/Adduct.h,Adduct::Adduct(Int),"Single-argument Adduct(Int) is non-explicit, enabling silent int->Adduct conversions","Mark the constructor `explicit`. This is source-compatible for direct-initialization call sites; only code relying on implicit conversion breaks (and should). Low ABI risk (no mangling change for constructors), but could break dependent compilation, so stage with a deprecation note."
DATA-48,B1,DATASTRUCTURES,low,unit-or-index,source-compatible,src/openms/include/OpenMS/DATASTRUCTURES/CalibrationData.h,CalibrationData::getError,getError() returns a different physical unit (ppm vs Th) depending on hidden usePPM() state,Document the unit dependence at the getError() declaration (currently the brief only says 'in either ppm or Th') and consider an explicit getErrorPPM()/getErrorTh() pair so call sites are self-documenting. Additive overloads are ABI-safe.
DATA-50,B1,DATASTRUCTURES,low,const-correctness,source-compatible,src/openms/include/OpenMS/DATASTRUCTURES/CVMappings.h,CVMappings::hasCVReference,Read-only predicate hasCVReference() is not const and cannot be called on a const CVMappings,Add a `const` overload (or change the qualifier to const). Adding the const qualifier is source-compatible for existing callers; the safest ABI-preserving route is to add a new `bool hasCVReference(const std::string&) const;` overload.
DATA-52,B1,DATASTRUCTURES,low,return-value,none,src/openms/include/OpenMS/DATASTRUCTURES/LPWrapper.h,LPWrapper::getStatus,getStatus() doc numbering contradicts the actual SolverStatus enum values,"Fix the doc-comment to reference the actual enumerators (UNDEFINED/OPTIMAL/FEASIBLE/NO_FEASIBLE_SOL) instead of stale magic numbers, and steer callers to compare against the enum rather than ints. Doc-only change; no ABI impact."
DATA-55,B1,DATASTRUCTURES,low,hidden-side-effect,none,src/openms/include/OpenMS/DATASTRUCTURES/LPWrapper.h,LPWrapper::getRowIndex,Name-lookup 'get' methods mutate the GLPK problem object (build a search index),"Document that the lookup builds/refreshes a name index as a side effect (and is therefore non-const and not cheap if called in a loop). If desired, build the index lazily once. Doc-only; no ABI impact."
DATA-56,B1,DATASTRUCTURES,low,const-correctness,breaking,src/openms/include/OpenMS/DATASTRUCTURES/LPWrapper.h,LPWrapper::getColumnValue,Pure read-only solution/bound/objective getters are not const,"Mark the genuinely read-only accessors const (or add const overloads). Adding const is source-compatible; because these are virtual-free non-overloaded members, prefer adding const directly with care for the GLPK index-building exceptions noted separately."
DATA-57,B1,DATASTRUCTURES,low,param-order-or-bool,none,src/openms/include/OpenMS/DATASTRUCTURES/LPWrapper.h,LPWrapper::readProblem,readProblem documents its input filename as @param[out] and ignores 'format' for most backends,"Change the doc tag to `@param[in] filename` and reword the description (it reads, not stores). Document that 'format' is only honored by the GLPK backend (or remove/deprecate the parameter where ignored). Doc-only; no ABI impact."
DATA-58,B1,DATASTRUCTURES,low,param-order-or-bool,source-compatible,src/openms/include/OpenMS/DATASTRUCTURES/OSWData.h,OSWData::fromNativeID,fromNativeID takes a signed int but transition/native IDs are UInt32 everywhere else in the class,"Add a `UInt fromNativeID(UInt32 transition_id) const` overload to match getTransition()/getID() typing, and deprecate the int version. Additive overload is source-compatible."
DATA-59,B1,DATASTRUCTURES,low,missing-doc-default,none,src/openms/include/OpenMS/DATASTRUCTURES/Utils/MapUtilities.h,MapUtilities::applyFunctionOnPeptideHits,applyFunctionOnPeptideHits/IDs default to ALSO mutating unassigned identifications,"Document the default prominently in the doc-comment (currently '/// applies a function on all PeptideHits or only assigned ones' does not state the default) so callers know unassigned IDs are included unless they pass false. Doc-only; no ABI/source impact. Changing the default would be a behavior break, so keep it and document."
KERN-1,B1,KERNEL,low,documentation/sentinel-value,none,src/openms/include/OpenMS/KERNEL/MobilityPeak2D.h,MobilityPeak2D::shortDimensionUnitIM / fullDimensionUnitIM,"Ion-mobility unit accessors return the literal placeholder ""?"" instead of a real unit","Document explicitly in the header that the IM unit is intentionally unknown and that these accessors return ""?"" as a sentinel; ideally add a bool-returning hasKnownUnit()/isUnitKnown() helper (additive, source-compatible) so callers can branch instead of string-matching ""?"". Do not silently emit ""?"" into user-facing labels."
KERN-2,B1,KERNEL,low,surprising-throw,source-compatible,src/openms/include/OpenMS/KERNEL/Peak2D.h,Peak2D::shortDimensionName / fullDimensionName / shortDimensionUnit / fullDimensionUnit (and MobilityPeak2D equivalents),Dimension accessors taking a UInt index do no bounds checking and silently read out of bounds for dim>=2,"Add an assert/range check that throws Exception::IndexOverflow for dim>=DIMENSION (or OPENMS_PRECONDITION), matching OpenMS index-access conventions. This is source-compatible; the only behavior change is converting UB into a defined throw for already-invalid input."
KERN-3,B1,KERNEL,low,misleading-name,none,src/openms/include/OpenMS/KERNEL/MobilityPeak1D.h,MobilityPeak1D::getMobility / setMobility,"getMobility() is documented as ""access to m/z"" (copy-paste from Peak1D), contradicting the function name and behavior","Fix the doc comment to ""Non-mutable access to the mobility"". Documentation-only change, no ABI impact."
KERN-4,B1,KERNEL,low,inconsistent-convention,none,src/openms/include/OpenMS/KERNEL/ChromatogramPeak.h,"ChromatogramPeak::RTLess::operator()(const ChromatogramPeak&, const ChromatogramPeak&)",RTLess compares left.getRT() against right.getPos() instead of right.getRT(),Change right.getPos() to right.getRT() for consistency with the comparator name and the sibling comparators. Behavior-preserving today; source-compatible.
KERN-9,B1,KERNEL,low,ownership-lifetime,none,src/openms/include/OpenMS/KERNEL/BinnedSpectrum.h,BinnedSpectrum::getBins,getBins() returns a raw owning pointer that can be nullptr on default-constructed objects,"Document that getBins() may return nullptr for default-constructed objects, or return a reference and guarantee allocation, or expose helper accessors (nonZeros(), bin count) so callers never touch the raw pointer. ABI: doc-only is non-breaking; signature change would break."
KERN-11,B1,KERNEL,low,misleading-name,source-compatible,src/openms/include/OpenMS/KERNEL/MSChromatogram.h,MSChromatogram::getMZ,"getMZ() on a chromatogram returns product-precursor metadata, not anything derived from the peak data","Consider an additive, clearer alias such as getProductMZ() (deprecate-and-alias getMZ) to make the source of the value explicit; at minimum keep the doc note. ABI: additive alias."
KERN-12,B1,KERNEL,low,inconsistent-convention,source-compatible,src/openms/include/OpenMS/KERNEL/Mobilogram.h,Mobilogram::emplace_back,"Two emplace_back overloads with inconsistent return types (one returns a reference, the variadic returns void)",Make both overloads return `MobilityPeak1D&` (and use std::forward in the variadic form) to match std::vector semantics; drop the by-value single-arg overload in favor of the variadic. ABI: changing return type of an inline is source-compatible for typical call sites.
KERN-13,B1,KERNEL,low,return-value,source-compatible,src/openms/include/OpenMS/KERNEL/Mobilogram.h,Mobilogram::erase,"erase() returns a ConstIterator, unlike std::vector::erase which returns a mutable iterator",Return Iterator (the mutable iterator that data_.erase already yields) to match std::vector and the sibling classes. ABI: return-type change on an inline is source-compatible for assignment-style call sites.
KERN-14,B1,KERNEL,low,misleading-doc,none,src/openms/include/OpenMS/KERNEL/MSSpectrum.h,MSSpectrum::sortByIntensity / sortByPosition,Docs say peaks are sorted 'Lexicographically' but the sort uses a single scalar key,"Drop 'Lexicographically' from the docs (or specify the tie-break behavior, which is stable order). Doc-only. ABI: none."
KERN-15,B1,KERNEL,low,inconsistent-overload-contract,none,src/openms/include/OpenMS/KERNEL/MSSpectrum.h,MSSpectrum::findNearest,findNearest overloads disagree on return type and failure mode (Size+throw vs Int+(-1) sentinel),Keep the signatures (ABI) but emphasize in docs the differing contracts; longer term consider an std::optional<Size>-returning additive overload for a uniform not-found signal. ABI: doc now; additive overload later.
KERN-18,B1,KERNEL,low,const-correctness,breaking,src/openms/include/OpenMS/KERNEL/OnDiscMSExperiment.h,OnDiscMSExperiment::getMetaData,const getMetaData() hands out a non-const shared_ptr<PeakMap> to internal meta state,"Add a getMetaData() const overload returning std::shared_ptr<const PeakMap> and, if mutation is genuinely needed, a separate non-const getMetaData(). Changing the return type is source-breaking, so introduce the const-returning variant additively and deprecate the mutable one."
KERN-19,B1,KERNEL,low,documentation,source-compatible,src/openms/include/OpenMS/KERNEL/OnDiscMSExperiment.h,OnDiscMSExperiment::getSpectrum,"getSpectrum() silently returns a peak-less spectrum when filtered, indistinguishable from a genuinely empty scan","Document the empty-means-filtered contract directly on getSpectrum() (currently only in the class header), and consider an explicit wasFiltered(id) or an optional out-param so callers can distinguish filtered-out from genuinely empty. Additive only; do not change the return type."
KERN-20,B1,KERNEL,low,silent-failure,none,src/openms/include/OpenMS/KERNEL/MSExperiment.h,MSExperiment::aggregate,"aggregate() returns an empty vector for both 'no ranges' and 'no spectra at this MS level', erasing per-range output structure","On the 'no matching spectra' path, return a vector of size mz_rt_ranges.size() of empty sub-vectors (preserving positional indexing), or document the size-0 contract prominently. Behavioral change, so gate behind doc + possibly a new overload."
KERN-23,B1,KERNEL,low,return-value,none,src/openms/include/OpenMS/KERNEL/MSExperiment.h,MSExperiment::calculateTIC,"calculateTIC returns a top-level const value, defeating move semantics",Drop the top-level const on the return type (return MSChromatogram). This is source-compatible for nearly all callers but changes the function signature/mangling; provide as an additive cleanup in a minor release.
KERN-24,B1,KERNEL,low,const-correctness,source-compatible,src/openms/include/OpenMS/KERNEL/Feature.h,Feature::getConvexHull,const getter returns a mutable reference into the object and lazily recomputes/caches internal state,"Additive/source-compatible: add a `const ConvexHull2D& getConvexHull() const;` overload (or change the return type to const-ref) so callers cannot mutate the cache, and document that the first call lazily recomputes the overall hull. If the mutable return is genuinely needed, provide it via a distinctly named non-const method (e.g. getMutableConvexHull()). Keep the lazy-cache behavior but state it in the docstring."
KERN-26,B1,KERNEL,low,undocumented-behavior,none,src/openms/include/OpenMS/KERNEL/BaseFeature.h,BaseFeature::getAnnotationState,const getAnnotationState() copies and sorts peptide hits internally; ID-format selection is non-obvious,"Document that the method sorts copies of the peptide IDs (so it is O(n log n), not a trivial query) and that new-format matches take precedence over legacy peptide IDs when both are present. No ABI change needed."
KERN-27,B1,KERNEL,low,missing-doc,none,src/openms/include/OpenMS/KERNEL/FeatureMap.h,FeatureMap::operator+=,"operator+= silently resets the LHS's ranges, document identifier and unique id","The header doc mentions DocumentIdentifier/UniqueIdInterface reset but not the range reset; document that ranges are invalidated (call updateRanges() afterward). Behavior is load-bearing, so prefer documentation over a behavior change to preserve ABI."
KERN-35,B1,KERNEL,low,misleading-name,none,src/openms/include/OpenMS/KERNEL/MRMTransitionGroup.h,MRMTransitionGroup::size,"size() returns the number of chromatograms, not transitions or features, even though the group holds several parallel collections","Document size() as 'number of fragment-ion chromatograms' and/or add getTransitions().size()-style named accessors; no rename needed. ABI: doc-only, none."
KERN-36,B1,KERNEL,low,surprising-default,none,src/openms/include/OpenMS/KERNEL/ConsensusMap.h,ConsensusMap::clear,"clear() defaults to also wiping ALL metadata (column headers, protein/peptide IDs, ranges, unique id, experiment type), unlike std::vector::clear","Keep the overload but consider documenting prominently that the default destroys all run/column/ID metadata; callers wanting std::vector semantics must pass false. A safer default (false) would be a behavior break, so prefer doc emphasis. ABI: none (doc)."
KERN-37,B1,KERNEL,low,param-order-or-bool,source-compatible,src/openms/include/OpenMS/KERNEL/ConsensusFeature.h,ConsensusFeature::setRatios,"setRatios takes a non-const lvalue reference, blocking temporaries/const args despite only copying",Add a const-ref overload (and/or an rvalue overload) so it matches normal setter ergonomics; keep the existing one for ABI. ABI: additive overload is none/additive.
KERN-39,B1,KERNEL,low,surprising-throw,none,src/openms/include/OpenMS/KERNEL/RangeManager.h,RangeBase::getMin / RangeBase::getMax,Plain getters getMin()/getMax() throw on an empty/default-constructed range,"Keep throwing for safety but make it discoverable: document the throw on every derived getMinRT/getMinMZ/etc. (currently only the base mentions it), and offer a non-throwing companion such as getNonEmptyRange() (already exists) or a tryGetMin(). Doc/additive change; ABI-safe."
KERN-40,B1,KERNEL,low,surprising-throw,none,src/openms/include/OpenMS/KERNEL/RangeManager.h,RangeManager::extend,"RangeManager::extend(RangeManager) throws when dimensions do not overlap, unlike every other extend overload",Document the throw prominently on extend/assign/clampTo/pushInto (the brief says only '@throw ... if no dimensions overlapped'). Consider that the *Unsafe naming is inverted vs. typical 'unsafe = no checks'; a future additive rename to extendOrNothing()/tryExtend() with a deprecated alias would reduce surprise. Doc-only fix is ABI-safe.
KERN-41,B1,KERNEL,low,misleading-name,none,src/openms/include/OpenMS/KERNEL/RangeManager.h,RangeManager::extendUnsafe / assignUnsafe / pushIntoUnsafe / clampToUnsafe,"The 'Unsafe' suffix denotes 'does not throw', the opposite of its usual C++ meaning",Clarify in the docs that 'Unsafe' here means 'does not throw on no-overlap; caller must check the bool return'. Ideal additive fix: introduce tryExtend()/extendIfOverlap() aliases and deprecate the *Unsafe names. Doc-only is ABI-safe.
KERN-45,B1,KERNEL,low,ownership-lifetime,none,src/openms/include/OpenMS/KERNEL/DimMapper.h,Area::Area(const DimMapper<N_DIM>* const) / Area::mapper_,Area stores a non-owning DimMapper pointer; copies share it and outliving the mapper dangles,Prominently document the borrowed-lifetime contract on the constructor (caller must keep the DimMapper alive for the lifetime of every Area and its clones). The '(non owning pointer)' comment is on the ctor but the danger to copies/clones should be explicit. Doc-only; ABI-safe.
KERN-51,B1,KERNEL,low,missing-doc,none,src/openms/include/OpenMS/KERNEL/SpectrumHelper.h,OpenMS::subtractMinimumIntensity,subtractMinimumIntensity mutates intensities in place and leaves data arrays inconsistent,Promote the 'data arrays are not updated' note from a code comment into the declaration's doxygen so callers see it in the API docs. No ABI change needed.
KERN-52,B1,KERNEL,low,inconsistent-convention,source-compatible,src/openms/include/OpenMS/KERNEL/AreaIterator.h,Internal::AreaIterator::Param::msLevel,"MS level type is inconsistently signed (uint8_t in ctor, int8_t in setter and member)","Unify on uint8_t for the setter parameter and the ms_level_ member to match the constructor and the domain (MS levels are non-negative). Internal:: class, so the signedness change is low-risk; verify no caller relies on negative sentinel."
META-2,B2,METADATA,low,return-value,none,src/openms/include/OpenMS/METADATA/HPLC.h,HPLC::getFlux / HPLC::setFlux / HPLC::getPressure,Pressure/flux accessors are UInt but the backing members are signed Int (negative values round-trip as huge UInt),"Make member types match the public unsigned API (store UInt) or make the API signed to match the members; either way pick one. ABI-safe path: keep signatures, change member declarations to `UInt`, which is a non-ABI-affecting internal change and removes the silent sign reinterpretation."
META-5,B2,METADATA,low,misleading-name,none,src/openms/include/OpenMS/METADATA/Sample.h,Sample::getOrganism / Sample::setOrganism / Sample::getNumber,Doc-comments for organism/number/state accessors are copy-paste wrong ('returns the sample name'),"Fix the doc-comments to describe organism/number. Doc-only change, fully ABI-safe."
META-7,B2,METADATA,low,const-correctness,none,src/openms/include/OpenMS/METADATA/ID/IdentificationData.h,IdentificationData::getCurrentProcessingStep,"getCurrentProcessingStep is a non-const getter, so it cannot be called on a const IdentificationData","Add a `const` overload `ProcessingStepRef getCurrentProcessingStep() const;` (additive). The ProcessingStepRef is an IteratorWrapper over a set::iterator that can be obtained from a const member without exposing mutability of the set's elements (set elements are const anyway), so this is safe and ABI-additive."
META-15,B2,METADATA,low,inconsistent-convention,none,src/openms/include/OpenMS/METADATA/SpectrumNativeIDParser.h,SpectrumNativeIDParser::isNativeID,"isNativeID recognizes the 'frame=' prefix that getRegExFromNativeID handles, but the class doc table omits 'frame=' from both",Add 'frame=' to the documented recognized-prefix list (and the class CV table) so the doc matches behavior. Doc-only fix; no ABI impact.
CHEM-2,B2,CHEMISTRY,low,return-value,none,src/openms/include/OpenMS/CHEMISTRY/EmpiricalFormula.h,EmpiricalFormula::estimateFromWeightAndComp / estimateFromMonoWeightAndComp / estimateFromWeightAndCompAndS,'estimate' return-flag semantics are documented inconsistently (true vs '1' vs false) and on failure the object is left in a partially-built state,"Fix the doc typo so all three methods read 'true = ok, false = negative hydrogens requested', and document that on false the formula_ is left without H (or restore prior state). abi_impact: doc-only."
CHEM-3,B2,CHEMISTRY,low,misleading-doc,none,src/openms/include/OpenMS/CHEMISTRY/EmpiricalFormula.h,EmpiricalFormula::contains,"contains() doc says elements of ef must be 'LESS abundant' than this, but the predicate is actually '>=' (less-or-EQUAL) and the direction wording is reversed-sounding","Reword doc to: 'returns true if, for every element in ef, this has at least as many atoms (>=, equality allowed); i.e. this contains ef as a sub-formula'. abi_impact: doc-only."
CHEM-6,B2,CHEMISTRY,low,asymmetric-api,none,src/openms/include/OpenMS/CHEMISTRY/Element.h,Element setters (setMonoWeight/setAverageWeight/setSymbol/setName/setAtomicNumber/setIsotopeDistribution),"Element exposes full mutators, but every Element a caller can obtain is owned by the singleton ElementDB and handed out as const Element* (immutable by design)",Document on Element that instances vended by ElementDB are immutable/shared and must not be mutated; consider clarifying that setters are only for constructing custom Elements not registered in the DB. abi_impact: doc-only.
CHEM-9,B2,CHEMISTRY,low,inconsistent-convention,source-compatible,src/openms/include/OpenMS/CHEMISTRY/DigestionEnzyme.h,DigestionEnzyme::operator< / operator==,"operator< orders by name only, but operator== compares name+synonyms+regex+description","Document that operator< is a name-only ordering and is not consistent with operator== (or make operator< tie-break on the same fields == uses). Behavior change to operator< could affect sorted containers, so prefer documenting the contract; field-aligning the comparison is source-compatible but a subtle behavior change."
CHEM-10,B2,CHEMISTRY,low,const-correctness,breaking,src/openms/include/OpenMS/CHEMISTRY/ProteaseDigestion.h,ProteaseDigestion::peptideCount,"peptideCount is non-const although it only reads state, while the heavier digest() is const",Add `const` to peptideCount. This is source-compatible for callers but changes the mangled name (ABI). Prefer adding a const overload or marking const in the next ABI-breaking window; documenting is the conservative interim fix.
CHEM-11,B2,CHEMISTRY,low,return-value,none,src/openms/include/OpenMS/CHEMISTRY/DigestionEnzymeRNA.h,DigestionEnzymeRNA::getCutsAfterRegEx / getCutsBeforeRegEx / getThreePrimeGain / getFivePrimeGain,RNA-enzyme string getters return by value while base-class string getters return const ref,"For consistency and to avoid copies, change to `const std::string&` returns (source-compatible for most callers, but changes ABI/mangling). At minimum document the by-value choice. Conservative: leave as-is and note the inconsistency."
CHEM-12,B2,CHEMISTRY,low,inconsistent-convention,source-compatible,src/openms/include/OpenMS/CHEMISTRY/DigestionEnzymeDB.h,DigestionEnzymeDB::getEnzymeByRegEx vs getEnzyme,Sibling lookup-by-key methods throw different exception types for the not-found case,Standardize both on Exception::ElementNotFound (the regex case is genuinely 'element not found'). This is source-compatible at the call site if callers catch the common base; document if a change is deferred.
CHEM-15,B2,CHEMISTRY,low,documentation,none,src/openms/include/OpenMS/CHEMISTRY/ISOTOPEDISTRIBUTION/IsotopeDistribution.h,IsotopeDistribution::getMax / IsotopeDistribution::getMin,"getMax()/getMin() document ""returns the isotope"" but return only a coordinate (m/z double)","Reword the doxygen to ""returns the m/z of the isotope with the largest/smallest m/z"" (the value, not the isotope). If a peak is genuinely wanted, add getMaxPeak()/getMinPeak() returning Peak1D for symmetry with getMostAbundant(). Doc fix is ABI-safe; adding overloads is additive."
CHEM-16,B2,CHEMISTRY,low,misleading-name,none,src/openms/include/OpenMS/CHEMISTRY/ISOTOPEDISTRIBUTION/CoarseIsotopePatternGenerator.h,CoarseIsotopePatternGenerator::getRoundMasses,getRoundMasses() doc contradicts setRoundMasses()/class semantics about what true vs false means,"Fix the getRoundMasses() doxygen to match the setter: true => integer-rounded masses, false => accurate masses. Pure doc fix, no ABI impact."
CHEM-18,B2,CHEMISTRY,low,misleading-name,none,src/openms/include/OpenMS/CHEMISTRY/ISOTOPEDISTRIBUTION/IsotopeDistribution.h,IsotopeDistribution::trimRight / IsotopeDistribution::trimLeft,"trimLeft/trimRight trim by container position (not by mass), and silently assume the distribution is mass-sorted",Document that these operate on the current (assumed mass-sorted) ordering and call sortByMass() first if unsure; or have them sort internally. Doc fix is ABI-safe.
CHEM-21,B2,CHEMISTRY,low,const-correctness,breaking,src/openms/include/OpenMS/CHEMISTRY/ISOTOPEDISTRIBUTION/CoarseIsotopePatternGenerator.h,CoarseIsotopePatternGenerator::estimateFromPeptideWeight (and sibling estimate* non-static methods),"estimateFrom*/estimateForFragment* are non-const despite not mutating the generator, breaking const-correctness symmetry with run()","Mark the read-only estimate* methods const to match run() and the const fragment overloads. Adding const can be source-compatible but is technically an ABI/overload change for a non-virtual member; prefer doing it in a coordinated minor-version bump, or at minimum document the inconsistency."
CHEM-23,B2,CHEMISTRY,low,hidden-side-effect,none,src/openms/source/CHEMISTRY/MASSDECOMPOSITION/MassDecomposition.cpp,MassDecomposition::compatible,const predicate compatible() writes diagnostic text to std::cerr,"Remove the leftover debug `cerr` statement (it looks like forgotten debugging output). This is a pure source/ABI-compatible change of an inline-less .cpp body; no signature change. If logging is intended, route it through OPENMS_LOG_DEBUG instead of unconditional std::cerr."
CHEM-26,B2,CHEMISTRY,low,const-correctness,none,src/openms/include/OpenMS/CHEMISTRY/MASSDECOMPOSITION/IMS/IMSIsotopeDistribution.h,IMSIsotopeDistribution::operator*=,operator*= mutates its const-reference argument via const_cast,"ABI-safe: operate on a local copy of the RHS instead of const_casting the caller's object, so the const contract is honoured. No signature change."
CHEM-28,B2,CHEMISTRY,low,asymmetric-api,none,src/openms/include/OpenMS/CHEMISTRY/MASSDECOMPOSITION/MassDecomposition.h,MassDecomposition::operator==,"operator== compares against a string and parses it, but there is no operator== against another MassDecomposition",ABI-safe additive: add `bool operator==(const MassDecomposition&) const` (and !=) so type-to-type equality is available and matches operator<. Keep the string overload but note it parses on each call.
CHEM-29,B2,CHEMISTRY,low,surprising-throw,none,src/openms/include/OpenMS/CHEMISTRY/MASSDECOMPOSITION/IMS/IMSAlphabet.h,IMSAlphabet::getElement / getMass / getName (index overloads),"Index-based accessors do no bounds checking and read out of range on a bad index (UB), while the name-based siblings throw a clean exception","ABI-safe: document that the index overloads require 0 <= index < size() and are unchecked (UB otherwise), making the asymmetry with the throwing name overloads explicit. Optionally add a checked accessor. No signature change needed."
CHEM-32,B2,CHEMISTRY,low,misleading-name,none,src/openms/include/OpenMS/CHEMISTRY/SpectrumAnnotator.h,SpectrumAnnotator::annotateMatches,"annotateMatches Doxygen in/out param directions are swapped (the const input is marked [out], the mutated output marked [in])","Swap the Doxygen directions: '@param[in,out] spec' (mutated) and '@param[in] ph' (read-only). Pure doc fix, no ABI impact."
CHEM-36,B2,CHEMISTRY,low,other,none,src/openms/include/OpenMS/CHEMISTRY/NucleicAcidSpectrumGenerator.h,NucleicAcidSpectrumGenerator::getMultipleSpectra,Doxygen marks the read-only input oligo as [out],"Change '@param[out] oligo' to '@param[in] oligo'. Pure doc fix, no ABI impact."
CHEM-40,B2,CHEMISTRY,low,documentation-inaccuracy,none,src/openms/include/OpenMS/CHEMISTRY/ProForma.h,ProForma::toAASequence,Doc promises a throw on a 'STRICT' policy that does not exist in the ConversionPolicy enum,Fix the doc to reference FAIL_ON_LOSS (the throwing policy) and the actual exception type thrown. abi_impact none.
CHEM-41,B2,CHEMISTRY,low,return-value,source-compatible,src/openms/include/OpenMS/CHEMISTRY/ProForma.h,ProForma::getMonoWeight(const Peptidoform&),getMonoWeight(Peptidoform) silently ignores the peptidoform's own per-chain charge field,"Either add a getMZ(const Peptidoform&) overload that uses pf.charge (symmetry with PeptidoformIon), or document that pf.charge is ignored by the mass/m-z helpers and must be passed explicitly. abi_impact source-compatible if adding an overload."
CHEM-43,B2,CHEMISTRY,low,inconsistent-convention,none,src/openms/include/OpenMS/CHEMISTRY/HydrophobicityProfile.h,HydrophobicityProfile::computeHydrophobicMoment,computeHydrophobicMoment hardcodes the Eisenberg scale while sibling profile methods take a configurable scale parameter,"Document in the header that the hydrophobic moment is computed on the Eisenberg consensus scale (per Eisenberg 1984), and optionally add a scale parameter overload. abi_impact none for doc; source-compatible if adding an overload."
CHEM-45,B2,CHEMISTRY,low,asymmetric-api,source-compatible,src/openms/include/OpenMS/CHEMISTRY/MzPAF.h,MzPAFParseError,"MzPAFParseError stores context_before_/context_after_ but exposes no getters, unlike the sibling ProForma::ParseError",Add getContextBefore()/getContextAfter() accessors to MzPAFParseError for parity. abi_impact source-compatible (additive).
META-20,B2,METADATA,low,ownership-lifetime,breaking,src/openms/include/OpenMS/METADATA/CVTermListInterface.h,CVTermListInterface::~CVTermListInterface,Non-virtual destructor on a class explicitly documented as a base class,"Make the destructor virtual (additive, but ABI-breaking because it changes the vtable layout) OR document explicitly that derived objects must never be deleted through a CVTermListInterface* and consider protecting the destructor. At minimum the misleading 'use to inherit from' doc and non-virtual dtor should be reconciled."
META-21,B2,METADATA,low,inconsistent-convention,breaking,src/openms/include/OpenMS/METADATA/CVTermListInterface.h,CVTermListInterface::replaceCVTerms,replaceCVTerms map overload takes a non-const lvalue reference unlike every sibling,Deprecate the non-const overload and rely on the const-ref map overload (they are redundant). Removing it is ABI-breaking; making it const is also a signature change. Safest additive step: mark the non-const one [[deprecated]] and route callers to the const overload.
META-22,B2,METADATA,low,misleading-doc,none,src/openms/include/OpenMS/METADATA/CVTermList.h,CVTermList::hasCVTerm,hasCVTerm documented as 'checks whether the term has a value' but checks accession presence,"Fix the doc comment to 'checks whether a CV term with the given accession is present' in both headers. Doc-only, fully ABI compatible."
META-23,B2,METADATA,low,incorrect-doc-comment,none,src/openms/include/OpenMS/METADATA/CVTermList.h,CVTermList::getCVTerms,getCVTerms documented as 'returns the accession string of the term',"Correct the doc comment in both headers to describe the returned map. Doc-only, ABI compatible."
META-25,B2,METADATA,low,other,breaking,src/openms/include/OpenMS/METADATA/CVTerm.h,CVTerm::Unit::~Unit,"Plain value struct CVTerm::Unit has a virtual destructor, giving it a surprising vtable","Make the destructor non-virtual (ideally = default and non-virtual) since Unit is not a base class. Changing virtual->non-virtual is ABI-breaking (vtable removal), so guard behind a deliberate ABI-break window; otherwise document that the virtual is vestigial."
META-28,B2,METADATA,low,asymmetric-api,none,src/openms/include/OpenMS/METADATA/AcquisitionInfo.h,AcquisitionInfo,Container exposes add/insert/resize but no element removal (no clear/erase/pop_back),"Additively export the missing symmetric members ('using ContainerType::clear; using ContainerType::erase; using ContainerType::pop_back;' and likely front/at/reserve) to complete the container surface. Purely additive, source- and ABI-compatible."
META-32,B2,METADATA,low,const-correctness,breaking,src/openms/include/OpenMS/METADATA/ExperimentalDesign.h,ExperimentalDesign::getSample,getSample is a read-only lookup but is declared non-const,"Add const qualifier. Since this changes the mangled name, ideally add a const overload (or change to const if no callers rely on the non-const binding) and deprecate the non-const form."
META-33,B2,METADATA,low,misleading-name,none,src/openms/include/OpenMS/METADATA/ExperimentalDesign.h,ExperimentalDesign::getNumberOfFractions,getNumberOfFractions documented as 'highest fraction index' but returns count of distinct fraction ids,Update the doc to 'number of distinct fraction identifiers'. Documentation-only; no ABI impact.
META-36,B2,METADATA,low,silent-failure,none,src/openms/source/METADATA/IdentifierMSRunMapper.cpp,IdentifierMSRunMapper::getPrimaryMSRunPath,getPrimaryMSRunPath returns an empty string for unknown identifier or out-of-range merge index,"Document the empty-string-means-not-found contract in the header, or add a tryGetPrimaryMSRunPath(...) bool overload (consistent with the existing tryGetIdentifier pattern) so callers can detect failure. Additive; no ABI break."
META-41,B2,METADATA,low,incorrect-documentation,none,src/openms/include/OpenMS/METADATA/PeptideEvidence.h,PeptideEvidence::setStart,setStart() documented as setting the position of the *last* AA (copy-paste error from setEnd),"Fix the doc comment to say ""position of the FIRST AA of the peptide"" (start), purely a comment change. abi_impact none."
META-42,B2,METADATA,low,hidden-side-effect,none,src/openms/include/OpenMS/METADATA/ProteinHit.h,ProteinHit::setSequence / setAccession,"setSequence()/setAccession() silently trim() the input, so the stored value differs from what was passed",Document the trimming in the header comments for setSequence/setAccession (and the constructor). abi_impact none (doc only).
META-43,B2,METADATA,low,param-order-or-bool,source-compatible,src/openms/include/OpenMS/METADATA/ProteinHit.h,ProteinHit::setModifications,"setModifications takes a non-const lvalue reference, so const sets and temporaries cannot be passed","Add an overload taking `const std::set<...>&` (additive, source-compatible); ideally deprecate the non-const-ref signature. abi_impact source-compatible."
META-45,B2,METADATA,low,misleading-name,none,src/openms/include/OpenMS/METADATA/PeptideIdentification.h,PeptideIdentification::empty,"empty() ignores RT, MZ, spectrum_reference and hits' annotations — a spectrum-anchored ID with metadata reports empty()==true","Document precisely what empty() considers, or add the RT/MZ/spectrum_reference checks behind a clearly named method (e.g. hasContent()). abi_impact none for doc; source-compatible if a new method is added."
META-46,B2,METADATA,low,misleading-name,none,src/openms/include/OpenMS/METADATA/PeptideIdentification.h,PeptideIdentification::hasMZ,"hasMZ() is documented as ""shortcut for isnan(getRT())"" (copy-paste from hasRT)","Fix the comment to ""shortcut for !isnan(getMZ())"" (and note both comments say isnan but the methods return the negation). abi_impact none."
META-51,B2,METADATA,low,surprising-throw,none,src/openms/source/METADATA/ID/IdentifiedMolecule.cpp,IdentifiedMolecule::getIdentifiedPeptideRef / getIdentifiedCompoundRef / getIdentifiedOligoRef,get*Ref() accessors throw when the variant holds a different molecule type,"Document the throwing precondition (must match getMoleculeType()) in the header, and consider adding non-throwing `tryGetIdentified*Ref()` variants returning std::optional. Additive, ABI-safe."
CHEM-50,B2,CHEMISTRY,low,const-correctness,breaking,src/openms/include/OpenMS/CHEMISTRY/Residue.h,Residue::isInResidueSet,Read-only predicate isInResidueSet() is not const,"Add `const` to the declaration and definition. Adding const is source-compatible for callers but changes the mangled symbol, so technically an ABI break for that one symbol; provide it as the canonical fix and rebuild dependents."
CHEM-51,B2,CHEMISTRY,low,return-value,none,src/openms/include/OpenMS/CHEMISTRY/AASequence.h,AASequence::getResidue / AASequence::operator[],Doc comments say 'returns a pointer' but both return a const reference,"Fix the doc comments to 'returns a (const) reference to the residue ... throws Exception::IndexOverflow if out of range'. Doc-only, ABI-safe."
CHEM-54,B2,CHEMISTRY,low,return-value,none,src/openms/include/OpenMS/CHEMISTRY/Residue.h,Residue::getLossNames,Doc says getLossNames() returns 'an empty string' but it returns a vector of strings,"Fix the doc to 'returns the neutral loss names (empty vector if none)'. Doc-only, ABI-safe."
CHEM-55,B2,CHEMISTRY,low,unit-or-index,none,src/openms/include/OpenMS/CHEMISTRY/AASequence.h,AASequence::getMonoWeight,"getMonoWeight(type, charge) returns a proton-added neutral-plus-charge mass, not an m/z, despite a sibling getMZ existing","Header already says 'in the given ionic form'; strengthen the doc to state explicitly that a non-zero charge adds charge*proton mass (charged-species mass, not m/z, not neutral). Doc-only, ABI-safe."
CHEM-56,B2,CHEMISTRY,low,const-correctness,source-compatible,src/openms/include/OpenMS/CHEMISTRY/NASequence.h,NASequence::get,get(index) is a non-const getter and cannot be called on a const NASequence,"Add `const` to the existing method (or add a const overload to preserve ABI): `const Ribonucleotide* get(size_t index) const`. The implementation already only reads, so marking it const is source-compatible for existing non-const callers."
CHEM-58,B2,CHEMISTRY,low,inconsistent-convention,none,src/openms/include/OpenMS/CHEMISTRY/NASequence.h,NASequence::getPrefix/getSuffix vs getSubsequence,"length handling is inconsistent: getSubsequence clamps an over-long length, getPrefix/getSuffix throw","Pick one convention (preferably clamp, consistent with getSubsequence) and apply it across all three, or document the divergence prominently. Aligning getPrefix/getSuffix to clamp is source-compatible for valid inputs."
CHEM-59,B2,CHEMISTRY,low,hidden-side-effect,none,src/openms/source/CHEMISTRY/NASequence.cpp,NASequence::getSubsequence,getSubsequence (a const accessor) prints to std::cout,"Remove the stray `cout` line. Pure cleanup, no API/ABI change."
CHEM-60,B2,CHEMISTRY,low,swapped-doc-comment,none,src/openms/include/OpenMS/CHEMISTRY/Ribonucleotide.h,Ribonucleotide::getAvgMass / setAvgMass,"Doc comments for getAvgMass/setAvgMass are swapped (getter documented as 'Set', setter as 'Get')","Swap the two doc comments so each describes its own method. Documentation-only fix, no ABI impact."
CHEM-63,B2,CHEMISTRY,low,misleading-doc,none,src/openms/include/OpenMS/CHEMISTRY/ModificationsDB.h,ModificationsDB::getNumberOfModifications,"Doc claims count is ""read from the unimod.xml file"" but it counts all providers plus runtime-interned mods","Reword doc to ""Returns the total number of modifications currently in the database (all providers plus any runtime-added)."" ABI-safe doc fix."
CHEM-65,B2,CHEMISTRY,low,inconsistent-convention,none,src/openms/include/OpenMS/CHEMISTRY/ModifiedPeptideGenerator.h,ModifiedPeptideGenerator::applyVariableModifications,"Parameter named keep_original in header, keep_unmodified in impl; doc claims original is the ""first entry"" but output is appended to an existing vector","Make the header and impl parameter name agree, and change the doc to ""...as the first appended entry"". ABI-safe (parameter names are not part of ABI; doc-only)."
CHEM-69,B2,CHEMISTRY,low,inconsistent-convention,none,src/openms/include/OpenMS/CHEMISTRY/CrossLinksDB.h,CrossLinksDB::getAllSearchModifications,Override silently changes the 'search-eligible' criterion and drops thread-safety vs the base class with the same name,"Document the differing criterion in the header explicitly, and add the `#pragma omp critical(OpenMS_ModificationsDB)` around the mods_ iteration to match the base class's thread-safety contract. Lock addition and doc are ABI-safe."
FORM-4,B3,FORMAT,low,silent-failure,none,src/openms/include/OpenMS/FORMAT/MSNumpressCoder.h,MSNumpressCoder::encodeNPRaw,"encodeNPRaw with np_compression==NONE returns leaving `result` empty/unmodified, indistinguishable from a real failure","Document explicitly that NONE is a no-op that leaves result untouched, distinct from failure, so callers don't treat empty output as an error (or vice versa). ABI-safe doc-only fix; no signature change needed."
FORM-7,B3,FORMAT,low,documentation,none,src/openms/include/OpenMS/FORMAT/MSNUMPRESS/MSNumpress.h,ms::numpress::MSNumpress::decodeLinear,decodeLinear returns size_t but documents returning -1 on bad size; -1 becomes a gigantic unsigned count,"Vendored code, so prefer not to change the signature for upstream-sync reasons; at minimum correct the doc to say the sentinel is `(size_t)-1` == SIZE_MAX (not a negative number) and that callers MUST guard dataSize >= 8 before use. Doc-only, no ABI impact."
FORM-8,B3,FORMAT,low,other,none,src/openms/include/OpenMS/FORMAT/Base64.h,OpenMS::compress (MSVC linker export pragma),"Base64.h force-exports a symbol literally named `compress` from the DLL on MSVC, colliding with zlib's global compress()","Document why this export exists (it works around zlib `compress` not being re-exported for pyOpenMS/plugins) directly at the pragma, and if possible scope it to the single TU that needs it rather than a public header so every includer doesn't inherit the export. Build-system change; no source ABI of OpenMS classes affected."
FORM-10,B3,FORMAT,low,inconsistent-convention,source-compatible,src/openms/include/OpenMS/FORMAT/Base64.h,Base64::decodeSingleString,"decodeSingleString omits the zlib_compression default that every other decode* method provides, breaking the call-convention pattern of the class",Add `= false` to decodeSingleString's zlib_compression parameter to match the rest of the class. Adding a default argument is source-compatible and not an ABI change.
FORM-15,B3,FORMAT,low,incorrect-documentation,none,src/openms/include/OpenMS/FORMAT/GzipIfstream.h,GzipIfstream::read (doc) and class @brief,GzipIfstream docs reference bzip2 and the wrong file extension (*.gzip),"Fix the doc to say gzip and '.gz'. Pure documentation change, no ABI impact."
FORM-16,B3,FORMAT,low,const-correctness,breaking,src/openms/include/OpenMS/FORMAT/TextFile.h,TextFile::store,store() is non-const although it only reads the internal buffer,"Mark store() const (and CsvFile::store). This is source-compatible for callers but changes the mangled signature, so it is technically an ABI break on the symbol; if strict ABI must be preserved, add a const overload or defer to the next ABI-breaking release."
FORM-17,B3,FORMAT,low,misleading-documentation,none,src/openms/include/OpenMS/FORMAT/FileHandler.h,FileHandler::getTypeByFileName,getTypeByFileName documents @exception FileNotFound but never touches the filesystem,"Fix the doc: remove the '@exception FileNotFound' line from getTypeByFileName (it is a copy-paste from getTypeByContent). This is a doc-only, source/ABI-compatible change. Do NOT add an existence check — callers rely on the pure-string behavior (e.g. for output filenames that do not yet exist)."
FORM-20,B3,FORMAT,low,const-correctness,source-compatible,src/openms/include/OpenMS/FORMAT/FileHandler.h,FileHandler::storeSpectrum,storeSpectrum takes a non-const MSSpectrum& even though it only writes (does not modify) the spectrum,Change the parameter to 'const MSSpectrum& spec' to match the other store* methods and allow storing const/temporary spectra. This is source-compatible for almost all callers (a const-ref is more permissive) but technically an ABI/signature change; do it at the next ABI break or add a const-ref overload now.
FORM-21,B3,FORMAT,low,silent-failure,none,src/openms/include/OpenMS/FORMAT/FileHandler.h,FileHandler::loadIdentifications,"loadIdentifications neither clears nor uniformly appends; the OMSSAXML path indexes additional_proteins[0] after a single push_back, corrupting prior contents on a non-empty vector","Change the OMSSAXML branch to load into additional_proteins.back() (matching PROTXML), so 'additional' semantics hold for all formats. This is an internal bug fix, source/ABI-compatible. Also document in the header whether loadIdentifications appends or replaces (currently unstated)."
FORM-23,B3,FORMAT,low,const-correctness,source-compatible,src/openms/include/OpenMS/FORMAT/IndexedMzMLFileLoader.h,IndexedMzMLFileLoader::store,store() takes its source map by non-const reference (cannot store a const map),"Add a `store(const std::string&, const PeakMap&)` overload (additive, source-compatible) so const maps can be stored consistently with the other File classes; fix the `@param[out]` doc tags to `@param[in]`."
FORM-24,B3,FORMAT,low,hidden-side-effect,none,src/openms/include/OpenMS/FORMAT/IndexedMzMLFileLoader.h,IndexedMzMLFileLoader::store / setOptions,store() silently overwrites the user-configured WriteIndex option on the object,Apply WriteIndex(true) to a local copy of the options passed to the consumer/MzMLFile rather than mutating the persistent member options_ (source- and ABI-compatible internal change).
FORM-25,B3,FORMAT,low,ownership-lifetime,none,src/openms/include/OpenMS/FORMAT/CachedMzML.h,CachedmzML::CachedmzML(const CachedmzML&),Copy constructor silently drops the stream position and does not copy chrom_index/filename_cached state,Add `filename_cached_(rhs.filename_cached_)` to the initializer list and verify the freshly-opened stream's state (additive/internal; source- and ABI-compatible).
FORM-27,B3,FORMAT,low,inconsistent-convention,none,src/openms/include/OpenMS/FORMAT/MzMLFile.h,MzMLFile::transform vs MzXMLFile::transform,transform() signature drifts between MzMLFile and MzXMLFile (extra skip_first_pass bool),"Document the divergence; if parity is desired, add the skip_first_pass overload to MzXMLFile (additive, source-compatible). The two adjacent bools are inherently swap-prone — consider an enum/flags type in any new overload."
FORM-29,B3,FORMAT,low,surprising-throw,none,src/openms/include/OpenMS/FORMAT/XMLFile.h,Internal::XMLFile::isValid,isValid() throws NotImplemented on a default-constructed instance instead of returning a bool,"Document is sufficient for ABI stability, but the throw-from-a-bool-predicate based on construction state is the surprise; consider asserting/documenting that derived classes must bind a schema. ABI-safe (doc-only)."
FORM-30,B3,FORMAT,low,hidden-side-effect,none,src/openms/include/OpenMS/FORMAT/MzMLFile.h,MzMLFile::getCentroidInfo,getCentroidInfo() (a 'get' method) opens/parses a file and temporarily mutates the object's options,"Doc-only / naming: the I/O cost is implied by the filename arg, but the transient options_ mutation is non-obvious — note it is not thread-safe w.r.t. concurrent option reads. ABI-safe."
FORM-31,B3,FORMAT,low,stale-documentation,none,src/openms/include/OpenMS/FORMAT/EDTAFile.h,"EDTAFile::store(const std::string&, const ConsensusMap&) const","store(ConsensusMap) documented ""NOT IMPLEMENTED"" but is fully implemented","Source-compatible doc-only fix: remove the ""NOT IMPLEMENTED"" line from the Doxygen block and document the actual output format. No ABI change. (The inverse risk — callers who coded around a believed no-op — is why the stale doc is dangerous.)"
FORM-34,B3,FORMAT,low,inconsistent-convention,source-compatible,src/openms/include/OpenMS/FORMAT/SpecArrayFile.h,"SpecArrayFile::store(const std::string&, const SpectrumType&) const",store() takes a parameter named 'spectrum' although load() reads/writes a FeatureMap; it also unconditionally throws,"Source-compatible: keep the throw but rename/retype the unused parameter to `const FeatureMap&` (or document it) so the not-implemented stub matches the format's data model; or drop the cerr print since the thrown exception already signals it. No external ABI surface (templated, always throws)."
FORM-35,B3,FORMAT,low,documentation,none,src/openms/include/OpenMS/FORMAT/MSPFile.h,"MSPFile::load(const std::string&, PeptideIdentificationList&, PeakMap&)",Doxygen marks the output PeakMap exp as @param[in] and lists params in an order that does not match the signature,Doc-only fix: reorder to match signature and mark `@param[out] exp`. No ABI impact.
FORM-37,B3,FORMAT,low,inconsistent-convention,source-compatible,src/openms/include/OpenMS/FORMAT/MsInspectFile.h,MsInspectFile::store,store() second parameter named/typed 'SpectrumType spectrum' while load() uses 'FeatureMapType feature_map',"Rename store()'s template parameter and argument to FeatureMapType/feature_map to match load(). Header-only template, so this is source-compatible and ABI-neutral."
FORM-39,B3,FORMAT,low,return-value,none,src/openms/include/OpenMS/FORMAT/FASTAFile.h,FASTAFile::setPosition / writeEnd,setPosition() returns a bool whose meaning is undocumented and not obviously a success flag,"Document the @return contract (true = seek succeeded / stream good) in the header. Doc-only, ABI-neutral."
FORM-40,B3,FORMAT,low,misleading-name,none,src/openms/include/OpenMS/FORMAT/FeatureXMLFile.h,FeatureXMLFile::loadSize,loadSize() neither loads data nor returns a byte size; it parses to count features,Add a Doxygen comment clarifying it returns the feature count (not bytes) and that it parses the whole file; consider renaming to countFeatures()/getNumberOfFeatures() in a future ABI-breaking cleanup with the old name kept as a [[deprecated]] alias. Doc addition is ABI-neutral; rename is breaking.
FORM-41,B3,FORMAT,low,surprising-throw,none,src/openms/include/OpenMS/FORMAT/PEFFFile.h,PEFFFile::getSequence / getModifiedSequence (PEFFEntry),PEFFEntry getter getSequence()/getModifiedSequence() can throw on malformed sequence content,"Document the throwing behavior (@exception) on getSequence()/getModifiedSequence(), or provide a non-throwing variant returning an optional/empty AASequence. Doc addition is ABI-neutral."
FORM-43,B3,FORMAT,low,documentation-mismatch,none,src/openms/include/OpenMS/FORMAT/ProtXMLFile.h,ProtXMLFile::store,ProtXMLFile::store is a fully declared public method whose only behavior is to throw NotImplemented,"Keep throwing (the feature is unimplemented), but fix the doc: replace the @exception UnableToCreateFile line with '@exception Exception::NotImplemented is always thrown (writing protXML is not supported)'. Ideally mark the method [[deprecated(""protXML writing not implemented"")]] or remove it until implemented; removal is breaking, so the doc fix is the ABI-safe path."
FORM-44,B3,FORMAT,low,const-correctness,breaking,src/openms/include/OpenMS/FORMAT/PepXMLFile.h,PepXMLFile::store,PepXMLFile::store takes protein_ids/peptide_ids by NON-const reference but never modifies them; inconsistent with sibling store() methods,"Change the two parameters to const references to match IdXMLFile/MzIdentMLFile/ProtXMLFile. This is source-compatible for callers passing non-const lvalues but is technically an ABI/signature change (mangled name changes). If strict ABI must be preserved, add a new const overload and forward; deprecate the non-const one."
FORM-45,B3,FORMAT,low,const-correctness,breaking,src/openms/include/OpenMS/FORMAT/PTMXMLFile.h,PTMXMLFile::store,"PTMXMLFile::store is a const method but takes ptm_informations by NON-const reference, falsely implying it may mutate the map","Change the parameter to 'const std::map<...>&'. Note PTMXMLHandler's ctor also takes a non-const ref (shared load/store ctor), so this requires either a const ctor overload or a const_cast at the boundary. Source-compatible for existing callers but changes the mangled signature (ABI). If ABI-frozen, add a const-map overload."
FORM-46,B3,FORMAT,low,surprising-default,none,src/openms/include/OpenMS/FORMAT/PepXMLFile.h,PepXMLFile::store,PepXMLFile::store doc says 'Stores idXML as PepXML file' but the method writes pepXML; @exception text mentions wrong condition,"Doc-only, ABI-safe: reword the brief to 'Stores the given identifications as a pepXML file'. No signature change."
FORM-47,B3,FORMAT,low,misleading-name,none,src/openms/include/OpenMS/FORMAT/ProtXMLFile.h,ProtXMLFile::matchModification_,"matchModification_ doc tags 'mass' as @param[in,out] and the description param is documented [out] in the wrong slot","Doc-only, ABI-safe: change to '@param[in] mass' and '@param[out] modification_description'. This is a protected helper, so impact is limited to maintainers, but the inverted in/out tags are actively misleading."
FORM-50,B3,FORMAT,low,misleading-name,breaking,src/openms/include/OpenMS/FORMAT/XTandemInfile.h,XTandemInfile::setPrecursorErrorType / getPrecursorErrorType,"""PrecursorErrorType"" getter/setter actually control the precursor mass TYPE (mono/average), not an error/tolerance type","Rename to `setPrecursorMassType`/`getPrecursorMassType` (matching the member `precursor_mass_type_` and the doc) for clarity. ABI-break to rename; ABI-safe path is to add the correctly-named methods as inline forwarders and deprecate the misnamed pair. At minimum, fix the header parameter name to `mass_type`."
FORM-51,B3,FORMAT,low,asymmetric-api,source-compatible,src/openms/include/OpenMS/FORMAT/XTandemInfile.h,XTandemInfile::setSemiCleavage / setAllowIsotopeError,"Write-only bool options with no matching getter, unlike sibling option pairs in the same class",Add the missing const getters `getSemiCleavage()` and `getAllowIsotopeError()`. This is purely additive and ABI-safe.
FORM-53,B3,FORMAT,low,documentation-param-direction,none,src/openms/include/OpenMS/FORMAT/OMSSAXMLFile.h,OMSSAXMLFile::load,Output identification containers documented @param[in]; load() silently clears them,"Mark these `@param[out]`, document that load() clears them first, and fix the Doxygen name mismatch (`id_data` -> `peptide_identifications`). Documentation-only, ABI-safe."
FORM-55,B3,FORMAT,low,inconsistent-convention,source-compatible,src/openms/include/OpenMS/FORMAT/PepNovoInfile.h,PepNovoInfile::getModifications,"""getModifications"" returns via an out-parameter while every sibling Infile getter returns by const reference","Add an overload (or new method) returning `const std::map<std::string,std::string>&` to match the sibling convention; keep the out-param version for ABI stability. Purely additive, ABI-safe."
FORM-56,B3,FORMAT,low,inconsistent-convention,none,src/openms/include/OpenMS/FORMAT/XTandemInfile.h,XTandemInfile::write,Serialization method is named write() here but store() in every sibling *Infile class,"Provide a `store(const std::string&)` alias for cross-class consistency (ABI-safe additive), and/or document the two bool flags clearly. Renaming write()->store() would be an ABI break, so prefer the alias."
FORM-57,B3,FORMAT,low,misleading-name,none,src/openms/include/OpenMS/FORMAT/InspectOutfile.h,InspectOutfile::getWantedRecords,Doc says 'loads only results which exceeds a given P-value threshold' but it keeps records BELOW/at the threshold,Fix the Doxygen brief and the @param text to say records with p-value <= threshold are retained (lower p-value = more significant). Behavior is correct for p-values; only the documentation contradicts it. Documentation-only change: abi_impact none.
FORM-59,B3,FORMAT,low,asymmetric-api,none,src/openms/include/OpenMS/FORMAT/OMSSACSVFile.h,OMSSACSVFile::load,"load() appends to id_data instead of clearing it, unlike sibling Percolator load()",Make the clear-vs-append contract consistent across the *Outfile/*File loaders. Either clear id_data at the start of load() (matching PercolatorOutfile) or document the append semantics in the header. Adding a clear() is source-compatible behavior change; abi none.
FORM-61,B3,FORMAT,low,param-order-or-bool,none,src/openms/include/OpenMS/FORMAT/InspectOutfile.h,InspectOutfile::load,Doxygen tags the input filename as [out] and the actual output containers' direction is also mislabeled,"Correct the @param[in]/@param[out] tags: result_filename, p_value_threshold, database_filename are [in]; peptide_identifications, protein_identification are [out]. Documentation-only; abi none."
FORM-63,B3,FORMAT,low,hidden-side-effect,none,src/openms/include/OpenMS/FORMAT/PercolatorOutfile.h,PercolatorOutfile::load,load() mutates the caller's SpectrumMetaDataLookup by registering reference-format regexes,"Document in the header that load() seeds default reference formats into lookup when it has none, so callers reusing the lookup across formats understand the persistent mutation. Documentation-only; abi none."
FORM-64,B3,FORMAT,low,param-order-or-bool,none,src/openms/include/OpenMS/FORMAT/PercolatorInfile.h,PercolatorInfile::load,"extra_scores is documented as @param[out] but is read-only input (const&), misleading the direction contract",Change the Doxygen tag for extra_scores to @param[in]. Documentation-only; the const& already protects the caller. abi none.
FORM-65,B3,FORMAT,low,naming-vs-behavior,none,src/openms/include/OpenMS/FORMAT/InspectOutfile.h,InspectOutfile::getExperiment,"getExperiment is a heavyweight I/O + file-type-detection routine, not a cheap accessor as 'get' implies, and resets its out-params","Consider renaming to loadExperiment()/readExperiment() to signal I/O, or at minimum document that it performs content-based type detection and a full file load and resets the out-parameters. A rename is breaking; doc + a deprecated alias is the additive path. Documentation-only fix abi none."
FORM-70,B3,FORMAT,low,incomplete-parse,none,src/openms/include/OpenMS/FORMAT/MzTabFile.h,MzTabFile::load,load() overwrites/replaces the passed MzTab rather than the more cautious clear-then-fill being explicit; pre-populated sections are clobbered or stale,"Document that load() requires a fresh MzTab, or have load() reset all sections (assign empty NUC/OLI/OSM) before filling. Behavior fix in the .cpp; no ABI change."
FORM-71,B3,FORMAT,low,asymmetric-api,none,src/openms/include/OpenMS/FORMAT/MzTabMFile.h,MzTabMFile,MzTabMFile provides store() but no load() - a write-only *File adapter,"Document the write-only nature in the class brief, or add a load() to match MzTabFile. Purely additive; no ABI impact."
FORM-72,B3,FORMAT,low,silent-failure,none,src/openms/include/OpenMS/FORMAT/MzTabBase.h,MzTabSpectraRef::setMSFile,setMSFile silently ignores index 0 instead of signaling the invalid 1-based value,"Document the 1-based contract in the header and, on index==0, throw Exception::InvalidValue or at least OPENMS_LOG_WARN instead of silently no-op'ing. Behavior fix; no ABI change."
FORM-73,B3,FORMAT,low,misleading-name,source-compatible,src/openms/include/OpenMS/FORMAT/MzTab.h,MzTabPSMSectionRow::addPepEvidenceToRows,addPepEvidenceToRows operates on the single *this row and overwrites fields (name says add-to-Rows),Rename to something like `setPepEvidenceFields` / `fillFromPepEvidence` (keep the old name as a deprecated inline forwarder for ABI). Doc-only fix is the minimal step; rename is source-compatible if a forwarder is kept.
FORM-83,B3,FORMAT,low,inconsistent-convention,none,src/openms/include/OpenMS/FORMAT/SwathFile.h,SwathFile::loadSqMass,loadSqMass omits the tmp/readoptions parameters every other SwathFile loader has,"Document explicitly in the header that loadSqMass ignores readoptions/tmp by design (it streams from the SQLite DB), so the asymmetry is intentional and visible. A future-additive overload accepting (file, tmp, exp_meta, readoptions) for signature parity would be source- and ABI-compatible."
FORM-85,B3,FORMAT,low,param-order-or-bool,none,src/openms/include/OpenMS/FORMAT/SqMassFile.h,SqMassFile::transform,transform exposes two dead bool parameters that have no effect,"Keep them for ABI but consider [[maybe_unused]] and a clearer name, or deprecate the overload and add a 2-arg transform. Removing the params would be ABI-breaking; the documented @note already mitigates, so this is low severity."
FORM-88,B3,FORMAT,low,param-order-or-bool,none,src/openms/include/OpenMS/FORMAT/OMSFile.h,OMSFile::load,load()'s filename is documented as @param[out],"Swap the direction tags: filename -> @param[in], data object -> @param[out]. Doc-only, ABI-safe."
FORM-90,B3,FORMAT,low,surprising-throw,source-compatible,src/openms/include/OpenMS/FORMAT/OSWFile.h,OSWFile::getRunID,"getRunID throws on zero runs too, but doc only mentions 'more than one run'","Update the doc/throw message to cover the 'no run' case (e.g. 'requires exactly one run'), and initialize id to avoid relying on the throw. Doc + impl change, ABI-safe."
FORM-91,B3,FORMAT,low,const-correctness,source-compatible,src/openms/include/OpenMS/FORMAT/SqliteConnector.h,SqliteConnector::tableExists / columnExists / countTableRows / executeStatement / prepareStatement / getDB,"Read-only query helpers are non-const, so they can't be called on a const SqliteConnector",Add const overloads (or make tableExists/columnExists/countTableRows const) for the read-only query helpers. Adding const member functions is source-compatible but changes the mangled symbols / vtable-independent ABI of those inline methods; since they are inline header methods the practical ABI risk is low.
FORM-92,B3,FORMAT,low,param-order-or-bool,none,src/openms/include/OpenMS/FORMAT/OSWFile.h,OSWFile::readProtein,@param[out] index on a by-value Size index parameter,"Fix the direction tags: swath_result -> @param[in,out], index -> @param[in]. Doc-only, ABI-safe."
FORM-97,B3,FORMAT,low,misleading-doc,none,src/openms/include/OpenMS/FORMAT/ParquetFile.h,ParquetFile (class doc),"Class doc advertises 'Zip / unzip of Parquet directory bundles' as a capability, but no zip/unzip methods exist in the public API",Either remove the zip/unzip bullet from the brief or expose the documented archive helpers as public static methods. Doc-only change is ABI-neutral.
FORM-100,B3,FORMAT,low,inconsistent-convention,none,src/openms/include/OpenMS/FORMAT/ParamJSONFile.h,ParamJSONFile::load,"load() is static while store() is a non-static member, and the flatHierarchy member only affects store","Make load() a non-static member for symmetry with store() and the other *File classes, or document that load is static and unaffected by flatHierarchy. Converting static→non-static changes the mangled name (ABI break for the static symbol) — if ABI must hold, keep static but clearly document the asymmetry; the clean fix is a non-static load."
FORM-101,B3,FORMAT,low,documentation-defect,none,src/openms/include/OpenMS/FORMAT/ParamJSONFile.h,ParamJSONFile::store,"Doxygen tags store()'s param as @param[in,out] but it is const Param& (read-only)","Change the Doxygen direction to `@param[in] param`. Doc-only fix, ABI-neutral."
FORM-102,B3,FORMAT,low,misleading-name,none,src/openms/include/OpenMS/FORMAT/ParamXMLFile.h,ParamXMLFile::store / writeXMLToStream,Doxygen marks store()/writeXMLToStream() param (and the output stream) as @param[out] when they are read-only inputs,"Tag param as `@param[in]` in both store() and writeXMLToStream(); keep os_ptr as `[out]`. Same wrong-direction tags appear in ParamCTDFile and ParamCWLFile store/write methods (`@param[out] param`/`@param[out] tool_info` against const&) and should be fixed identically. Doc-only, ABI-neutral."
FORM-104,B3,FORMAT,low,documentation-typo,none,src/openms/include/OpenMS/FORMAT/ParamJSONFile.h,ParamJSONFile::flatHierarchy,"flatHierarchy member doc is garbled and applies only to writing, not loading","Fix the wording to match ParamCWLFile ('listed without nesting (flattened, names include the hierarchy)') and state explicitly it only affects store()/writeToStream(), not load(). Doc-only, ABI-neutral."
FORM-106,B3,FORMAT,low,silent-failure,none,src/openms/include/OpenMS/FORMAT/MascotRemoteQuery.h,MascotRemoteQuery::run,run() returns void and swallows every failure into an out-of-band error flag,"ABI-safe minimum: document in the header that run() never throws and that callers MUST check hasError()/getErrorMessage() afterward. Better (source-compatible): add a `bool runChecked()` returning success, or have run() throw on hard failures. Keep the existing void run() for ABI but redirect it."
FORM-107,B3,FORMAT,low,hidden-side-effect,none,src/openms/include/OpenMS/FORMAT/MascotRemoteQuery.h,MascotRemoteQuery::run,run() silently clears previously fetched responses/identifier via updateMembers_(),"Document that run() resets all prior results up front. If unintended, move the result-clearing out of updateMembers_() (which is meant for param sync) into run()'s success path only, or clear lazily."
FORM-110,B3,FORMAT,low,hidden-side-effect,none,src/openms/include/OpenMS/FORMAT/BrukerTimsFile.h,BrukerTimsFile::transform,transform() (streaming-consumer API) actually loads the entire file into memory first,The @note already documents this honestly (good). Keep the note prominent until true streaming exists; consider naming/marking it so callers don't assume constant-memory. No ABI change needed.
FORM-111,B3,FORMAT,low,misleading-name,source-compatible,src/openms/include/OpenMS/FORMAT/QcMLFile.h,QcMLFile::existsRunQualityParameter / existsSetQualityParameter,exists*QualityParameter() is named like a bool predicate but returns void via an out-parameter,"Additive fix: add a bool-returning overload/companion (e.g. hasRunQualityParameter(...)) and keep the void out-param version for ID retrieval, or rename the retrieval method to getRunQualityParameterIDs(...). Pure rename is source-breaking; prefer adding the bool helper. No ABI removal needed."
FORM-115,B3,FORMAT,low,surprising-default,none,src/openms/include/OpenMS/FORMAT/ExperimentalDesignFile.h,"ExperimentalDesignFile::load(const TextFile&, const bool, std::string)","Third 'filename' argument has a default value defined only in the .cpp, invisible/unusable from the header",Move the default to the header declaration (and remove it from the definition). Source-compatible and makes the two-arg call usable by all TUs; no ABI change.
FORM-120,B3,FORMAT,low,const-correctness,breaking,src/openms/include/OpenMS/FORMAT/DATAACCESS/MSDataWritingConsumer.h,MSDataWritingConsumer::getNrSpectraWritten / getNrChromatogramsWritten,Pure read-only counter getters are non-const,"Add `const` to both declarations and definitions. This is technically an ABI change to the virtual signature (mangled name changes), so for strict ABI stability add const-qualified overloads or schedule for the next ABI-breaking release; mark honestly as source-compatible for most callers, ABI-breaking for the vtable."
FORM-121,B3,FORMAT,low,documentation,none,src/openms/include/OpenMS/FORMAT/DATAACCESS/MSDataWritingConsumer.h,MSDataWritingConsumer::consumeSpectrum / consumeChromatogram,"consume methods document @param[out] s but operate on a copy, never writing back to the caller's object",Change the doc annotation from `@param[out] s` to `@param[in] s` (it is effectively read-only). Pure doc fix; ABI-neutral. Note the cross-class inconsistency (mutates vs copies) for callers writing generic IMSDataConsumer code.
FORM-122,B3,FORMAT,low,param-order-or-bool,none,src/openms/include/OpenMS/FORMAT/DATAACCESS/MSDataSqlConsumer.h,MSDataSqlConsumer::MSDataSqlConsumer (buffer_size),"buffer_size is a signed int stored/compared as unsigned size_t (flush_after_), so a negative buffer flushes on every element","Use an unsigned type (Size/size_t) for the parameter or validate `buffer_size > 0`, and align the .cpp parameter name with the header (buffer_size). Changing the parameter type is ABI-breaking; a guard/clamp inside the body is ABI-neutral and prevents the wrap-around surprise."
FORM-124,B3,FORMAT,low,param-order-or-bool,none,src/openms/include/OpenMS/FORMAT/DATAACCESS/SiriusFragmentAnnotation.h,SiriusFragmentAnnotation::extractAnnotationsFromSiriusFile,Input-only `decoy` flag is documented as @param[out],Change tag to @param[in]. Documentation-only; no ABI impact. (The fact that it is a bare bool that also flips use_exact_mass off internally — cpp:266 `if (decoy) use_exact_mass = false;` — is a separate hidden side effect worth a note in the doc.)
FORM-125,B3,FORMAT,low,param-order-or-bool,none,src/openms/include/OpenMS/FORMAT/DATAACCESS/SiriusFragmentAnnotation.h,SiriusFragmentAnnotation::extractAndResolveSiriusAnnotations,Input-only `decoy_generation` flag documented as @param[out],Retag as @param[in]. Documentation-only; no ABI impact.
FORM-126,B3,FORMAT,low,hidden-side-effect,none,src/openms/include/OpenMS/FORMAT/DATAACCESS/MSChromatogramParquetConsumer.h,MSChromatogramParquetConsumer::consumeChromatogram,"consumeChromatogram clears the caller's chromatogram, but the doc only says it appends","Update the header comments to state that both the spectrum and chromatogram arguments are cleared after consumption (matching the IMSDataConsumer [in,out] contract). Documentation-only; no ABI impact."
FORM-127,B3,FORMAT,low,surprising-throw,none,src/openms/include/OpenMS/FORMAT/DATAACCESS/MSChromatogramParquetConsumer.h,MSChromatogramParquetConsumer::consumeChromatogram,consumeChromatogram throws if a chromatogram's native ID has no matching transition/precursor metadata,Document in the header that consumeChromatogram throws Exception::InvalidValue when the chromatogram's native ID cannot be matched to the transition experiment. Documentation-only; no ABI impact.
FORM-131,B3,FORMAT,low,misleading-name,none,src/openms/include/OpenMS/FORMAT/HANDLERS/MzDataHandler.h,MzDataHandler::MzDataHandler,MzDataHandler constructor doc-comments label read vs write backwards,"Swap the two doc comments so the non-const overload reads 'read-only handler' and the const overload reads 'write-only handler', matching MzMLHandler.h:100-104 and MzXMLHandler.h:46-50. Comment-only change, no ABI impact."
FORM-132,B3,FORMAT,low,naming-inconsistency,none,src/openms/include/OpenMS/FORMAT/HANDLERS/MzMLSpectrumDecoder.h,MzMLSpectrumDecoder::setSkipXMLChecks,setSkipXMLChecks parameter named 'only' contradicts its meaning,Rename the header parameter from `only` to `skip` to match the implementation and the member semantics. Parameter-name-only change; no ABI impact.
FORM-136,B3,FORMAT,low,misleading-documentation,none,src/openms/include/OpenMS/FORMAT/HANDLERS/XMLHandler.h,XMLHandler::reset,reset() documented to 'release internal memory' is an empty no-op in the base class,"Either remove the dead method or implement it to clear `open_tags_`, `sm_`, `cv_terms_`, etc.; at minimum finish the doc comment and state it is a no-op unless overridden. Removing would be breaking; documenting/implementing is non-breaking."
FORM-137,B3,FORMAT,low,const-correctness,source-compatible,src/openms/include/OpenMS/FORMAT/HANDLERS/MzMLHandler.h,MzMLHandler::getOptions,getOptions() returns a non-const reference to internal options with no const counterpart,Add an additive `const PeakFileOptions& getOptions() const;` overload to MzMLHandler (and MzXMLHandler/MzDataHandler which expose no getter at all) to match the FeatureXML/ConsensusXML convention. Purely additive; no ABI break.
FORM-142,B3,FORMAT,low,inconsistent-convention,none,src/openms/include/OpenMS/FORMAT/HANDLERS/MzMLSqliteHandler.h,MzMLSqliteHandler::readSpectra / readChromatograms,Doxygen @param directions are wrong: the output vector is tagged [in] and the input 'indices' is tagged [out],Doc-only fix: change to @param[out] exp and @param[in] indices for both methods. No ABI or source impact.
FORM-143,B3,FORMAT,low,param-order-or-bool,none,src/openms/include/OpenMS/FORMAT/HANDLERS/MzMLSqliteHandler.h,MzMLSqliteHandler::writeExperiment / writeRunLevelInformation,Write methods tag a const-ref INPUT experiment as @param[out],Doc-only fix: change @param[out] to @param[in] for both. No ABI/source impact.
FORM-144,B3,FORMAT,low,const-correctness,breaking,src/openms/include/OpenMS/FORMAT/HANDLERS/MzMLSqliteSwathHandler.h,MzMLSqliteSwathHandler::readSwathWindows / readMS1Spectra / readSpectraForWindow,Class is documented 'Read-only accessor' but all three read methods are non-const,"Add const to the three read methods (each opens its own connection on demand per the constructor doc, so there is no logical mutation). const-qualification changes the mangled symbol, so this is technically ABI-breaking on these symbols; safe to do for an Internal class but should be flagged. Source-compatible for callers."
FORM-145,B3,FORMAT,low,ownership-lifetime,none,src/openms/include/OpenMS/FORMAT/HANDLERS/FidHandler.h,FidHandler (class),"FidHandler publicly inherits std::ifstream, exposing the raw stream API (seekg/read/close) alongside its index-tracking methods","Prefer composition (hold an ifstream member) or protected/private inheritance so the raw cursor cannot be moved out from under index_. This changes the type's public base and is ABI/source-breaking, so for an Internal class flag it as the ideal fix; short term, document that callers must not use the inherited ifstream positioning API."
FORM-148,B3,FORMAT,low,misleading-name,none,src/openms/include/OpenMS/FORMAT/VALIDATORS/SemanticValidator.h,SemanticValidator::setNameAttribute / setValueAttribute / setUnitAccessionAttribute,Doc comments for the attribute-name setters are copy-pasted from setAccessionAttribute and describe the wrong attribute,Fix the doc comments to describe the name and value attributes respectively. Comment-only change; no ABI/source impact.
FORM-149,B3,FORMAT,low,incorrect-or-swapped-doc-comment,none,src/openms/include/OpenMS/FORMAT/OPTIONS/PeakFileOptions.h,PeakFileOptions::getNumpressConfigurationMassTime / getNumpressConfigurationIntensity / getNumpressConfigurationFloatDataArray,Set/Get doc labels are swapped on all three numpress configuration accessor pairs,"Swap the Set/Get words so each label matches its method, and add a note to setNumpressConfigurationMassTime that it warns on std::cerr for lossy SLOF/PIC configs. Comment-only change; no ABI/source impact."
FORM-150,B3,FORMAT,low,param-order-or-bool,none,src/openms/include/OpenMS/FORMAT/OPTIONS/PeakFileOptions.h,PeakFileOptions::setFillData / setAlwaysAppendData / setSkipXMLChecks,"Boolean setters declare their parameter as 'only', unrelated to what the flag controls",Rename the header parameters to match the implementation (fill/always_append/skip). Parameter-name changes are source- and binary-compatible.
ANID-1,B4a,ANALYSIS,low,hidden-side-effect,none,src/openms/include/OpenMS/ANALYSIS/ID/ConsensusIDAlgorithmRanks.h,ConsensusIDAlgorithmRanks::preprocess_,preprocess_ overwrites every hit score and flips score type/orientation in the input,"Document on the override that it rewrites scores/score-type/orientation in place (the one-line '/// Assign peptide scores based on search ranks' undersells this). Since apply() already replaces ids wholesale this is benign for the standard path, but the misleadingly-named override plus the intentionally-incorrect isHigherScoreBetter flag is a trap for anyone calling preprocess_ directly. Additive doc fix; no ABI change."
ANID-3,B4a,ANALYSIS,low,return-value,none,src/openms/include/OpenMS/ANALYSIS/ID/ConsensusMapMergerAlgorithm.h,ConsensusMapMergerAlgorithm::checkOldRunConsistency_,bool consistency-check return value is meaningless: it is always true or it throws,"Either make it void (and rely on the throw for failure) or remove the throw so the bool is meaningful. Since this is a private method, changing to void is internal-only (no public ABI impact). Update the '@return all same?' doc accordingly."
ANID-4,B4a,ANALYSIS,low,incorrect-diagnostic-message,none,src/openms/include/OpenMS/ANALYSIS/ID/ConsensusMapMergerAlgorithm.h,ConsensusMapMergerAlgorithm::mergeAllIDRuns,Sibling method warning references a non-existent method name 'mergeAllProteinRuns',Fix the warning text to name the real method mergeAllIDRuns. Pure string/doc fix; no ABI impact.
ANID-7,B4a,ANALYSIS,low,param-order-or-bool,none,src/openms/include/OpenMS/ANALYSIS/ID/IDConflictResolverAlgorithm.h,IDConflictResolverAlgorithm::resolve,"keep_matching documented as @param[in,out] but is a by-value bool (cannot be an output)","Change the Doxygen tag from @param[in,out] to @param[in] for keep_matching in both overloads. Documentation-only; ABI-neutral."
ANID-8,B4a,ANALYSIS,low,const-correctness,source-compatible,src/openms/include/OpenMS/ANALYSIS/ID/IDRipper.h,IDRipper::RipFileContent::getProteinIdentifications / getPeptideIdentifications,Read-only getters returning const-ref are not declared const; unusable on a const RipFileContent,Add trailing const to both getters. This is source-compatible for callers but is technically an ABI-affecting signature change (mangled name changes); for strict ABI stability add new const overloads instead of editing in place.
ANID-11,B4a,ANALYSIS,low,hidden-side-effect,none,src/openms/include/OpenMS/ANALYSIS/ID/BasicProteinInferenceAlgorithm.h,BasicProteinInferenceAlgorithm::run,run() clears pre-existing protein groups / indistinguishable-protein lists without saying so,"Document the clearing in the run() Doxygen (the @param[in,out] note only mentions scores/counts), and/or only clear when grouping is actually going to be recomputed. Doc-only fix is ABI-safe."
ANID-12,B4a,ANALYSIS,low,const-correctness,breaking,src/openms/include/OpenMS/ANALYSIS/ID/IDBoostGraph.h,IDBoostGraph::getProteinIDs / getComponent / getNrConnectedComponents,"Read-only 'get' accessors are non-const, blocking const-correct use","Add const qualifiers (getProteinIDs() const, getNrConnectedComponents() const). Because these are virtual-free non-inline members, adding const changes the mangled name = ABI break; schedule for next ABI-breaking release or provide const overloads alongside."
ANID-14,B4a,ANALYSIS,low,silent-failure,source-compatible,src/openms/include/OpenMS/ANALYSIS/ID/MessagePasserFactory.h,MessagePasserFactory::MessagePasserFactory,"Constructor validates model probabilities only via assert(), so out-of-range params are silently accepted in release builds",Replace asserts with Exception::InvalidValue (or at minimum OPENMS_PRECONDITION) so invalid probabilities are rejected consistently. Constructor-body change is ABI-safe. Note: class is in namespace Internal (semi-public via templated header).
ANID-15,B4a,ANALYSIS,low,inconsistent-convention,none,src/openms/include/OpenMS/ANALYSIS/ID/MessagePasserFactory.h,MessagePasserFactory::createSumEvidenceFactor / createRegularizingSumEvidenceFactor,"Declared parameter names (id, pep_id) are swapped relative to the implementation names (nId, pepId)","Align names: rename the header params to nId/pepId (or vice versa) and document that the first Label is the parent-count/sum variable and the second the peptide variable. Doc/name-only, ABI-safe."
ANID-20,B4a,ANALYSIS,low,inconsistent-convention,none,src/openms/include/OpenMS/ANALYSIS/ID/FalseDiscoveryRate.h,FalseDiscoveryRate::DecoyStringHelper::Result::success,"Doc says '30%' but the gating threshold for a positive match is 80% of affixes plus 30% of proteins, and per-string success uses different cutoffs","Fix the header doc comment to state the real criteria (>=80% of affix occurrences and >=30% of proteins, with a 30% gross floor). Doc-only, abi-neutral."
ANID-24,B4a,ANALYSIS,low,const-correctness,breaking,src/openms/include/OpenMS/ANALYSIS/ID/IDScoreSwitcherAlgorithm.h,IDScoreSwitcherAlgorithm::isScoreTypeHigherBetter / getScoreNames / isScoreType / findScoreType,"Pure-lookup query methods are non-const, blocking use on const instances","Add const to isScoreTypeHigherBetter and getScoreNames. Adding const to a member function is source-compatible (it changes the mangled name, so technically an ABI change for those two symbols)."
ANID-29,B4a,ANALYSIS,low,other,none,src/openms/include/OpenMS/ANALYSIS/ID/PrecursorPurity.h,PrecursorPurity::computePrecursorPurities / computePrecursorPurity,Input tolerance parameter is doxygen-tagged [out],"Change the tag to `@param[in]`. Pure documentation fix, ABI-neutral."
ANID-31,B4a,ANALYSIS,low,misleading-name,none,src/openms/include/OpenMS/ANALYSIS/ID/PercolatorFeatureSetHelper.h,PercolatorFeatureSetHelper::addMSGFFeatures / addXTANDEMFeatures / addCOMETFeatures / addMASCOTFeatures / addMULTISEFeatures / addCONCATSEFeatures,peptide_ids and feature_set are documented @param[in] but are mutated outputs,"Re-tag peptide_ids and feature_set as `@param[in,out]` (and feature_set arguably `@param[out]`). Pure documentation fix; ABI-neutral."
ANID-32,B4a,ANALYSIS,low,hidden-side-effect,none,src/openms/include/OpenMS/ANALYSIS/ID/PercolatorFeatureSetHelper.h,PercolatorFeatureSetHelper::concatMULTISEPeptideIds,"concat...() mutates the 'source' new_peptide_ids (writes CONCAT meta values) and appends to all_peptide_ids, both tagged [in]","Re-tag all_peptide_ids and new_peptide_ids as `@param[in,out]` and note in the brief that new_peptide_ids hits gain CONCAT meta values. Doc-only; ABI-neutral."
ANID-33,B4a,ANALYSIS,low,misleading-name,none,src/openms/include/OpenMS/ANALYSIS/ID/PercolatorFeatureSetHelper.h,PercolatorFeatureSetHelper::checkExtraFeatures,'check' verb hides that extra_features is mutated (entries erased),"Re-tag extra_features as `@param[in,out]` and consider a name like filterAvailableExtraFeatures. Doc tag fix is ABI-neutral; rename would be source-breaking, so keep the old name and just fix docs."
ANID-40,B4a,ANALYSIS,low,documentation,none,src/openms/include/OpenMS/ANALYSIS/ID/ProSEAlgorithm.h,ProSEAlgorithm::search,"const search() mutates algorithm members (precursor tolerances) via `mutable`, plus overwrites prot_ids while appending pep_ids","Document on the public search() overloads that prot_ids is replaced and pep_ids appended (match SimpleSearchEngine's wording, but corrected), and that the `mutable` tolerance members are transiently overwritten under calibration. The mutable-during-const-search pattern is acceptable if documented at the method; today it's only documented at the member."
ANID-43,B4a,ANALYSIS,low,api-design-smell,source-compatible,src/openms/include/OpenMS/ANALYSIS/ID/CometModification.h,CometModification::merge,merge() silently OR-promotes `required` and max-promotes max_mods even though those fields are not part of the merge-compatibility check,"Either include `required` (and possibly max_mods) in isMergeableWith so only truly-identical-constraint entries collapse, or document this promotion prominently at isMergeableWith (not only at merge). Behavior change if you tighten compatibility; doc fix is non-breaking."
ANID-44,B4a,ANALYSIS,low,inconsistent-convention,breaking,src/openms/include/OpenMS/ANALYSIS/ID/NeighborSeq.h,NeighborSeq::computeSharedIonCount vs isNeighborSpectrum,Sibling static methods disagree on mz_bin_size passing convention (const double& vs const double) and return type (int vs Size internally),Pass mz_bin_size by value (`double`) consistently across all three signatures and return Size (or document the int cap). Pure style/convention but the inconsistency is a real reading hazard; changing the by-value/by-ref of a scalar is source-compatible but mangles the symbol (ABI). Low priority.
ANID-47,B4a,ANALYSIS,low,const-correctness,breaking,src/openms/include/OpenMS/ANALYSIS/SEQUENCE/NeedlemanWunsch.h,NeedlemanWunsch::align,align() is a read-only score query but is non-const and mutates members,"Make align() const and move the two rolling buffers to function-local vectors (they are pure scratch), OR mark the members mutable. Making the method const is source-compatible for callers; the local-buffer change also makes it re-entrant. Removing the now-unused members is the cleaner fix."
ANID-48,B4a,ANALYSIS,low,documentation-mismatch,none,src/openms/include/OpenMS/ANALYSIS/ID/OpenSearchModificationAnalysis.h,OpenSearchModificationAnalysis::analyzeDeltaMassPatterns,'debug' parameter is documented @param[out] but is ignored entirely,"ABI-safe minimal fix: correct the doc to @param[in] and note it is currently unused, or wire it to OPENMS_LOG_DEBUG. Cleanest: remove the dead parameter (breaking) or implement it. At minimum fix the misleading @param[out]."
ANID-49,B4a,ANALYSIS,low,documentation,none,src/openms/include/OpenMS/ANALYSIS/ID/OpenSearchModificationAnalysis.h,OpenSearchModificationAnalysis::analyzeModifications,const methods named 'analyze' mutate the caller's PeptideIdentificationList in place,"ABI-safe: change the @param tag on analyzeModifications/analyzeModificationsWithStatistics from [in] to [in,out] to match mapDeltaMassesToModifications, so callers see the in-place annotation. The const-on-mutating-argument pattern is defensible (the object's own state is unchanged) but the [in] tag is an actionable doc bug that will cause silent caller surprise."
ANID-51,B4a,ANALYSIS,low,misleading-name,source-compatible,src/openms/include/OpenMS/ANALYSIS/ID/AScore.h,ProbablePhosphoSites::AScore,Public member 'AScore' is declared Size but the AScore is a real-valued (double) score,"ABI-safe-ish within this lightweight public struct: rename to something descriptive (e.g. peak_depth is already separate) or change the type to double if it is meant to carry the score; given it is a plain data struct with no methods, either is a small breaking change. At minimum document what this Size field actually holds, since today it reads as 'the AScore' but cannot be."
ANID-52,B4a,ANALYSIS,low,other,source-compatible,src/openms/include/OpenMS/ANALYSIS/ID/MetaboliteSpectralMatching.h,PrecursorMZLess / SpectralMatchScoreGreater,Namespace-scope global comparator instances defined in a public header (ODR / multiple-definition hazard),Mark the instances `inline` (C++17) so all TUs share one definition: `inline PrecursorMassComparator PrecursorMZLess;`. Or remove the trailing instance entirely and have callers instantiate the comparator locally. Source-compatible for callers that just use the name; the instance objects are stateless so behavior is unchanged.
ANID-53,B4a,ANALYSIS,low,param-order-or-bool,breaking,src/openms/include/OpenMS/ANALYSIS/ID/MetaboliteSpectralMatching.h,MetaboliteSpectralMatching::run,"out_spectra is an input path passed by non-const reference, falsely implying the function writes it back",Change the parameter to `const std::string& out_spectra` (and the doc clarifies it is an input path). This also lets callers pass string literals. Minor ABI break (mangled signature changes); could add a const overload additively if strict ABI must be preserved.
ANID-54,B4a,ANALYSIS,low,surprising-throw,none,src/openms/include/OpenMS/ANALYSIS/ID/AccurateMassSearchEngine.h,AccurateMassSearchEngine::run / queryByMZ / queryByFeature / queryByConsensusFeature,run()/queryBy*() throw IllegalArgument if init() was not called first; only one of three run() overloads documents this precondition,"Either (a) document the init() precondition on ALL run()/queryBy*() declarations consistently, or (b) have run() lazily call init() internally when not yet initialized (additive, fully source/ABI compatible) so the ""main method"" works standalone."
ANID-55,B4a,ANALYSIS,low,asymmetric-api,none,src/openms/include/OpenMS/ANALYSIS/ID/AccurateMassSearchEngine.h,AccurateMassSearchResult::getFormulaString / setEmpiricalFormula,Getter/setter name mismatch for the empirical-formula field (getFormulaString vs setEmpiricalFormula),"Add an aliased getter `getEmpiricalFormula()` (and/or a `setFormulaString()`) that forwards, keeping the old names for ABI stability. Purely additive, source-compatible."
ANID-58,B4a,ANALYSIS,low,return-value,none,src/openms/source/ANALYSIS/DECHARGING/ILPDCWrapper.cpp,ILPDCWrapper::compute,"compute() returns only the LAST slice's objective value, not the documented sum over components","Change line 177 to `score += computeSlice_(...);` to match the documented contract. This is a pure bug fix with no ABI impact (signature unchanged). If the historical single-bin behavior must be preserved for some caller, document it explicitly instead — but the current header text is simply contradicted by the code."
ANID-59,B4a,ANALYSIS,low,api-design,source-compatible,src/openms/source/ANALYSIS/QUANTITATION/../DECHARGING/ILPDCWrapper.cpp,ILPDCWrapper::compute,"compute() returns magic -1 sentinel for empty input, indistinguishable in type from a real score","Prefer returning 0.0 for empty input (consistent with the additive objective) or throw if empty input is a misuse. If -1 must stay for back-compat, at minimum keep the doc but consider an additional bool out-param or std::optional<double> in a new overload. ABI: changing the sentinel value is source-compatible but behavioral; a new overload is additive."
ANID-63,B4a,ANALYSIS,low,const-correctness,breaking,src/openms/include/OpenMS/ANALYSIS/ID/FIAMSDataProcessor.h,FIAMSDataProcessor::getMZs / FIAMSDataProcessor::getBinSizes,"Read-only band-table getters are not const, so they cannot be called on a const FIAMSDataProcessor","Add `const` qualifiers: `const std::vector<float>& getMZs() const;`. Adding const to a member function is an ABI-affecting signature change (mangled name changes), so do it as a coordinated minor-version change or provide const overloads; the additive const-overload route is the safest for ABI."
ANID-64,B4a,ANALYSIS,low,const-correctness,breaking,src/openms/include/OpenMS/ANALYSIS/ID/FIAMSScheduler.h,FIAMSScheduler::getSamples / getBaseDir / getOutputDir,Pure read-only accessors on FIAMSScheduler are non-const and unusable through a const reference,"Mark all three const. As with FIAMSDataProcessor, adding const changes the mangled signature (ABI), so schedule with a minor-version bump or add const overloads. The class is otherwise a thin batch driver, so the breakage surface is small."
ANID-65,B4a,ANALYSIS,low,param-order-or-bool,breaking,src/openms/include/OpenMS/ANALYSIS/ID/SiriusMSConverter.h,SiriusMSFile::store,"store() takes two adjacent bool flags (one by const-ref, one by value) that are trivially swappable at the call site","Pass scalar flags by value (drop the gratuitous const-ref on bool/int/size_t) and, ideally in a new overload, group the options into a small struct so call sites are self-documenting. The const-ref-to-bool/int/size_t parameters are pessimal and surprising; converting them is an ABI-breaking signature change, so do it additively or at a major bump."
ANID-66,B4a,ANALYSIS,low,hidden-side-effect,none,src/openms/include/OpenMS/ANALYSIS/ID/SiriusMSConverter.h,SiriusMSFile::store,store() emits four WARN-level log lines on every call even when nothing was skipped (all counts zero),"Downgrade to INFO, or guard each line behind `if (count > 0)`. Pure implementation fix, no ABI impact."
ANID-67,B4a,ANALYSIS,low,implicit-conversion,source-compatible,src/openms/include/OpenMS/ANALYSIS/ID/FIAMSScheduler.h,"FIAMSScheduler::FIAMSScheduler(std::string filename, ...)","Single-required-argument constructor is non-explicit, allowing a std::string (or string literal path) to implicitly convert to a FIAMSScheduler that parses a CSV from disk","Mark the constructor `explicit`. This is source-compatible for normal direct construction and only rejects accidental implicit conversions; it does not change ABI (no mangled-name change for constructors due to explicit). Low risk, recommended."
ANID-68,B4a,ANALYSIS,low,return-value,none,src/openms/include/OpenMS/ANALYSIS/XLMS/XQuestScores.h,XQuestScores::weightedTICScoreXQuest,"@return doc claims a bool cross-link/mono-link flag, but the method returns a double wTIC score","Fix the Doxygen '@return' to describe the wTIC score (a non-negative weighted intensity fraction, higher is better). Doc-only change; no ABI impact. Same fix needed on the sibling weightedTICScore."
ANID-69,B4a,ANALYSIS,low,return-value,none,src/openms/include/OpenMS/ANALYSIS/XLMS/XQuestScores.h,XQuestScores::weightedTICScore,"@return doc claims a bool cross-link/mono-link flag, but the method returns a double wTIC score",Correct the '@return' Doxygen to describe the returned wTIC score. Doc-only; no ABI impact.
ANID-70,B4a,ANALYSIS,low,unit-or-index,none,src/openms/include/OpenMS/ANALYSIS/XLMS/XQuestScores.h,XQuestScores::matchOddsScore,"'match-odds' / 'probability'-named scores actually return -log(p) (higher = better), not a probability","Add to the header docs of matchOddsScore, matchOddsScoreSimpleSpec and logOccupancyProb that the return is a -log10/-ln transformed score (>=0, higher = better), not a probability. Doc-only additive fix; no ABI impact."
ANID-71,B4a,ANALYSIS,low,const-correctness,breaking,src/openms/include/OpenMS/ANALYSIS/XLMS/OPXLSpectrumProcessingAlgorithms.h,OPXLSpectrumProcessingAlgorithms::mergeAnnotatedSpectra,Read-only merge takes non-const PeakSpectrum& references it never modifies,"Change the parameters to const PeakSpectrum& (the documented behavior already guarantees no mutation). This is source-compatible for nearly all callers but is technically an API/ABI signature change; if strict ABI must be preserved, add a const-ref overload. Mark abi_impact accordingly."
ANID-72,B4a,ANALYSIS,low,hidden-side-effect,none,src/openms/include/OpenMS/ANALYSIS/XLMS/OPXLHelper.h,OPXLHelper::digestDatabase,"digestDatabase silently returns its result sorted by peptide mass, which the header never states",Add to the @return doc that the vector is sorted ascending by peptide_mass (the invariant relied on downstream). Doc-only additive fix; no ABI impact.
ANSW-2,B4b,ANALYSIS,low,param-order-or-bool,none,src/openms/include/OpenMS/ANALYSIS/OPENSWATH/SwathMapMassCorrection.h,SwathMapMassCorrection::correctMZ,"correctMZ Doxygen param directions are inverted: the modified swath_maps is marked [in], the const map is marked [out]","Doc-only, source/ABI-neutral: change `swath_maps` to `@param[in,out]` and `transition_group_map` to `@param[in]`. Same correction applies to correctIM (transition_group_map marked [out] but const&). No signature change needed."
ANSW-3,B4b,ANALYSIS,low,param-order-or-bool,none,src/openms/include/OpenMS/ANALYSIS/OPENSWATH/SwathMapMassCorrection.h,SwathMapMassCorrection::correctIM,correctIM marks a const-ref argument as @param[out],Doc-only fix: change to `@param[in] transition_group_map`. No ABI/source impact.
ANSW-6,B4b,ANALYSIS,low,api-contract,none,src/openms/include/OpenMS/ANALYSIS/OPENSWATH/MasstraceCorrelator.h,MasstraceCorrelator::scoreHullpoints,Output params 'lag' and 'lag_intensity' are left untouched when correlation is below min_corr,"Initialize lag = 0 and lag_intensity = 0.0 (or a documented sentinel) at the top of the function before the early-return guard, so the out-params have well-defined values on every code path. Source-only change, no ABI impact."
ANSW-11,B4b,ANALYSIS,low,documentation,none,src/openms/include/OpenMS/ANALYSIS/OPENSWATH/IonMobilityScoring.h,IonMobilityScoring::driftScoring / driftScoringMS1 / driftIdScoring,'drift_target' documented as @param[out] but is a by-value const input,Change the Doxygen tags to '@param[in] drift_target'. Documentation-only fix; no ABI impact.
ANSW-12,B4b,ANALYSIS,low,misleading-doc,none,src/openms/include/OpenMS/ANALYSIS/QUANTITATION/ConfidenceScoring.h,ConfidenceScoring::scoreAssay_,'scoreAssay_' normalizes the caller's feature_intensities in place (non-const ref) as a side effect of scoring,"Document the in-place normalization in the @param[in,out] note, or normalize a local copy to avoid mutating the caller's buffer. Both are protected/source-only; no external ABI impact."
ANSW-14,B4b,ANALYSIS,low,misleading-doc,none,src/openms/include/OpenMS/ANALYSIS/OPENSWATH/MRMFeatureFilter.h,MRMFeatureFilter::FilterFeatureMap,FilterFeatureMap overwrites its '[in]' features argument in place (it is really in/out),"Re-tag the parameter as @param[in,out] features (and likewise for the two sibling methods) in the header so the in-place mutation is documented. ABI-neutral. If a future major version allows, splitting into separate in/out params would be clearer but is a breaking change."
ANSW-15,B4b,ANALYSIS,low,const-correctness,breaking,src/openms/include/OpenMS/ANALYSIS/OPENSWATH/MRMFeatureFilter.h,MRMFeatureFilter::calculateRTDifference,calculateRTDifference / calculateResolution take non-const Feature& but only read them,"Change the parameters to const Feature&. This is source-compatible for all current call sites (they already pass lvalues) and only widens what callers may pass. Strictly it is an ABI change to the mangled symbol, but as a non-virtual public method on a library type the practical risk is low; do it in a minor release."
ANSW-19,B4b,ANALYSIS,low,inconsistent-convention,breaking,src/openms/include/OpenMS/ANALYSIS/OPENSWATH/PeakPickerMobilogram.h,PeakPickerMobilogram::pickMobilogram,3-arg pickMobilogram takes input Mobilogram by value while the 2-arg overload and the sibling PeakPickerChromatogram take const&,"Change the 3-arg parameter to `const Mobilogram& mobilogram` to match the 2-arg overload and the PeakPickerChromatogram sibling. This is an ABI break (mangled signature changes) but source-compatible for nearly all callers; if ABI must be preserved, add a new const& overload and deprecate the by-value one."
ANSW-20,B4b,ANALYSIS,low,misleading-name,none,src/openms/include/OpenMS/ANALYSIS/OPENSWATH/PeakIntegrator.h,PeakIntegrator::estimateBackground,"estimateBackground docs name a baseline type ""vertical_sum"" that does not exist","Doc-only fix: replace ""vertical_sum"" with the actual valid values (vertical_division_min / vertical_division_max / base_to_base) in all four estimateBackground doc blocks. No ABI or signature change."
ANSW-23,B4b,ANALYSIS,low,api-contract-imprecision,none,src/openms/include/OpenMS/ANALYSIS/OPENSWATH/OpenSwathPeptidoformInference.h,OpenSwathPeptidoformInference::preparePrecursorBM,"Doc says it emits true/false rows per feature, but a feature with both MS1 and MS2 precursor evidence yields four rows","Clarify in the header that one true/false pair is emitted per available precursor-evidence source (so up to four rows when both MS1 and MS2 PEPs are set) and that applyBM combines same-hypothesis evidence multiplicatively. Doc-only, ABI-safe."
ANSW-25,B4b,ANALYSIS,low,inconsistent-convention,none,src/openms/include/OpenMS/ANALYSIS/OPENSWATH/DATAACCESS/SpectrumAccessSqMass.h,SpectrumAccessSqMass::getNrChromatograms,"getNrChromatograms reports the full-file count while spectra are subset, and getChromatogramById always throws","Header already documents this; strengthen by making getNrChromatograms() return 0 to match the unusable by-id accessors (so the standard count-then-iterate loop is a no-op rather than a throw), or document the asymmetry at getNrChromatograms() itself. Returning 0 is a behavior change; document-only is the safe additive fix. No signature/ABI change."
ANSW-27,B4b,ANALYSIS,low,documentation-overclaim,none,src/openms/include/OpenMS/ANALYSIS/OPENSWATH/DATAACCESS/SpectrumAccessOpenMSInMemory.h,SpectrumAccessOpenMSInMemory::SpectrumAccessOpenMSInMemory(ISpectrumAccess&),In-memory copy silently drops all chromatograms when the source is an sqMass accessor,"Header claims 'exactly the same data as the source' and 'every spectrum and chromatogram'; either copy chromatograms in the SqMass branch too, or narrow the doc to say chromatograms are taken only from the generic path. Internal .cpp/doc fix, no ABI change."
ANSW-29,B4b,ANALYSIS,low,param-order-or-bool,none,src/openms/include/OpenMS/ANALYSIS/OPENSWATH/DATAACCESS/DataAccessHelper.h,OpenSwathDataAccessHelper::convertToOpenMSChromatogramFilter,Output chromatogram is the first parameter while the sibling convert* helpers put the output last,"Add an overload with the consistent (cptr, chromatogram, rt_min, rt_max) order and deprecate the current ordering; or at minimum document the inversion. Additive overload keeps ABI; changing the existing signature would be source-breaking."
ANSW-33,B4b,ANALYSIS,low,api-inconsistency,source-compatible,src/openms/include/OpenMS/ANALYSIS/TARGETED/TargetedExperimentHelper.h,TargetedExperimentHelper::PeptideCompound::getDriftTime,"getDriftTime() returns the -1 sentinel for 'unset' but offers no hasDriftTime(), unlike the parallel charge / retention-time accessors which all have presence checks","Add a bool hasDriftTime() const (drift_time_ >= 0 or a dedicated set flag) and at minimum document the -1 sentinel on getDriftTime(). Additive method, ABI-safe."
ANSW-34,B4b,ANALYSIS,low,inconsistent-convention,none,src/openms/include/OpenMS/ANALYSIS/TARGETED/IncludeExcludeTarget.h,IncludeExcludeTarget (class doc) vs IncludeExcludeTarget::IncludeExcludeTarget,"IncludeExcludeTarget copies ReactionMonitoringTransition's class doc claiming default charge = numeric_limits<Int>::max(), but it has no charge member and its default m/z is double::max() while the sibling RMT defaults m/z to 0.0","Fix the IncludeExcludeTarget class doc to describe its actual members/defaults (no charge; m/z default double::max()). Doc-only change, ABI-neutral. Aligning the m/z 'unset' sentinel between the two classes would be a behavioral change to weigh separately."
ANSW-37,B4b,ANALYSIS,low,leaky-undocumented-sentinel,none,src/openms/include/OpenMS/ANALYSIS/MRM/ReactionMonitoringTransition.h,ReactionMonitoringTransition (default library_intensity_),"getLibraryIntensity() returns the magic sentinel -101 when never set, with no hasLibraryIntensity() and no documentation of the sentinel","Document the -101 'unset' sentinel on getLibraryIntensity() and/or add hasLibraryIntensity(). Additive/doc fix, ABI-safe."
ANSW-38,B4b,ANALYSIS,low,misleading-name,none,src/openms/include/OpenMS/ANALYSIS/TARGETED/DIAChromHandler.h,DIAChromHandler::extractAndMapChromatogramsForTransitions,"""extractAndMap"" performs no mapping/filtering and ignores mrm_mapping_param","Either drop 'AndMap' from the DIA-applicable name or document at the interface level that mapping is implicit (native-ID assignment) and not all implementations filter. Cheapest ABI-neutral fix: keep the signature but rename in a follow-up and relax the IChromatogramHandler contract wording so it no longer promises 'mapped & filtered'. Removing the unused mrm_mapping_param would be source-breaking, so keep it but document the inconsistency prominently."
ANSW-40,B4b,ANALYSIS,low,stale-documentation,none,src/openms/include/OpenMS/ANALYSIS/TARGETED/IChromatogramHandler.h,IChromatogramHandler::createDefault,createDefault() comment says 'SRM/MRM-based' but returns a runtime SRM/MRM-or-DIA dispatcher,Update the header comment to 'create the default dispatching handler (SRM/MRM or DIA chosen at runtime)'. Documentation-only; no ABI impact.
ANSW-42,B4b,ANALYSIS,low,documentation-mismatch,none,src/openms/include/OpenMS/ANALYSIS/OPENSWATH/MRMFeatureFilter.h,MRMFeatureFilter::FilterFeatureMap,FilterFeatureMap mutates its 'features' argument in place but documents it as @param[in],"Change the Doxygen annotation to `@param[in,out] features` for all three Filter* methods. Pure doc fix; no signature/ABI change."
ANSW-44,B4b,ANALYSIS,low,inconsistent-convention,none,src/openms/include/OpenMS/ANALYSIS/OPENSWATH/MRMFeatureFinderScoring.h,MRMFeatureFinderScoring::prepareProteinPeptideMaps_,Public method carries a trailing-underscore (private-convention) name and is a mandatory pre-call step,"Provide a public alias without the underscore (e.g. prepareProteinPeptideMaps) delegating to the existing one, and document the required ordering on scorePeakgroups. Additive alias is source/ABI-compatible; renaming in place would be source-breaking."
ANSW-45,B4b,ANALYSIS,low,inconsistent-convention,source-compatible,src/openms/include/OpenMS/ANALYSIS/OPENSWATH/MRMFeatureQC.h,MRMFeatureQC::ComponentGroupPairQCs,"ComponentGroupPairQCs bounds are left uninitialized, unlike the sibling QC structs which default to {0.0 .. 1e12}","Add brace-initializers matching the siblings, e.g. `resolution_l{0.0}; resolution_u{1e12}; rt_diff_l{0.0}; rt_diff_u{1e12};`. Source-compatible; changes default-constructed values but those were previously UB so no sane caller relied on them."
ANSW-49,B4b,ANALYSIS,low,misleading-name,none,src/openms/include/OpenMS/ANALYSIS/MRM/ReactionMonitoringTransition.h,ReactionMonitoringTransition::setNativeID / getNativeID vs setName / getName,setName/getName and setNativeID/getNativeID are silent aliases for the SAME field; setting one clobbers the other,"Document explicitly in the header that name and nativeID are the same underlying identifier (alias), so callers don't expect two fields. Changing them to distinct fields would be an ABI break and would alter TraML round-tripping, so prefer the doc fix; flag the aliasing as intentional."
ANSW-55,B4b,ANALYSIS,low,const-correctness,breaking,src/openms/include/OpenMS/ANALYSIS/OPENSWATH/DIAScoring.h,DIAScoring::dia_by_ion_score,Scoring method takes AASequence by non-const reference but never modifies it,Change the parameter to `const AASequence& sequence`. This is source-compatible for existing callers passing lvalues and additionally enables const/temporary arguments. Minor mangled-signature change for the (rare) external caller.
ANSW-56,B4b,ANALYSIS,low,const-correctness,breaking,src/openms/include/OpenMS/ANALYSIS/OPENSWATH/DIAScoring.h,DIAScoring::dia_isotope_scores / score_with_isotopes,DIA isotope/score functions take the spectrum sequence by non-const reference but treat it read-only,Take `const SpectrumSequence&` to match dia_massdiff_score / dia_ms1_massdiff_score in the same header and to stop implying in-place mutation. ABI-breaking for these two symbols only; could be done additively by overloading.
ANSW-57,B4b,ANALYSIS,low,missed-const-correctness,source-compatible,src/openms/include/OpenMS/ANALYSIS/OPENSWATH/OpenSwathScoring.h,OpenSwathScoring::calculateLibraryScores,calculateLibraryScores is non-const while its sibling calculate*Scores methods are const,Add `const` to calculateLibraryScores to match its siblings. Source-compatible for callers; technically mangles the symbol so flag as a (minor) ABI change.
ANSW-58,B4b,ANALYSIS,low,doc-vs-signature-mismatch,none,src/openms/include/OpenMS/ANALYSIS/OPENSWATH/OpenSwathScoring.h,OpenSwathScoring::calculateDIAIdScores (drift_target parameter),drift_target documented as [out] but passed by value as const double (cannot return anything),"Fix the Doxygen annotation to `@param[in] drift_target`. No code/ABI change. If an actual output of the resolved drift target is intended, add a separate `double& drift_target_out` parameter (additive overload)."
ANSW-59,B4b,ANALYSIS,low,silent-failure,none,src/openms/source/ANALYSIS/OPENSWATH/OpenSwathScoring.cpp,OpenSwathScoring::OpenSwathScoring (default constructor),Default constructor leaves several scoring members uninitialized; scoring before initialize() is UB,"Add default member initializers in the header (e.g. `bool use_ms1_ion_mobility_ = false;`) so the object is always in a valid state. Additive, source- and ABI-compatible (no layout change)."
ANSW-62,B4b,ANALYSIS,low,param-order-or-bool,none,src/openms/include/OpenMS/ANALYSIS/OPENSWATH/MRMAssay.h,MRMAssay::detectingTransitions / detectingTransitionsLight,min_transitions documented as @param[out] though it is a plain by-value int input,ABI-neutral docs fix: change '@param[out] min_transitions' to '@param[in] min_transitions' (and likewise for the Light variant). No code/ABI change.
ANSW-66,B4b,ANALYSIS,low,misleading-doc,none,src/openms/include/OpenMS/ANALYSIS/OPENSWATH/MRMRTNormalizer.h,MRMRTNormalizer::removeOutliersRANSAC / removeOutliersIterative,@return clause is logically inverted: an outlier-removal routine throws instead of returning when the fit is bad,ABI-neutral docs fix: rewrite the @return/@exception to: 'Returns the outlier-filtered pairs when both the R^2 and coverage limits are satisfied; throws Exception::UnableToFit if the R^2 limit cannot be met or coverage drops below coverage_limit.' No signature change.
ANSW-67,B4b,ANALYSIS,low,surprising-throw,none,src/openms/include/OpenMS/ANALYSIS/OPENSWATH/MRMRTNormalizer.h,MRMRTNormalizer::removeOutliersRANSAC,"Throws UnableToFit for too-few input/sample points (<30 input, <5 sampled) regardless of rsq/coverage limits","ABI-neutral docs fix: document the hard minimums (>=5 sampled, >=30 input pairs) in the header and the @exception clause so the throw is not a surprise. No signature/ABI change."
ANSW-68,B4b,ANALYSIS,low,misleading-name,none,src/openms/include/OpenMS/ANALYSIS/OPENSWATH/MRMDecoy.h,MRMDecoy::switchKR / switchKRLight,Name says 'switch K<->R' but on a non-K/R C-terminus it mutates to an arbitrary (hash-chosen) amino acid,"ABI-neutral: the @note already exists; strengthen it (and the generateDecoys doc) to state that non-tryptic C-termini are replaced by a deterministically-chosen amino acid, so the precursor-mass-shift side effect is explicit. Renaming would break ABI and is not recommended."
ANSW-69,B4b,ANALYSIS,low,const-correctness,source-compatible,src/openms/include/OpenMS/ANALYSIS/OPENSWATH/MRMIonSeries.h,MRMIonSeries::getIon,Read-only lookup takes IonSeries by non-const reference (and the method itself is non-const),"Source-compatible improvement: change the parameter to `const IonSeries&` (replace operator[] with .at()/.find()) and make the method const. This is source-compatible for callers but changes the mangled signature, so it is ABI-breaking; if ABI must be frozen, leave as-is and at minimum document that the series is not modified."
ANSW-73,B4b,ANALYSIS,low,hidden-side-effect,none,src/openms/include/OpenMS/ANALYSIS/OPENSWATH/OpenSwathOSWWriter.h,OpenSwathOSWWriter::addRun / setRunId,run_id is silently mutated (sign bit cleared) before being stored/written,Document in the header that the top/sign bit of run_id is cleared (to keep SQLite INTEGER storage non-negative for joins). ABI-safe doc-only fix.
ANSW-74,B4b,ANALYSIS,low,doc-typo,none,src/openms/include/OpenMS/ANALYSIS/OPENSWATH/OpenSwathOSWWriter.h,OpenSwathOSWWriter::getSeparateScore,Doc @brief says 'concatenated scores' but the method (and its name) return separated per-element scores,"Fix the @brief to say 'separated' (one entry per list element). Doc-only, ABI-safe."
ANSW-80,B4b,ANALYSIS,low,undocumented-behavior,none,src/openms/include/OpenMS/ANALYSIS/OPENSWATH/OpenSwathHelper.h,OpenSwathHelper::computeTransitionGroupId,computeTransitionGroupId returns an empty string (not the input) when the id does not have the expected '..._Precursor_iX' shape,"Document the empty-string return as the failure sentinel in the header, or assert/throw on malformed input. Doc-only is ABI-neutral; behavioral throw would be source-compatible for well-formed callers."
ANSW-82,B4b,ANALYSIS,low,silent-failure,none,src/openms/include/OpenMS/ANALYSIS/OPENSWATH/TargetedSpectraExtractor.h,TargetedSpectraExtractor::untargetedMatching / targetedMatching (spectral_library_score on no-match),"A 'no match found' result is encoded as spectral_library_score = 0.0, indistinguishable from a genuine zero-similarity match","Document in the header that callers must check spectral_library_name (not score) to detect a miss, or use a sentinel like NaN / a separate boolean meta value for 'matched'. Doc-only fix is ABI-neutral."
ANAL-2,B4c,ANALYSIS,low,const-correctness,source-compatible,src/openms/include/OpenMS/ANALYSIS/MAPMATCHING/FeatureGroupingAlgorithmUnlabeled.h,FeatureGroupingAlgorithmUnlabeled::getResultMap,Non-const getResultMap() returns a mutable reference into the algorithm's internal pairfinder state,"Add a const overload returning 'const ConsensusMap&' (additive, source-compatible). Document that the returned reference aliases internal state invalidated by further addToGroup calls. Removing the non-const overload would be breaking, so keep it."
ANAL-5,B4c,ANALYSIS,low,inconsistent-convention,none,src/openms/include/OpenMS/ANALYSIS/MAPMATCHING/FeatureDistance.h,FeatureDistance::FeatureDistance,Class documentation refers to a constructor parameter 'check_constraints' that does not exist (the parameter is 'force_constraints'),Fix the class doc to say force_constraints (the @param block already uses that name). Doc-only fix is ABI-neutral and source-compatible; do not rename the parameter to avoid churn.
ANAL-6,B4c,ANALYSIS,low,param-order-or-bool,none,src/openms/include/OpenMS/ANALYSIS/MAPMATCHING/FeatureMapping.h,FeatureMapping::assignMS2IndexToFeature,Two adjacent same-typed double tolerances (each a half-width) plus a trailing bare bool that governs only the m/z unit are swap/ambiguity hazards at call sites,"Documentation is thorough; for safety add (additively) an overload taking a small tolerance struct (mz, rt, ppm) so call sites self-describe, keeping the existing signature for ABI stability. Pure addition is source- and ABI-compatible."
ANAL-10,B4c,ANALYSIS,low,documentation-gap,none,src/openms/include/OpenMS/ANALYSIS/MAPMATCHING/MapAlignmentAlgorithmIdentification.h,MapAlignmentAlgorithmIdentification::align,"align() silently clears a previously set external reference when an internal reference_index is given, but quietly keeps it otherwise",Document the precedence rule on the align() declaration (passing reference_index >= 0 overrides and clears any external reference set via setReference). Doc-only; ABI-safe.
ANAL-12,B4c,ANALYSIS,low,hidden-side-effect,none,src/openms/include/OpenMS/ANALYSIS/MAPMATCHING/TransformationDescription.h,TransformationDescription::estimateWindow,const estimateWindow() with invert=true silently deep-copies and refits the entire transformation model on every call,"Document the refit cost in the header. ABI-safe: keep signature, add a @note that invert=true triggers a full copy+refit; consider an overload that accepts a pre-inverted description or a cached inverse to avoid per-call refits in hot paths (e.g. SwathMapMassCorrection)."
ANAL-13,B4c,ANALYSIS,low,api-contract,none,src/openms/include/OpenMS/ANALYSIS/MAPMATCHING/TransformationDescription.h,TransformationDescription::estimateWindow,"estimateWindow returns 0.0 (a valid window) when there are no data points, indistinguishable from a genuinely zero window","ABI-safe: at minimum log at WARNING not DEBUG. Better: document that callers must guard against 0.0, or add a bool* success out-param overload / throw on empty so the 'no data' case is not confused with a real zero window."
ANAL-15,B4c,ANALYSIS,low,hidden-side-effect,none,src/openms/include/OpenMS/ANALYSIS/MAPMATCHING/TransformationDescription.h,TransformationDescription::invert,invert() refits the model and (for empty-data linear) mutates the model in place via a downcast 'ugly hack',"ABI-safe: document that invert() rewrites stored data points and triggers a refit (cost + that the inverse of non-linear models is only approximate, as the doc hints). No signature change required."
ANAL-16,B4c,ANALYSIS,low,misleading-name,source-compatible,src/openms/include/OpenMS/ANALYSIS/MAPMATCHING/ConsensusMapNormalizerAlgorithmThreshold.h,ConsensusMapNormalizerAlgorithmThreshold::computeCorrelation,computeCorrelation does not compute any correlation; it returns mean intensity ratios (normalization factors),"Add a correctly-named additive alias such as computeNormalizationFactors(...) delegating to the existing method, and mark computeCorrelation [[deprecated(""renamed to computeNormalizationFactors; it returns mean intensity ratios, not a correlation"")]]. Keeping the old symbol preserves ABI; ideal removal is breaking."
ANAL-19,B4c,ANALYSIS,low,inconsistent-convention,breaking,src/openms/include/OpenMS/ANALYSIS/MAPMATCHING/ConsensusMapNormalizerAlgorithmMedian.h,ConsensusMapNormalizerAlgorithmMedian::passesFilters_,Public API method carries the trailing-underscore private-helper naming convention,"Provide a public, conventionally-named alias (e.g. passesFilters) that forwards to passesFilters_, and keep passesFilters_ for ABI. Renaming outright would break the exported symbol, so treat alias as additive; full rename is breaking."
ANAL-20,B4c,ANALYSIS,low,surprising-default,none,src/openms/include/OpenMS/ANALYSIS/MAPMATCHING/ConsensusMapNormalizerAlgorithmMedian.h,ConsensusMapNormalizerAlgorithmMedian::passesFilters_,"Empty filter string means 'match everything' (always pass), inverting the natural 'filter rejects nothing configured' expectation only after reading code",Document the 'empty == match anything' and 'regex matching the empty string == match anything' semantics in the Median header doc (already documented in the Threshold header). Doc-only; ABI-safe.
ANAL-23,B4c,ANALYSIS,low,misleading-name,none,src/openms/include/OpenMS/ANALYSIS/MAPMATCHING/ConsensusMapNormalizerAlgorithmMedian.h,ConsensusMapNormalizerAlgorithmMedian (constructors/destructor doc comments),Doc comments claim ctor/dtor/copy 'is not implemented -> private' but they are public and implemented,Fix the misleading Doxygen comments to describe the actual public/defaulted ctor and dtor. Comment-only change; ABI-safe.
ANAL-28,B4c,ANALYSIS,low,const-correctness,none,src/openms/include/OpenMS/ANALYSIS/QUANTITATION/IsobaricChannelExtractor.h,IsobaricChannelExtractor::getStats,getStats() is non-const and hands out a mutable reference to internal QC state,"Add a `const ChannelQCSet& getStats() const;` overload (additive, ABI-safe) for read-only access, and fix the stale .cpp doc comment. Changing the existing non-const signature would be ABI-breaking, so keep it but prefer the const accessor in docs."
ANAL-31,B4c,ANALYSIS,low,const-correctness,breaking,src/openms/include/OpenMS/ANALYSIS/QUANTITATION/PeptideAndProteinQuant.h,PeptideAndProteinQuant::getStatistics / getPeptideResults / getProteinResults,Read-only result getters are non-const,"Add the const qualifier to all three methods. Source-compatible for callers; it does change the mangled symbol so it is technically an ABI break for the affected member functions. If strict ABI must be preserved, add new const overloads alongside the existing ones."
ANAL-32,B4c,ANALYSIS,low,const-correctness,source-compatible,src/openms/include/OpenMS/ANALYSIS/QUANTITATION/AbsoluteQuantitation.h,AbsoluteQuantitation::getQuantMethods / getQuantMethodsAsMap,Quant-method getters are non-const,"Mark both methods const. Source-compatible; changes the member symbol (technically ABI). If ABI must hold, add const overloads."
ANAL-37,B4c,ANALYSIS,low,const-correctness,breaking,src/openms/include/OpenMS/ANALYSIS/QUANTITATION/AbsoluteQuantitation.h,AbsoluteQuantitation::setQuantMethods,Setter takes a non-const reference but does not modify it,"Change the parameter to 'const std::vector<AbsoluteQuantitationMethod>&'. This is source-compatible for existing callers and widens accepted arguments, but changes the mangled symbol (member ABI). If ABI must be preserved, add a const-ref overload."
ANAL-40,B4c,ANALYSIS,low,const-correctness,breaking,src/openms/include/OpenMS/ANALYSIS/QUANTITATION/DDAWorkflowCommons.h,DDAWorkflowCommons::recalibrateMS1,peptide_ids documented '@param[in]' but passed by non-const reference,"If fillCalibrants can accept const (verify), make peptide_ids const-ref to match the @param[in]. Otherwise document it as in/out. Const-ref change is source-compatible but alters the function symbol (ABI)."
ANAL-44,B4c,ANALYSIS,low,surprising-default,none,src/openms/include/OpenMS/ANALYSIS/NUXL/NuXLFDR.h,NuXLFDR::calculatePeptideAndXLQValueAndFilterAtPSMLevel,"A 0.0 q-value threshold means '100% FDR / filter disabled', the opposite of the most stringent cut a caller would assume","Use a distinct sentinel (e.g. negative or -1) for 'disabled' instead of overloading 0.0, or document this inversion at the parameter (the header does note it, but the convention itself is the surprise). ABI: behavior/contract clarification, source-compatible."
ANAL-46,B4c,ANALYSIS,low,misleading-doc,none,src/openms/include/OpenMS/ANALYSIS/NUXL/NuXLDeisotoper.h,NuXLDeisotoper::deisotopeAndSingleCharge,"preserve_low_mz_peaks_threshold acts independently of preserve_high_intensity_peaks, contradicting its documented coupling","Fix the header doc to describe preserve_low_mz_peaks_threshold as an independent threshold; the default -1e10 (rather than 0) also obscures that the feature is off by default. ABI: doc-only, non-breaking."
ANAL-47,B4c,ANALYSIS,low,hidden-side-effect,none,src/openms/include/OpenMS/ANALYSIS/NUXL/NuXLReport.h,NuXLReport::annotate,annotate() returns report rows but also mutates the passed-in peptide_ids by writing many meta values,"Document in the header that peptide_ids is annotated in place (the by-value/by-ref distinction and the meta keys written), or split the meta-annotation into an explicitly named step. ABI: doc-only, non-breaking."
ANAL-50,B4c,ANALYSIS,low,inconsistent-convention,source-compatible,src/openms/include/OpenMS/ANALYSIS/NUXL/NuXLFragmentAdductDefinition.h,NuXLFragmentAdductDefinition::operator< / operator==,"operator< compares by (mass, formula, name) but operator== ignores mass — set/unordered-set dedup disagree","Make the orderings consistent: have operator< order by exactly the fields operator== compares (formula, name) — i.e. drop mass from operator< (mass is derived from formula via getMonoWeight, so it is redundant for identity anyway). This is source-compatible and fixes the std::set-vs-hash dedup divergence. If preserving mass-first ordering is required for an existing on-disk/scoring order, instead add mass to operator== (and the hash). Either way pick one field set for both; do not leave them divergent."
ANAL-54,B4c,ANALYSIS,low,inconsistent-convention,none,src/openms/include/OpenMS/ANALYSIS/NUXL/NuXLFragmentAnnotationHelper.h,NuXLFragmentAnnotationHelper::FragmentAnnotationDetail_::operator< / operator==,FragmentAnnotationDetail_ operator< uses exact mz/intensity while operator== uses a 1e-6 epsilon — ordering equivalence disagrees with equality,"Pick one comparison basis. Since the comment says mz/intensity are not needed for identity, simplify operator== to (charge, shift) and order operator< by the same key, or make both use the epsilon-tolerant form. Source-compatible (inline struct in header; only behavior of comparisons changes — audit any std::set<FragmentAnnotationDetail_> usage first)."
ANAL-55,B4c,ANALYSIS,low,misleading-name,none,src/openms/include/OpenMS/ANALYSIS/NUXL/NuXLFragmentIonGenerator.h,NuXLFragmentIonGenerator::addShiftedImmoniumIons,"The 'methionine-related CH5S fragment' is emitted with the same iM immonium annotation as the real M immonium, making the two peaks indistinguishable","Give the CH5S fragment its own annotation (e.g. 'iM(CH5S)+{shift}+', mirroring the iK(C5H10N1) variant convention used a few lines above) so peaks remain distinguishable. Behavioral/string-only change; ABI-neutral."
ANAL-56,B4c,ANALYSIS,low,misleading-name,none,src/openms/include/OpenMS/ANALYSIS/TOPDOWN/PeakGroup.h,PeakGroup::operator==,"PeakGroup equality compares only mono mass + intensity, ignoring charge/score/decoy state","Document explicitly on operator== that equality is mass+intensity only (mass-identity semantics), or rename the concept (e.g. provide `sameMass()` and make operator== full value equality). Additive/safe fix: add a doc comment and a named predicate; changing operator== semantics is source-compatible but behaviorally breaking for existing containers, so guard it."
ANAL-60,B4c,ANALYSIS,low,misleading-name,none,src/openms/include/OpenMS/ANALYSIS/TOPDOWN/DeconvolvedSpectrum.h,DeconvolvedSpectrum::sortByQscore,"sortByQscore sorts descending and keys on the 2D Q-score, not the 1D Qscore implied by the name","Rename or document as sortByQscore2DDescending, and/or note the direction and that the key is getQscore2D. Doc-only fix is non-breaking; renaming is source-breaking."
ANAL-61,B4c,ANALYSIS,low,doc-direction-tag-mismatch,none,src/openms/include/OpenMS/ANALYSIS/TOPDOWN/SpectralDeconvolution.h,SpectralDeconvolution::getIsotopeCosineAndIsoOffset,'offset' is documented @param[in] but is actually an output (int&); other params are mislabeled too,"Fix the direction tags: offset in getIsotopeCosineAndIsoOffset is [out] (or [in,out]); offset in getCosine is [in]. Doc-only, no ABI impact."
ANAL-62,B4c,ANALYSIS,low,param-order-or-bool,source-compatible,src/openms/include/OpenMS/ANALYSIS/TOPDOWN/DeconvolvedSpectrum.h,DeconvolvedSpectrum::setPeakGroups,"setPeakGroups takes a non-const lvalue reference but only copies it, implying a mutation/move that never happens",Change the parameter to `const std::vector<PeakGroup>&` (or add a `std::vector<PeakGroup>&&` move overload). Changing to const-ref is source-compatible for existing callers passing lvalues and removes the surprise; it is a signature change so flag ABI as source-compatible.
ANAL-63,B4c,ANALYSIS,low,silent-failure,none,src/openms/include/OpenMS/ANALYSIS/TOPDOWN/FLASHDeconvAlgorithm.h,FLASHDeconvAlgorithm::getDecoyAveragine,getDecoyAveragine silently returns the TARGET averagine when decoy reporting is disabled,Document the fallback (returns the target averagine when report_decoy_ is off) so callers know the returned model is not decoy-specific in that mode. Doc-only; non-breaking.
ANAL-64,B4c,ANALYSIS,low,const-correctness,source-compatible,src/openms/include/OpenMS/ANALYSIS/TOPDOWN/FLASHDeconvAlgorithm.h,FLASHDeconvAlgorithm::getAveragine / SpectralDeconvolution::getAveragine,"Read-only averagine getter is non-const, blocking use on const objects",Add const to both getAveragine() (and getDecoyAveragine()) since they perform no mutation. Adding const is source-compatible for callers and improves usability; mark ABI as source-compatible (mangled name changes).
ANAL-65,B4c,ANALYSIS,low,param-order-or-bool,none,src/openms/include/OpenMS/ANALYSIS/TOPDOWN/MassFeatureTrace.h,MassFeatureTrace::findFeaturesAndUpdateQscore2D,is_decoy is an INPUT mode flag but is documented as @param[out],"Fix the Doxygen tag to '@param[in] is_decoy'. The wording 'if set, only process decoy spectra' already describes input behavior; only the [out] tag is wrong. Pure doc fix, no ABI impact. Optionally rename to process_decoys for clarity (source-compatible only if no callers use the name, but it is positional so safe)."
ANAL-67,B4c,ANALYSIS,low,return-value,breaking,src/openms/include/OpenMS/ANALYSIS/TOPDOWN/FLASHHelperClasses.h,FLASHHelperClasses::PrecalculatedAveragine::get,get(mass) returns a full IsotopeDistribution by value (copy) where a const ref is expected for a cache lookup,"Change return type to 'const IsotopeDistribution&' (the storage outlives the call and is never invalidated by const accessors). This is an ABI break (mangled return changes) and a potential source break for callers binding to a non-const value, so do it at a major version; alternatively add a getRef(mass) const& overload (purely additive)."
ANAL-68,B4c,ANALYSIS,low,misleading-name,none,src/openms/include/OpenMS/ANALYSIS/TOPDOWN/FLASHHelperClasses.h,FLASHHelperClasses::MassFeature::operator== (and std::hash specialization),"MassFeature equality and hashing compare only avg_mass by exact double-equality, ignoring all other fields","Document that ordering/equality are mass-keyed (intentional for mass-trace merging) so callers do not assume identity semantics; if identity is ever needed, add an explicit sameFeature()/index-based comparator. Changing operator== semantics would be a behavioral/ABI-affecting break, so prefer the additive documented-comparator route."
ANAL-69,B4c,ANALYSIS,low,unit-or-index,breaking,src/openms/include/OpenMS/ANALYSIS/TOPDOWN/FLASHHelperClasses.h,FLASHHelperClasses::getChargeMass,getChargeMass returns the proton mass narrowed to float in a mass-critical code path,Change the return type to double to match the constant and the double mass arithmetic. This is an ABI break (return type mangling) so schedule for a major version; the value change is tiny but removes a surprising precision loss in a precision-sensitive domain.
FEAT-1,B5,FEATUREFINDER,low,uninitialized-member-risk,none,src/openms/include/OpenMS/FEATUREFINDER/BaseModel.h,BaseModel::BaseModel(),Default constructor leaves cut_off_ uninitialized; getCutOff()/isContained() read garbage,"Add an in-class initializer 'IntensityType cut_off_{0.0};' (ABI-neutral, fixes the read-before-init), and/or call defaultsToParam_() at the end of the BaseModel ctor for consistency with InterpolationModel. Both are source/ABI-compatible."
FEAT-2,B5,FEATUREFINDER,low,surprising-throw,none,src/openms/include/OpenMS/FEATUREFINDER/Fitter1D.h,Fitter1D::fit1d,Base fit1d() throws NotImplemented instead of being pure virtual,"Prefer making fit1d pure virtual (= 0) to surface the contract at compile time; if ABI/legacy subclass concerns block that, at minimum fix the doc comment to '/// fit the model and return the fit quality; resulting model returned via out-param'. Pure-virtualizing is source-breaking for any subclass that relied on inheriting the throwing default (rare)."
FEAT-3,B5,FEATUREFINDER,low,documentation-naming-inconsistency,none,src/openms/include/OpenMS/FEATUREFINDER/InterpolationModel.h,InterpolationModel::getScalingFactor / scaling semantics,"'scaling' is documented as area-under-model, not a multiplicative intensity scale",Reconcile the doc and the param description so the unit (area vs multiplier) is unambiguous. Documentation-only; ABI-safe.
FEAT-4,B5,FEATUREFINDER,low,surprising-throw,breaking,src/openms/include/OpenMS/FEATUREFINDER/InterpolationModel.h,InterpolationModel::getCenter / setSamples,getCenter() and setSamples() are concrete virtuals that throw NotImplemented,"Make getCenter() and setSamples() pure virtual (= 0) so the missing-override is a compile error. This is source-breaking only for subclasses that intentionally inherited the throw (none expected). If ABI must hold, at least document that these throw if not overridden."
FEAT-5,B5,FEATUREFINDER,low,const-correctness,breaking,src/openms/include/OpenMS/FEATUREFINDER/ModelDescription.h,ModelDescription::getName() / getParam() non-const overloads,getName()/getParam() return mutable references to internals under a 'get' name,"Prefer removing the non-const getName()/getParam() overloads in favor of the existing setters (source-breaking for code that mutates via the getter). If ABI/source stability is required, leave them but document the mutation channel clearly. Honest ideal fix: drop the mutable overloads."
FEAT-6,B5,FEATUREFINDER,low,implicit-conversion,source-compatible,src/openms/include/OpenMS/FEATUREFINDER/ModelDescription.h,ModelDescription::ModelDescription(const BaseModel*),Single-argument non-explicit constructor enables implicit BaseModel*->ModelDescription conversion,"Mark the constructor 'explicit'. Source-compatible for normal '{}'/direct construction; breaks only code relying on the implicit conversion (rare, and that code is the bug this fix prevents)."
FEAT-7,B5,FEATUREFINDER,low,const-correctness,breaking,src/openms/include/OpenMS/FEATUREFINDER/BaseModel.h,BaseModel::getSamples(std::ostream&),getSamples(ostream&) is non-const while getSamples(SamplesType&) it delegates to is const,"Add 'const' to getSamples(std::ostream&). This changes the function signature/mangled name (it is virtual), so it is technically ABI-breaking for the vtable slot; for a library that values ABI, do it at the next ABI break. Source-compatible for all callers."
FEAT-10,B5,FEATUREFINDER,low,const-correctness,breaking,src/openms/include/OpenMS/FEATUREFINDER/TraceFitter.h,TraceFitter::getArea,getArea() is non-const although it only reads/derives from fitted members; cannot be called on a const fitter,"Add const to getArea() in TraceFitter and both subclasses. This is an ABI break (mangled name and vtable slot signature change), so if strict ABI must hold, add a new 'double getArea() const' overload and deprecate the non-const one. Mark abi_impact breaking for the ideal fix."
FEAT-11,B5,FEATUREFINDER,low,silent-failure,source-compatible,src/openms/source/FEATUREFINDER/GaussTraceFitter.cpp,GaussTraceFitter::getValue / getCenter / getArea / getSigma / getLowerRTBound,Trace-fitter query methods read uninitialized members when called before fit() (no fitted-state guard),In-class initialize the members (e.g. = NaN) and/or set a fitted_ flag in fit()/getOptimizedParameters_() and throw Exception::Precondition (or return NaN) from the queries when unfitted. In-class initializers and an added guard are source-compatible and ABI-safe.
FEAT-13,B5,FEATUREFINDER,low,asymmetric-api,source-compatible,src/openms/include/OpenMS/FEATUREFINDER/EmgScoring.h,EmgScoring::getDefaults,EmgScoring::getDefaults() is a non-const factory call that ignores the object's configured params,"Make getDefaults() const, and add a symmetric getFitterParam()/getParameters() accessor returning fitter_emg1D_params_ so callers can read back what they set. Adding const to an inline header method and adding a getter are source-compatible."
FEAT-15,B5,FEATUREFINDER,low,const-correctness,breaking,src/openms/include/OpenMS/FEATUREFINDER/IsotopeModel.h,IsotopeModel::getOffset / getFormula,getOffset() and getFormula() are read-only accessors but declared non-const (sibling getCenter()/getCharge() are const),"Add `const` to getOffset() and getFormula() (and ExtendedIsotopeModel::getOffset()). Adding const to a member function changes the mangled name, so it is technically an ABI break for these symbols; do it in a major/ABI-bump release, or add const-qualified overloads alongside the existing ones."
FEAT-18,B5,FEATUREFINDER,low,silent-failure,source-compatible,src/openms/source/FEATUREFINDER/ElutionModelFitter.cpp,ElutionModelFitter::calculateFitQuality_,"Quality calculation divides by per-point model_value and by total_weights with no zero/empty guard, can return Inf/NaN","Guard against model_value==0 and total_weights==0 (return a sentinel such as -1.0 already used elsewhere in the class, or skip such points) and document the contract. Internal helper, so the fix is source/ABI compatible."
FEAT-20,B5,FEATUREFINDER,low,incomplete-documentation,none,src/openms/include/OpenMS/FEATUREFINDER/FeatureFinderAlgorithmMetaboIdent.h,FeatureFinderAlgorithmMetaboIdent::setMSData,setMSData() silently drops all non-MS1 spectra from the supplied map,Document in the header that setMSData() retains only MS1 spectra. Ideal additive fix: rename intent in docs (e.g. 'sets MS data; non-MS1 spectra are dropped'). Doc-only change is ABI-safe.
FEAT-22,B5,FEATUREFINDER,low,const-correctness,source-compatible,src/openms/include/OpenMS/FEATUREFINDER/FeatureFinderAlgorithmPickedHelperStructs.h,FeatureFinderAlgorithmPickedHelperStructs::MassTraces::isValid,"isValid(seed_mz, trace_tolerance) is a read-only check but declared non-const, unlike the sibling overload / other queries","Add const: 'bool isValid(double seed_mz, double trace_tolerance) const;'. This is a source-compatible change (adding const to a member function), though it changes the mangled name so it is technically ABI-affecting; provide as the ideal fix."
FEAT-24,B5,FEATUREFINDER,low,robustness,none,src/openms/include/OpenMS/FEATUREFINDER/FeatureFinderAlgorithmPickedHelperStructs.h,FeatureFinderAlgorithmPickedHelperStructs::MassTrace::getAvgMZ,getAvgMZ() divides by summed intensity with no guard -> returns NaN on an empty/zero-intensity trace,Guard against empty/zero intensity (return e.g. 0.0 or throw Precondition) and document. ABI-safe behavioral fix.
FEAT-25,B5,FEATUREFINDER,low,misleading-name,none,src/openms/include/OpenMS/FEATUREFINDER/FeatureFinderAlgorithmPickedHelperStructs.h,FeatureFinderAlgorithmPickedHelperStructs::MassTraces::getTheoreticalmaxPosition,"getTheoreticalmaxPosition() returns a trace INDEX, not an m/z or RT 'position'","Add a clearer additive alias such as getMaxTheoreticalIntensityTraceIndex() and deprecate the old name, or at minimum strengthen the doc. Renaming the existing symbol is ABI-breaking; an additive alias is source-compatible."
FEAT-26,B5,FEATUREFINDER,low,const-correctness,breaking,src/openms/include/OpenMS/FEATUREFINDER/TraceFitter.h,TraceFitter::getArea,getArea() is non-const while every sibling fit-result getter (getHeight/getCenter/getValue/getFWHM/getLowerRTBound/getUpperRTBound) is const,"Make getArea() const across the base and overrides to match the sibling getters. Source-compatible at call sites but changes the virtual's mangled name/vtable slot signature, so technically ABI-breaking; flag as the ideal fix."
FEAT-29,B5,FEATUREFINDER,low,hidden-side-effect,none,src/openms/include/OpenMS/FEATUREFINDER/SeedListGenerator.h,"SeedListGenerator::generateSeedList(PeptideIdentificationList&, SeedList&, bool)",A 'generate seed list' method silently re-sorts the caller's peptide hits when use_peptide_mass is true,"Take peptides by const-ref and sort a local copy of the relevant hit (or document the mutation prominently in the brief). If keeping the signature, keep the existing doc note but consider a const overload. Changing the parameter to const& is source-compatible for read-only callers but is an ABI/signature change."
FEAT-32,B5,FEATUREFINDER,low,hidden-side-effect,none,src/openms/source/FEATUREFINDER/FFIDAlgoExternalIDHandler.cpp,Internal::FFIDAlgoExternalIDHandler::classifyFeaturesWithSVM,classifyFeaturesWithSVM overwrites each feature's overallQuality with the SVM probability,Document that overallQuality is repurposed to the SVM positive-class probability after classification; ideally preserve the prior score in a meta value as the TODO suggests. Doc change is ABI-safe.
FEAT-33,B5,FEATUREFINDER,low,const-correctness,breaking,src/openms/include/OpenMS/FEATUREFINDER/PeakWidthEstimator.h,PeakWidthEstimator::getPeakWidth,"getPeakWidth is a pure read but is non-const, blocking use on a const PeakWidthEstimator","Make getPeakWidth const (double getPeakWidth(double mz) const). This is source-compatible for existing callers but changes the mangled signature, so it is technically an ABI break for that single method."
FEAT-34,B5,FEATUREFINDER,low,hidden-side-effect,none,src/openms/include/OpenMS/FEATUREFINDER/FeatureFindingMetabo.h,FeatureFindingMetabo::run,run() silently reorders the caller's input_mtraces vector in place,"Document the reordering in the header (additive, ABI-safe). Ideally sort a local copy or restore order, but that changes behavior; at minimum the header doc must state 'input_mtraces is sorted by m/z as a side effect'. If a non-mutating contract is wanted, add a const overload that copies."
FEAT-39,B5,FEATUREFINDER,low,inconsistent-convention,source-compatible,src/openms/include/OpenMS/FEATUREFINDER/FeatureFindingMetabo.h,FeatureHypothesis::getMonoisotopicFeatureIntensity / getSummedFeatureIntensity,smoothed flag has no default here but does on sibling getters; default value lives uselessly in the .cpp,"Add `bool smoothed = false` and a parameter name in the header to match the sibling getters, and remove the default from the .cpp (it belongs in the declaration). Adding a default argument is source-compatible and ABI-safe."
FEAT-40,B5,FEATUREFINDER,low,surprising-default,none,src/openms/include/OpenMS/FEATUREFINDER/MassTraceDetection.h,MassTraceDetection::run,"max_traces default of 0 silently means 'unlimited', not 'extract zero traces'","Document the 0 = unlimited convention in the header (additive, ABI-safe). Optionally provide a named constant or a clearer overload without the parameter for the unlimited case."
FEAT-42,B5,FEATUREFINDER,low,const-correctness,breaking,src/openms/include/OpenMS/FEATUREFINDER/ElutionPeakDetection.h,ElutionPeakDetection::computeMassTraceNoise / computeMassTraceSNR / computeApexSNR,Read-only S/N and noise compute methods are not declared const,"Add `const` to all three method declarations/definitions. This is source-compatible for callers but changes the mangled names, so it is technically an ABI break; batch it with the next ABI-breaking release."
FEAT-44,B5,FEATUREFINDER,low,asymmetric-api,none,src/openms/include/OpenMS/FEATUREFINDER/MultiplexDeltaMassesGenerator.h,MultiplexDeltaMassesGenerator::getDeltaMassesList,Non-const getDeltaMassesList() returns a COPY by value while the const overload returns a reference; mutating the result is silently discarded,Either return a non-const reference from the non-const overload (matches the const sibling and the OpenMS by-ref idiom) or drop the non-const overload entirely so all reads go through the const ref. Changing the return type changes the symbol/ABI; prefer adding a returns-reference accessor and deprecating the value-returning one.
FEAT-46,B5,FEATUREFINDER,low,misleading-name,none,src/openms/source/FEATUREFINDER/MultiplexDeltaMasses.cpp,"operator<(const MultiplexDeltaMasses&, const MultiplexDeltaMasses&)","operator< returns true when the left operand has MORE delta masses (sorts larger multiplets first), contradicting a < b ascending intuition","Keep the algorithmic intent but rename the concept: provide a named comparator (e.g. struct LessForSearchPriority / compareBySearchPriority) instead of overloading the bare operator<, or document the inverted-size semantics prominently on the operator< declaration in the header (currently undocumented there). If the type is only ever sorted for search priority, a named functor avoids surprising any future ordered-container use. Adding a named comparator is purely additive."
FEAT-47,B5,FEATUREFINDER,low,param-order-or-bool,none,src/openms/include/OpenMS/FEATUREFINDER/MultiplexClustering.h,"MultiplexClustering::MultiplexClustering(const MSExperiment&, double, bool, double)",Bare bool 'mz_tolerance_unit' selects ppm vs Da; unreadable at the call site and undocumented direction,Add an overload or follow-up constructor taking a small enum (e.g. MZUnit::PPM / MZUnit::DA) instead of bool; keep the bool ctor for ABI but document the polarity on the declaration. Additive enum overload is non-breaking.
FEAT-48,B5,FEATUREFINDER,low,surprising-throw,none,src/openms/include/OpenMS/FEATUREFINDER/MultiplexClustering.h,"MultiplexClustering::MultiplexClustering(const MSExperiment&, double, bool, double)",@throw documentation on the centroid-only constructor is copy-pasted and wrong; it actually throws on out-of-range MZ/RT ranges,Fix the @throw doc to describe the real precondition (sensible/initialized m/z and RT ranges). Documentation-only; no ABI impact.
FEAT-49,B5,FEATUREFINDER,low,return-value,none,src/openms/include/OpenMS/FEATUREFINDER/MultiplexIsotopicPeakPattern.h,MultiplexIsotopicPeakPattern::getMassShifts,"getMassShifts() returns a full deep copy of the MultiplexDeltaMasses by value, not a const reference","Add a 'const MultiplexDeltaMasses& getMassShifts() const' accessor (additive overload is impossible since differing only by return type, so add a new name like massShifts() or change the return type in a major-version bump). Document the copy in the interim."
FEAT-50,B5,FEATUREFINDER,low,const-correctness,source-compatible,src/openms/include/OpenMS/FEATUREFINDER/MultiplexFiltering.h,MultiplexFiltering::getBlacklist,getBlacklist() is a pure read-only computation but is declared non-const,Add `const` to the declaration and definition: `MSExperiment getBlacklist() const;`. Pure addition of const is source-compatible for callers; it does change the mangled name (ABI) so note that.
FEAT-53,B5,FEATUREFINDER,low,misleading-name,none,src/openms/include/OpenMS/FEATUREFINDER/MultiplexFilteredPeak.h,MultiplexFilteredPeak::size,"size() counts satellite peaks INCLUDING the primary peak, so it is not the count of 'satellite peaks' the name/doc imply","Clarify in the header doc that size() includes the primary peak (and may include multiple satellites per pattern across the RT band). If a 'satellites excluding primary' count is meaningful to callers, add a separate explicitly named accessor. Doc-only fix is ABI-safe."
PROC-1,B5,PROCESSING,low,stale-documentation,none,src/openms/include/OpenMS/PROCESSING/DEISOTOPING/Deisotoper.h,Deisotoper::deisotopeWithAveragineModel,Doxygen describes parameters 'rem_low_intensity'/'used_for_open_search' that do not exist; the real knob is the integer 'number_of_final_peaks',"Fix the @param/@p references in the doc to describe 'number_of_final_peaks' (0 = no filtering; 1000 recommended for open search, else 5000). Doc-only change, no signature change. ABI: none."
PROC-2,B5,PROCESSING,low,const-correctness,breaking,src/openms/include/OpenMS/PROCESSING/CENTROIDING/PeakPickerIM.h,PeakPickerIM::pickIMTraces,"pickIMTraces is non-const while sibling pickIMCluster/pickIMElutionProfiles are const, despite all three being in-place transforms that do not mutate the picker's logical state","Make pickIMTraces (and its private helpers) const for symmetry. This is source-compatible for callers (a non-const object can still call a const method) but changes the member function signature. ABI: breaking (mangled name changes). If strict ABI must be kept, add a const overload."
PROC-4,B5,PROCESSING,low,inconsistent-convention,none,src/openms/include/OpenMS/PROCESSING/CENTROIDING/PeakPickerIterative.h,PeakPickerIterative (defaults),"User-facing parameter names carry a trailing underscore ('signal_to_noise_', 'sn_bin_count_', 'nr_iterations_', 'sn_win_len_'), the C++ private-member convention, breaking the established param naming","Rename the keys to drop the trailing underscore. This is a user-visible/INI-breaking change, so ideally register the new names while accepting the old as deprecated aliases. ABI: none (string keys), but behavior/INI breaking — handle with alias + deprecation."
PROC-7,B5,PROCESSING,low,surprising-default,none,src/openms/include/OpenMS/PROCESSING/CENTROIDING/PeakPickerHiRes.h,"PeakPickerHiRes::pick(const MSSpectrum&, MSSpectrum&, std::vector<PeakBoundary>&, bool)","The 'check_spacings' default differs by overload (true for MSSpectrum, false for MSChromatogram/Mobilogram) — same-named bool flag with opposite defaults depending on container type","This is intentional and is documented inline ('yes for spectra, no for chromatograms'); keep but ensure the asymmetry is highlighted at the parameter, not only buried in the @param text, since it is an easy silent-bug source when call sites are copied. ABI: none (doc clarification only)."
PROC-8,B5,PROCESSING,low,inconsistent-convention,none,src/openms/include/OpenMS/PROCESSING/DEISOTOPING/Deisotoper.h,Deisotoper::deisotopeAndSingleCharge,"The two deisotope overloads default 'min_isopeaks' inconsistently (3 here vs 2 in deisotopeWithAveragineModel), so switching algorithms silently changes cluster acceptance","Document the differing default explicitly (or align them). Doc-only or default-alignment; aligning the default is observably behavior-breaking, so prefer documenting. ABI: none."
PROC-9,B5,PROCESSING,low,unit-or-index,source-compatible,src/openms/include/OpenMS/PROCESSING/CENTROIDING/PeakPickerIterative.h,PeakCandidate::mz,"PeakCandidate stores the m/z centroid in a 'float mz' field (single precision) while the weighted m/z is computed in double, silently truncating high-resolution m/z accuracy","Change 'float mz' to 'double mz' to match the precision of the computation and the borders. This is an internal struct (declared in the public header but used only by the algorithm); ABI: source-compatible for users who do not use PeakCandidate directly, but the struct layout changes."
PROC-12,B5,PROCESSING,low,return-value,none,src/openms/source/PROCESSING/SMOOTHING/FastLowessSmoothing.cpp,FastLowessSmoothing::lowess,int return looks like a success/error status but is not one; degenerate n<2 input returns 1 and silently leaves result mostly zero,"Document the return value explicitly (or change to void, since callers do not use it) and invert the convention so failure is signaled clearly, or throw on n<2 instead of partially filling result. Changing the signature to void is ABI-breaking; the ABI-safe fix is a @return doc clarification plus making the n<2 case fill result consistently (e.g. result.assign(n, y[0]) or throw)."
PROC-14,B5,PROCESSING,low,return-value,none,src/openms/include/OpenMS/PROCESSING/SMOOTHING/GaussFilterAlgorithm.h,GaussFilterAlgorithm::filter,"bool return means 'any nonzero output was produced', not 'filtering succeeded' as the name suggests",Rename the return concept in docs to 'returns true if any non-zero signal remained after filtering' (the brief currently says nothing about the return). ABI-safe doc fix; do not change the bool meaning since the GaussFilter wrapper depends on it.
PROC-24,B5,PROCESSING,low,silent-failure,source-compatible,src/openms/include/OpenMS/PROCESSING/CALIBRATION/MZTrafoModel.h,MZTrafoModel::predict,predict() reads coeff_[0..2] with no trained/empty check; on an untrained model it is out-of-bounds UB despite the class providing isTrained()/isValidModel(),"Add `if (!isTrained()) throw Exception::Precondition(...)` (or OPENMS_PRECONDITION) at the top of predict(), mirroring getCoefficients(). Source-compatible; ABI unchanged."
PROC-25,B5,PROCESSING,low,const-correctness,breaking,src/openms/include/OpenMS/PROCESSING/CALIBRATION/MZTrafoModel.h,MZTrafoModel::getCoefficients,"getCoefficients() is a read-only accessor but is non-const, so it cannot be called on a const MZTrafoModel","Add `const` to the declaration and definition. This is technically an ABI break (mangled name changes), but it is additive in spirit and source-compatible for all existing callers; if strict ABI must be preserved, add a const overload."
PROC-29,B5,PROCESSING,low,silent-failure,none,src/openms/include/OpenMS/PROCESSING/NOISEESTIMATION/SignalToNoiseEstimatorMedian.h,SignalToNoiseEstimatorMedian / SignalToNoiseEstimatorMeanIterative noise_for_empty_window,"Sparse/empty windows silently receive a fixed noise of 1e20 (=> S/N ~ 0) instead of being flagged, so unreliable estimates are indistinguishable from real near-zero S/N","Document this prominently in getSignalToNoise()'s contract, or expose a per-point 'was-sparse' flag. At minimum the base-class getSignalToNoise() @note should mention the sentinel behavior. Additive (new query method); ABI-safe."
PROC-30,B5,PROCESSING,low,inconsistent-convention,none,src/openms/include/OpenMS/PROCESSING/NOISEESTIMATION/SignalToNoiseEstimatorMedian.h,SignalToNoiseEstimatorMedian::computeSTN_ vs SignalToNoiseEstimatorMeanIterative::computeSTN_,"Sibling S/N estimators use different position accessors and window-boundary inequalities (getPos() with <= vs getMZ() with <), so the median and mean-iterative estimators define the sliding window inconsistently",Unify the position accessor and boundary convention across the two estimators (pick getMZ() or getPos() and one inequality). Behavioral; keep defaults so existing numeric expectations are reviewed. ABI unaffected (protected/templated).
PROC-35,B5,PROCESSING,low,other,none,src/openms/include/OpenMS/PROCESSING/MISC/SplineInterpolatedPeaks.h,SplineInterpolatedPeaks::getNavigator,"getNavigator() documentation tells callers to check getSplineCount(), a method that does not exist",Update the doc to reference size(). Comment-only change; source- and ABI-compatible.
PROC-36,B5,PROCESSING,low,implicit-conversion,source-compatible,src/openms/include/OpenMS/PROCESSING/MISC/SplineInterpolatedPeaks.h,"SplineInterpolatedPeaks::SplineInterpolatedPeaks(const MSSpectrum&) / (const MSChromatogram&) / (const std::vector<double>&, const std::vector<double>&)","Single-argument constructors are non-explicit, enabling implicit MSSpectrum/MSChromatogram -> SplineInterpolatedPeaks conversions",Mark the single-argument constructors `explicit`. This is source-compatible for normal direct-initialization usage but could break code relying on implicit conversion; do it in a minor release. No vtable/layout change.
MATH-1,B6,MATH,low,misleading-name,none,src/openms/include/OpenMS/MATH/MISC/SplineBisection.h,Math::spline_bisection,"""find the maximum point"" actually brackets an arbitrary stationary point assuming a hardcoded left-edge derivative sign; can return a minimum","Document the precondition (caller must supply a bracket where the spline has a single interior maximum and positive slope at the left edge), or compute the actual sign via `peak_spline.derivative(left_neighbor_mz)` instead of hardcoding true, and/or rename to spline_find_stationary_point. ABI-safe to add a sign check; renaming is source-breaking."
MATH-6,B6,MATH,low,return-value,none,src/openms/include/OpenMS/MATH/MISC/BSplineSmoothingSpline.h,BSplineSmoothingSpline::smoothing_param / num_interior_knots / rss,"smoothing_param() returns the resolved/auto-computed s, not the s the caller passed; the accepted RSS may exceed it","Document that smoothing_param() returns the effective (possibly auto) s and that the achieved rss() may exceed s by the internal tolerance, or tighten the acceptance to rss <= s_target. Doc/impl change only."
MATH-12,B6,MATH,low,param-order-or-bool,none,src/openms/include/OpenMS/MATH/STATISTICS/Histogram.h,Math::Histogram::getCumulativeHistogram,"Two bare bool flags (complement, inclusive) with inverted/non-obvious meaning at the call site","Replace the bool pair with named enums (e.g. enum class Direction {Ascending, Descending}; enum class Bound {Inclusive, Exclusive}) via an additive overload, and document the survival-vs-cumulative meaning of 'complement'. Additive overload is ABI-safe."
MATH-13,B6,MATH,low,documentation-gap,none,src/openms/include/OpenMS/MATH/STATISTICS/MultipleTesting.h,Math::MultipleTesting::pEmp,"pEmp clamps every empirical p-value up to a floor of 1/m0, so it never returns 0 even for a statistic beyond all nulls","Document the 1/m0 lower bound in the brief (it mirrors qvalue::empPvals in R, but the floor must be stated). Doc-only; ABI-safe."
MATH-17,B6,MATH,low,misleading-name,source-compatible,src/openms/include/OpenMS/MATH/STATISTICS/GaussFitter.h,GaussFitter::fit,"fit() takes a non-const vector& documented as [in,out] but never modifies the input points",Change the parameter to `const std::vector<DPosition<2>>&` to match GammaDistributionFitter and the actual behavior (source-compatible for most callers but technically an overload/signature change; can also just add a const-ref overload). At minimum correct the doc to [in].
MATH-18,B6,MATH,low,documentation-api-contract-mismatch,source-compatible,src/openms/include/OpenMS/MATH/STATISTICS/GumbelDistributionFitter.h,GumbelDistributionFitter::fit,"fit() documents getGnuplotFormula() but no such method exists, and non-const& 'points' is not modified",Remove the getGnuplotFormula() promise from the class doc (it was likely copied from PosteriorErrorProbabilityModel). Make the points parameter const-ref or relabel [in]. Doc/const-ref change is source-compatible; the const-ref overload signature change is ABI-breaking.
MATH-20,B6,MATH,low,misleading-name,none,src/openms/include/OpenMS/MATH/STATISTICS/PosteriorErrorProbabilityModel.h,PosteriorErrorProbabilityModel::getGumbel_,"Public static getGumbel_ computes a Gumbel density but takes a GaussFitResult, reinterpreting x0/sigma as Gumbel location/scale",Move getGumbel_ to the private section (it is an internal helper) or rename without the underscore and accept a GumbelDistributionFitResult to make the parameter semantics explicit. Moving to private is ABI-breaking; renaming is too. A doc note on the public declaration is source-compatible.
MATH-22,B6,MATH,low,misleading-name,none,src/openms/include/OpenMS/MATH/STATISTICS/PosteriorErrorProbabilityModel.h,PosteriorErrorProbabilityModel::getIncorrectlyAssignedFitResult / getIncorrectlyAssignedGumbelFitResult,Doc comments on the incorrectly-assigned getters say they return parameters for 'correctly assigned' sequences (copy-paste),"Correct the two incorrectly-assigned getters' doc comments to say 'incorrectly assigned'. Doc-only, fully ABI/source compatible."
MATH-23,B6,MATH,low,implicit-conversion,none,src/openms/include/OpenMS/MATH/STATISTICS/GumbelMaxLikelihoodFitter.h,GumbelMaxLikelihoodFitter::GumbelMaxLikelihoodFitter(GumbelDistributionFitResult),"Single-argument constructor is non-explicit (and mislabeled 'Default constructor'), allowing implicit GumbelDistributionFitResult -> GumbelMaxLikelihoodFitter conversion",Mark the single-arg constructor `explicit` and fix the comment to '/// Constructor with initial parameters'. Adding explicit is source-compatible for intended (direct-init) callers and does not change ABI.
MATH-24,B6,MATH,low,documentation-clarity,none,src/openms/include/OpenMS/MATH/STATISTICS/PosteriorErrorProbabilityModel.h,PosteriorErrorProbabilityModel::fit,fit() sorts and shifts the caller's score vector in place (documented only in a trailing @note),"Elevate the in-place sort/shift from a @note to the @param description (it is the primary surprise of the [in,out] contract), or operate on an internal copy. Documentation change is fully compatible; copy-internally is a source-compatible behavior change."
ML-1,B6,ML,low,silent-failure,none,src/openms/include/OpenMS/ML/CLUSTERING/EuclideanSimilarity.h,"EuclideanSimilarity::operator()(const std::pair<float,float>&)",Self-similarity documented to 'yield 0' actually returns 1.0,"Fix the documentation to state the self-similarity yields 1 (maximum similarity). Do not change the return value; the class is a similarity functor and ClusterHierarchical relies on values in [0,1] with 1==identical. ABI-safe doc-only fix."
ML-3,B6,ML,low,hidden-side-effect,none,src/openms/include/OpenMS/ML/CLUSTERING/ClusterFunctor.h,ClusterFunctor::operator(),cluster_tree output is annotated [in] and is cleared/overwritten by the functor,"Change the Doxygen annotations on the base class and the two siblings from [in] to [out] for cluster_tree. Doc-only, ABI-safe."
ML-6,B6,ML,low,const-correctness,breaking,src/openms/include/OpenMS/ML/CLUSTERING/ClusterAnalyzer.h,ClusterAnalyzer::averagePopulationAberration / cut,Read-only analyzer methods are non-const and take tree by non-const reference despite not modifying it,"Mark the analyzer methods const and take tree by const reference. This is source-compatible for most callers but technically an ABI/signature change (mangled names change), so schedule it for a minor-version API break or provide const overloads."
ML-7,B6,ML,low,misleading-name,none,src/openms/include/OpenMS/ML/CLUSTERING/EuclideanSimilarity.h,EuclideanSimilarity::setScale,setScale Doxygen brief is a copy-paste 'clusters the indices...' unrelated to setting a scale,"Replace the @brief with an accurate description (e.g. 'sets the normalization scale used to map distance to similarity'). Doc-only, ABI-safe."
ML-11,B6,ML,low,surprising-throw,none,src/openms/include/OpenMS/ML/CLUSTERING/ClusteringGrid.h,ClusteringGrid::getIndex,getIndex throws IllegalArgument for out-of-grid positions but documents no throw,"Document the @throw Exception::IllegalArgument on getIndex (doc-only, ABI-safe). Align the throw/no-throw contracts between getIndex and isNonEmptyCell so they are not inverted."
ML-13,B6,ML,low,missing-documentation,none,src/openms/include/OpenMS/ML/CLUSTERING/HashGrid.h,HashGrid::grid_dimension,grid_dimension is a public const reference that silently mutates and never shrinks (high-water mark),"Document grid_dimension as a monotonic high-water mark that is not reduced by erase/clear, and that it is the largest cell index ever inserted (not current extent). Prefer exposing it via an accessor rather than a public const reference. Doc-only fix is ABI-safe; replacing the public reference with a getter is breaking."
ML-14,B6,ML,low,asymmetric-api,none,src/openms/include/OpenMS/ML/CLUSTERING/HashGrid.h,HashGrid::erase(iterator),erase(iterator) leaves empty cells in the grid while insert/size assume cleanup; asymmetric with map semantics,"Document that empty cells persist after erase (and that grid iteration may visit empty cells), or remove the cell when it becomes empty to match ClusteringGrid. Documentation fix is ABI-safe; the behavior change could affect iterator stability so gate carefully."
ML-22,B6,ML,low,hidden-side-effect,breaking,src/openms/include/OpenMS/ML/ROCCURVE/ROCCurve.h,ROCCurve::AUC / rocN / curve / cutoffPos / cutoffNeg,Query/getter methods are non-const and mutate internal state (sort + overwrite pos_/neg_),"Make these methods const with the sort cache stored in mutable members (sorted_ is already a member), and stop overwriting pos_/neg_ inside AUC() (compute locals). ABI-breaking if signatures change to const; the additive minimum is to remove the pos_/neg_ reassignment in AUC()."
ML-24,B6,ML,low,inconsistent-convention,none,src/openms/include/OpenMS/ML/CROSSVALIDATION/CrossValidation.h,CrossValidation::gridSearch1D,Doxygen for gridSearch1D describes a bool 'prefer_larger' parameter that does not exist,"Fix the doc to reference tie_break / CandidateTieBreak. Pure documentation change, source- and ABI-compatible."
COMP-2,B6,COMPARISON,low,misleading-name,breaking,src/openms/include/OpenMS/COMPARISON/BinnedSharedPeakCount.h,BinnedSharedPeakCount::precursor_mass_tolerance_,"Dead, uninitialized 'precursor_mass_tolerance_' member suggests a tolerance feature that does not exist","Remove the unused member (binary-incompatible: changes class layout). If ABI must be preserved short-term, at minimum initialize it (= 0.0) and document that it is unused/reserved; but the clean fix is deletion in the next ABI-breaking window since it is protected state that misleads subclassers and readers."
COMP-5,B6,COMPARISON,low,silent-failure,source-compatible,src/openms/include/OpenMS/COMPARISON/BinnedSpectrumCompareFunctor.h,BinnedSpectrumCompareFunctor (base class doc),Base-class doc promises a 'normalized' parameter that none of the concrete functors actually register,"Either register the documented 'normalized' boolean parameter in each subclass's defaults (additive, source-compatible), or remove the misleading sentence from the base-class documentation (doc-only). Prefer aligning code with doc since the claim is part of the public contract."
COMP-10,B6,COMPARISON,low,return-value,none,src/openms/source/COMPARISON/SteinScottImproveScore.cpp,"SteinScottImproveScore::operator()(const PeakSpectrum&, const PeakSpectrum&)",Similarity can be negative and is silently floored to 0 below a threshold,Document that the returned value may be negative before thresholding and that sub-threshold scores are floored to 0; consider exposing whether thresholding occurred. Doc-only fix; ABI-neutral.
COMP-13,B6,COMPARISON,low,api-consistency,none,src/openms/include/OpenMS/COMPARISON/SpectrumCheapDPCorr.h,SpectrumCheapDPCorr::getPeakMap / lastconsensus,getPeakMap returns a copy by value while lastconsensus returns a const reference,Make the convention consistent and document the lifetime of lastconsensus()'s reference (invalidated on next call). Changing return types is source-compatible/breaking depending on direction; documenting is ABI-neutral.
QC-1,B7,QC,low,misleading-name,none,src/openms/include/OpenMS/QC/FWHM.h,FWHM,"FWHM class-level documentation describes m/z error calibration, not FWHM","Fix the class-level Doxygen to describe FWHM propagation (peak full-width-half-maximum), matching compute()'s own brief. Documentation-only change. No ABI impact."
QC-2,B7,QC,low,misleading-name,none,src/openms/include/OpenMS/QC/MissedCleavages.h,MissedCleavages::compute,Class doc promises 'FWHM' and 'mass' metavalue annotation that compute() never writes,"Either remove the 'FWHM' and 'mass' bullets from the class doc (documentation-only, no ABI impact) or, if the annotations are intended, add the setMetaValue calls. The doc fix is the safe additive change."
QC-5,B7,QC,low,const-correctness,source-compatible,src/openms/include/OpenMS/QC/Contaminants.h,Contaminants::getResults,"getResults() is non-const, breaking the const-getter convention of every sibling QC metric",Add const to getResults(). This is source-compatible for nearly all callers (const member function is callable on non-const objects) but is technically an ABI-breaking signature change for the symbol; safe to do at a minor version. Mark abi as source-compatible since callers recompile cleanly.
QC-12,B7,QC,low,surprising-default,source-compatible,src/openms/include/OpenMS/QC/QCBase.h,QCBase::Requires::NOTHING,Requires::NOTHING is not the empty/zero flag: Status(Requires::NOTHING) sets bit 0 and is non-empty,"Document clearly that NOTHING must never be used to build a Status (use a default-constructed Status() for 'no requirements'), or reserve enum value 0 as an unused sentinel and start real flags at 1. Doc/constant change is source-compatible; reordering the enum is breaking."
QC-14,B7,QC,low,silent-failure,none,src/openms/include/OpenMS/QC/PSMExplainedIonCurrent.h,PSMExplainedIonCurrent::compute,"compute() silently pushes a zero-score Statistics{} when the FeatureMap has no PeptideIDs, indistinguishable from a real result","Either skip pushing a result (so getResults() size reflects only computed metrics) or throw/flag the no-ID case, consistent with the all-spectra-failed throw later in the same function. Behavior change; gate behind doc update."
QC-15,B7,QC,low,hidden-side-effect,source-compatible,src/openms/include/OpenMS/QC/RTAlignment.h,RTAlignment::compute,"compute() writes six undocumented feature-level meta values (rt_align_start/end, rt_raw_start/end, rt_align, rt_raw) beyond the documented PepID-only rt_raw/rt_align","Update the class/method documentation to list the feature-level meta values written (rt_align, rt_raw and the *_start/*_end bounding-box variants). Source-compatible doc fix; no signature change."
QC-17,B7,QC,low,unit-or-index,none,src/openms/include/OpenMS/QC/Ms2IdentificationRate.h,Ms2IdentificationRate::IdentificationRateData::identification_rate,"Field named 'identification_rate' / metric 'MS2 Identification Rate' is a 0..1 fraction, but mzTab export silently multiplies by 100 (percent)",Document the field's unit (fraction 0..1) on IdentificationRateData and note the mzTab serialization uses percent; or unify the units. Source-compatible doc fix.
QC-18,B7,QC,low,hidden-side-effect,none,src/openms/include/OpenMS/QC/MQExporterHelper.h,MQExporterHelper::isValid,isValid() is a read-only-sounding predicate that creates and deletes a file on disk as a side effect,Rename to reflect the probe (e.g. isWritable/canWrite) or document the create+delete side effect explicitly in the header. Additive/safe fix: update the doc comment to state it probes by creating and removing the file. abi_impact none for a doc fix; a rename would be source-compatible if the old name is kept as a deprecated alias.
QC-19,B7,QC,low,misleading-name,none,src/openms/include/OpenMS/QC/MQExporterHelper.h,MQExporterHelper::isValid,"isValid doc claims it checks 'the path in the ctor', but the parameter is a filename and call sites pass a directory, so it validates inconsistent things","Clarify the parameter contract (file path, not directory) in the doc and rename the parameter from filename_ (which uses the OpenMS private-member underscore convention on a public static arg). abi_impact none."
QC-21,B7,QC,low,partial-output-on-documented-throw,none,src/openms/include/OpenMS/QC/MQEvidenceExporter.h,MQEvidence::exportFeatureMap,exportFeatureMap throws mid-export after partially writing rows when a feature lacks a ConsensusFeature,"Document that partial output may remain on throw, and/or validate the full feature-to-CF mapping before writing any rows. Behavioral hardening is source/ABI compatible."
QC-22,B7,QC,low,inconsistent-convention,source-compatible,src/openms/include/OpenMS/QC/MQExporterHelper.h,"MQExporterHelper::hasValidPepID_, hasPeptideIdentifications_, makeFeatureUIDtoConsensusMapIndex_, proteinGroupID_","Public API uses the OpenMS trailing-underscore private-member naming convention, signaling 'internal' for callable API",Drop the trailing underscore from the public names (provide deprecated aliases for source compatibility) or move genuinely-internal ones to a detail/private scope. abi_impact source-compatible with aliases.
SYST-1,B7,SYSTEM,low,incorrect-documentation,none,src/openms/include/OpenMS/SYSTEM/SysInfo.h,SysInfo::getProcessMemoryConsumption / SysInfo::getProcessPeakMemoryConsumption,Windows doc comments for current-vs-peak memory are swapped relative to the implementation,Swap the two doc comments so the names and Task-Manager descriptions agree with the code (Working Set vs Peak Working Set). Pure comment fix; no signature change.
SYST-4,B7,SYSTEM,low,hidden-side-effect,none,src/openms/source/SYSTEM/SysInfo.cpp,SysInfo::MemUsage::delta / SysInfo::MemUsage::usage,delta()/usage() use mem_after==0 as 'not recorded yet' sentinel and silently re-sample,"Track a separate bool 'after_recorded_' flag instead of overloading mem_after==0 as a sentinel. Adds a private member (recompile of TU); for ABI, can be done additively in a minor release."
SYST-5,B7,SYSTEM,low,documentation,none,src/openms/include/OpenMS/SYSTEM/File.h,File::empty,"empty() returns true for a non-existent file AND for a directory, conflating 'absent', 'is-a-dir' and 'zero bytes'",Documented for the missing-file case but not for directories/errors. Either extend the doc to explicitly state 'returns true for directories and on any stat error' or split into exists()/size-based checks at call sites. Doc-only change is ABI-safe.
SYST-7,B7,SYSTEM,low,misleading-documentation,none,src/openms/include/OpenMS/SYSTEM/StopWatch.h,StopWatch::operator< / <= / > / >= (vs operator==),"Relational operators compare only CPU time while == compares all three times plus running state, so ordering is inconsistent with equality","Fix the header to state that ordering is by CPU time only (doc-only, ABI-safe), or make the operators consistent with the documented all-timings semantics. Do not leave the documented contract contradicting the code."
SYST-10,B7,SYSTEM,low,misleading-diagnostics,none,src/openms/include/OpenMS/SYSTEM/RWrapper.h,RWrapper::findR,"findR ignores the user-supplied `executable` name in all of its diagnostics, always reporting 'Rscript'","ABI-safe: substitute the `executable` parameter into the log/error strings instead of the literal 'Rscript'. Pure implementation fix, no signature change."
APPL-2,B7,APPLICATIONS,low,hidden-side-effect,none,src/openms/include/OpenMS/APPLICATIONS/SearchEngineBase.h,SearchEngineBase::getRawfileName,"getRawfileName() opens and scans the entire input mzML and can throw, despite a getter name","Rename to something verb-like that signals work (e.g. resolveAndValidateRawFile_) or document prominently in one line that the call parses the file and may throw. The throwing behavior IS documented in the header @throws block, so this is borderline; the name is the residual surprise. Renaming is source-breaking (protected; few callers), so prefer keeping name + keeping the @throws doc; flag only the name/I/O mismatch."
APPL-4,B7,APPLICATIONS,low,lifecycle-precondition,none,src/openms/include/OpenMS/APPLICATIONS/TOPPBase.h,TOPPBase::getToolPrefix,getToolPrefix()/getIniLocation_() yield 'ToolName:-1:' before main() assigns the instance number,"Document that getToolPrefix()/getIniLocation_() are only valid after main()/command-line parsing has run, or assert instance_number_>=0. Documentation/assertion is ABI-neutral."
APPL-5,B7,APPLICATIONS,low,misleading-name,none,src/openms/include/OpenMS/APPLICATIONS/INIUpdater.h,INIUpdater::getNewToolName,getNewToolName returns the unchanged name (and true) for tools that were never renamed,"Document that true means 'a resolvable current tool name was produced (possibly identical to old_name)', not 'renamed'. Documentation-only; ABI-neutral. The header comment is also a C-style /* */ block (won't render in Doxygen) and lacks @param/@return for new_name."
IONM-1,B7,IONMOBILITY,low,documentation-contract-mismatch,none,src/openms/include/OpenMS/IONMOBILITY/IMDataConverter.h,IMDataConverter::reshapeIMFrameToMany,Documented MissingInformation throw is skipped for an empty input spectrum,"Either document the empty-input early-return as an explicit exception to the throw contract, or validate IM data presence before the empty short-circuit. Behavior-only change for the empty edge case; pick the documentation fix to stay ABI-safe."
IONM-2,B7,IONMOBILITY,low,silent-failure,none,src/openms/include/OpenMS/IONMOBILITY/IMTypes.h,IMTypes::oneOverK0ToCCS / IMTypes::ccsToOneOverK0,buffer_gas_mass is not validated; non-positive values yield NaN/garbage silently,Add `buffer_gas_mass <= 0.0` to the existing InvalidValue guard in both functions. Behavior change only for already-invalid input; ABI-safe.
IONM-3,B7,IONMOBILITY,low,silent-failure,none,src/openms/include/OpenMS/IMAGING/MSImagingGeometry.h,MSImagingGeometry::addPixel,Bounds checking is fully disabled whenever width OR height is 0,"Treat any set dimension independently: validate x against width_ when width_>0 and y against height_ when height_>0, instead of gating on both being non-zero. ABI-safe behavior tightening (only rejects coordinates that were already conceptually out of range)."
IONM-5,B7,IONMOBILITY,low,return-value,none,src/openms/include/OpenMS/INTERFACES/DataStructures.h,Interfaces::SpectrumMeta,Default-constructed SpectrumMeta leaves RT and ms_level uninitialized,Add in-class member initializers (`double RT = 0.0; int ms_level = 0;`) or extend the ctor init list. Source-compatible; changes only previously-indeterminate values.
IONM-6,B7,IONMOBILITY,low,uninitialized-member,none,src/openms/include/OpenMS/INTERFACES/DataStructures.h,Interfaces::ChromatogramMeta,Default-constructed ChromatogramMeta leaves precursor/product isolation targets uninitialized,Add in-class initializers (`double precursor_isolation_target = 0.0; double product_isolation_target = 0.0;`). Source-compatible.
