RT	mz	inty	IM
60.405	49.9763	0.0	0.21700211
60.405	49.9763	0.0	0.48825476
60.405	49.9763	0.0	0.54250526
60.405	49.9763	0.0	0.65100634
60.405	49.9763	0.0	0.7052569
