i	i_norm	i_tic_norm	mz	scan	rt	polarity	IM
0.0	0.0	0.0	49.97629928588867	1	1.00675	1	0.0
0.0	0.0	0.0	49.97629928588867	1	1.00675	1	0.0
0.0	0.0	0.0	49.97629928588867	1	1.00675	1	0.0
0.0	0.0	0.0	49.97629928588867	1	1.00675	1	0.0
0.0	0.0	0.0	49.97629928588867	1	1.00675	1	0.0
