i	i_norm	i_tic_norm	mz	scan	rt	polarity	IM
0.0	0.0	0.0	49.976299	1	1.00675	1	0.217002
0.0	0.0	0.0	49.976299	1	1.00675	1	0.488255
0.0	0.0	0.0	49.976299	1	1.00675	1	0.542505
0.0	0.0	0.0	49.976299	1	1.00675	1	0.651006
0.0	0.0	0.0	49.976299	1	1.00675	1	0.705257
